事件编号,事件描述,真实分类,predicted_category,confidence
BYW202505010001,#长效关注#我是出租车司机浙BT3537，有乘客不肯付车费有纠纷。183****9987 #非警务#纠纷事项#消费问题#报警电话:183****9987,消费纠纷,消费纠纷,0.9
BYW202505010002,我是出租车司机（浙BT3537），有乘客不肯付车费有纠纷。183****9987 #非警务#纠纷事项#司乘（代驾）问题#报警电话:183****9987,消费纠纷,消费纠纷,0.9
BYW202505010003,#长效关注#物业给我停水停电引起纠纷，需要调解 #非警务#纠纷事项#物业管理问题#报警电话:180****1608,物业管理纠纷,物业管理纠纷,0.9
BYW202505010004,#长效关注#180****1608物业给我停水停电引起纠纷，需要调解（辅助下单：来电咨询出警，告知已通知） #非警务#纠纷事项#物业管理问题#报警电话:180****1608,物业管理纠纷,物业管理纠纷,0.9
BYW202505010005,#长效关注#有个客人在美团订了十几间房，现在要加价卖给其他客人，我们劝导他不听，在前台闹，电话186****0831 #非警务#纠纷事项#消费问题#报警电话:186****0831,消费纠纷,消费纠纷,0.9
BYW202505010006,#长效关注#对面店里的人老是我门口投喂流浪猫，也不收拾，导致苍蝇一堆，让对方不要投喂对方不肯，有纠纷159****5858 #非警务#纠纷事项#邻里问题#报警电话:159****5858,邻里纠纷,邻里纠纷,0.9
BYW202505010007,#长效关注#我来旅游订了一个酒店，发现入住的酒店和实际不符，有纠纷153****3947 #非警务#纠纷事项#消费问题#报警电话:153****3947,消费纠纷,消费纠纷,0.9
BYW202505010008,#长效关注#我在喂猫，对方叫我不要喂，还用手机拍我引起纠纷186****1766 #非警务#纠纷事项#其他纠纷事项#报警电话:186****1766,其他纠纷,狗患纠纷,0.9
BYW202505010009,#长效关注#我在喂猫，对方叫我不要喂，还用手机拍我引起纠纷186****1766 来电催促 #非警务#纠纷事项#其他纠纷事项#报警电话:186****1766,其他纠纷,狗患纠纷,0.9
BYW202505020401,#长效关注#店里的人比较多，报警人电话：155****0083 #非警务#纠纷事项#其他纠纷事项#报警电话:155****0083,其他纠纷,其他纠纷,0.9
BYW202505020402,#长效关注#因为抢凳子引起纠纷，要求处理，报警人电话：152****9668 #非警务#纠纷事项#其他纠纷事项#报警电话:152****9668,其他纠纷,口角琐事纠纷,0.9
BYW202505020403,#长效关注#因为抢凳子引起纠纷，要求处理，报警人电话：152****9668 #非警务#纠纷事项#其他纠纷事项#报警电话:152****9668,其他纠纷,口角琐事纠纷,0.9
BYW202505020404,老板不给工资，现引起纠纷，联系电话177****9792（请出警单位或出警人员接到指令后5分钟内尽快联系报警人）。 #非警务#纠纷事项#劳资问题#报警电话:177****9792,劳动人事（就业）纠纷,劳动人事（就业）纠纷,0.9
BYW202505020405,#长效关注#老板不给工资，现引起纠纷，联系电话177****9792（未到场，来电催促） #非警务#纠纷事项#劳资问题#报警电话:177****9792,劳动人事（就业）纠纷,劳动人事（就业）纠纷,0.9
BYW202505020406,#长效关注#秒挂，回拨称租房钱付完需要退钱，有纠纷，电话159****9566。 #非警务#纠纷事项#租赁问题#报警电话:159****9566,债务纠纷,消费纠纷,0.9
BYW202505030001,因为过夜费的问题有纠纷135****1225 #非警务#纠纷事项#消费问题#报警电话:135****1225,经济纠纷,消费纠纷,0.9
BYW202505030002,#长效关注#两户人家有点摩擦，需要协调159****8719 #非警务#纠纷事项#邻里问题#报警电话:159****8719,邻里纠纷,邻里纠纷,0.9
BYW202505030003,#长效关注#两户人家有点摩擦，需要协调159****8719（已电告海曙分局）（辅助下单，来电催促） #非警务#纠纷事项#邻里问题#报警电话:159****8719,邻里纠纷,邻里纠纷,0.9
BYW202505030004,#长效关注#来电称楼上的邻居一直在敲，影响我有纠纷。159****0851 #非警务#纠纷事项#邻里问题#报警电话:159****0851,邻里纠纷,邻里纠纷,0.9
BYW202505030005,#长效关注#衣服掉到楼下，我的老公下去拿，楼下邻居自己捡东西的时候撞到她自己的栏杆，现在过来说我们的责任有纠纷156****0638 #非警务#纠纷事项#邻里问题#报警电话:156****0638,邻里纠纷,邻里纠纷,0.9
BYW202505030006,#长效关注#我租了一个仓库，现发现仓库内的物品不见了，怀疑被物业的工作人员私自清空了，130****1826 #非警务#纠纷事项#物业管理问题#报警电话:130****1826,物业管理纠纷,物业管理纠纷,0.9
BYW202505030007,我打了一辆顺风车，和司机有纠纷，现在高架上，后与司机沟通下高架等157****8909 #非警务#纠纷事项#物业管理问题#报警电话:157****8909,消费纠纷,消费纠纷,0.9
BYW202505030008,我是酒店工作人员，有人住店不付钱引起纠纷。报警人电话151****5558 #非警务#纠纷事项#消费问题#报警电话:151****5558,消费纠纷,消费纠纷,0.9
BYW202505030009,因为五一期间酒店需要我补酒店费差价的问题，引起纠纷，我现在在708室 #非警务#纠纷事项#消费问题#报警电话:156****9486,消费纠纷,消费纠纷,0.9
BYW202505030010,我是酒店工作人员，有人住店不付钱引起纠纷。报警人电话151****5558 （来电需要民警到场处理） #非警务#纠纷事项#消费问题#报警电话:151****5558,消费纠纷,消费纠纷,0.9
BYW202505040001,#长效关注#因为邻居装修声音扰民，我让他晚一点装，对方不愿意，135****2375 #非警务#纠纷事项#邻里问题#报警电话:135****2375,邻里纠纷,噪声污染,0.9
BYW202505040002,#长效关注#辅助催促：因为邻居装修声音扰民，我让他晚一点装，对方不愿意，135****2375 #非警务#纠纷事项#邻里问题#报警电话:135****2375,邻里纠纷,噪声污染,0.9
BYW202505040003,#长效关注#我老公外甥没钱了，现在敲门问我们要钱。133****9364 #非警务#纠纷事项#家庭婚姻感情问题#报警电话:133****9364,家庭婚姻纠纷,家庭婚姻纠纷,0.9
BYW202505040004,#长效关注#对方欠我钱不还，现我在他家，报警人电话：186****4696 #非警务#纠纷事项#经济（债务）问题#报警电话:186****4696,债务纠纷,债务纠纷,0.9
BYW202505040005,#长效关注#我是房东，有租客不付房租。报警人电话：133****4473 #非警务#纠纷事项#租赁问题#报警电话:133****4473,债务纠纷,债务纠纷,0.9
BYW202505040006,#长效关注#我是房东，有租客不付房租。报警人电话：133****4473（23:16报警人来电称没有处理好，需要再次处理。） #非警务#纠纷事项#租赁问题#报警电话:133****4473,债务纠纷,债务纠纷,0.9
BYW202505050301,#长效关注#我已经交了租金，但是公寓方还是给我断电了，需要处理        182****6216 #非警务#纠纷事项#租赁问题#报警电话:182****6216,债务纠纷,消费纠纷,0.9
BYW202505050302,#长效关注#楼上邻居一直漏水到我家，联系邻居一直拖着不处理，联系物业也无果，报警人在现场，电话189****3365 #非警务#纠纷事项#邻里问题#报警电话:189****3365,邻里纠纷,邻里纠纷,0.9
BYW202505050303,187****7860保安报：对方不肯付停车费，堵路了，有纠纷需要处理 #非警务#纠纷事项#物业管理问题#报警电话:187****7860,消费纠纷,消费纠纷,0.9
BYW202505050304,#长效关注#158****2800：隔壁商家把污水泼到我家，双方有纠纷 #非警务#纠纷事项#其他纠纷事项#报警电话:158****2800,其他纠纷,邻里纠纷,0.9
BYW202505060001,外卖骑手报：我来取餐和老板引起纠纷。176****8851 #非警务#纠纷事项#物流（快递）问题#报警电话:176****8851,消费纠纷,消费纠纷,0.9
BYW202505060002,#长效关注#我是房东，租客违约并将房东弄的很乱，现有纠纷需要处理，报警人电话：180****1272 #非警务#纠纷事项#租赁问题#报警电话:180****1272,债务纠纷,债务纠纷,0.7
BYW202505060003,#长效关注#我们的车上被人贴了禁止停车的标记还撕不掉，现在已经联系物业查看监控，发现是我们小区邻居贴的，引起纠纷。150****4211 #非警务#纠纷事项#邻里问题#报警电话:150****4211,邻里纠纷,邻里纠纷,0.9
BYW202505060004,因为停车费问题，和物业有纠纷，需要协调。199****6837 #非警务#纠纷事项#物业管理问题#报警电话:199****6837,物业管理纠纷,物业管理纠纷,0.9
BYW202505060005,#长效关注#我在这里租了车，车用完了，我要求租车公司把多余的油钱退给我，双方有纠纷176****0090 #非警务#纠纷事项#租赁问题#报警电话:176****0090,债务纠纷,消费纠纷,0.9
BYW202505060006,因为修房子的事情引起，民工和我老婆正在吵架，报警人电话131****2877 #非警务#纠纷事项#经济（债务）问题#报警电话:131****2877,邻里纠纷,工程施工纠纷,0.9
BYW202505060007,#长效关注#我在这里租了车，车用完了，我要求租车公司把多余的油钱退给我，双方有纠纷176****0090(来电催促，地址在宝善路143弄3号租车公司) #非警务#纠纷事项#租赁问题#报警电话:176****0090,债务纠纷,消费纠纷,0.9
BYW202505060008,#长效关注#对方跟我们说五一有活动要办，让我们采购了很多设备，现在发现并没有这个活动，现双方人在一起，引起纠纷。139****2111 #非警务#纠纷事项#其他纠纷事项#报警电话:139****2111,其他纠纷,消费纠纷,0.9
BYW202505060009,#长效关注#对方跟我们说五一有活动要办，让我们采购了很多设备，现在发现并没有这个活动，现双方人在一起，引起纠纷。139****2111（请分局通知四平台） #非警务#纠纷事项#其他纠纷事项#报警电话:139****2111,其他纠纷,消费纠纷,0.9
BYW202505060010,物业不让我们安装窗户，引起纠纷。报警人电话：134****1602 #非警务#纠纷事项#物业管理问题#报警电话:134****1602,物业管理纠纷,物业管理纠纷,0.9
BYW202505060011,#长效关注#我的车子猫狗弄坏了，物业不给我处理，有纠纷189****1558 #非警务#纠纷事项#物业管理问题#报警电话:189****1558,物业管理纠纷,物业管理纠纷,0.9
BYW202505060401,张雪芬3306*****0920电话134****4283报警称：过年的时候楼下着火了我楼上被熏黑了，经营者王青玲4130*****1220电话133****8815一直不肯出面解决赔偿事宜，街道关注。,,经济纠纷,0.9
BYW202505060403,钟萍（3307*****0029，159****8719）称两户人家有点摩擦，需要协调，系俞圣慧（3302*****0925，87124042）敲打钟萍家水表边上的墙面里侧水管，俞圣慧怀疑钟萍偷用她家水，对俞圣慧的行为进行劝阻，需要物业，社区关注。,治安隐患纠纷,邻里纠纷,0.9
BYW202505060404,叶蔚（3302*****2443，159****0851）系报警人204室住户，反映304室住户中午敲打噪音扰民，社区关注。,邻里纠纷,噪声污染,0.9
BYW202505060406,阳光城81弄104室报警楼上倒垃圾，街道关注,邻里纠纷,公共秩序纠纷,0.9
BYW202505060601,71-1-105反映顶楼空调水滴到她们家楼下，电瓶车滴湿了。网格员与顶楼505业主联系，业主回复十几年了都这样出空调水，对着下面的花坛，他们的花坛改造成自己的私有地了，水怎么出。网格员多次与双方沟通无果，请街道协助调解。,工程施工纠纷,邻里纠纷,0.9
BYW202505070001,因为代驾司机倒车引起纠纷，需要处理       180****6667 #非警务#纠纷事项#司乘（代驾）问题#报警电话:180****6667,消费纠纷,消费纠纷,0.9
BYW202505070002,经济纠纷。137****8607 #非警务#纠纷事项#经济（债务）问题#报警电话:137****8607,其他纠纷,经济纠纷,0.9
BYW202505070003,因为停车场没位置了，现在这个女的故意浙B900X6堵在这里，151****5727 #非警务#纠纷事项#其他纠纷事项#报警电话:151****5727,经济纠纷,街面秩序,0.9
BYW202505070004,#长效关注#物业把我的车锁了不肯开锁，还让我付1000元押金。报警人电话：136****8886 #非警务#纠纷事项#物业管理问题#报警电话:136****8886,物业管理纠纷,物业管理纠纷,0.9
BYW202505070005,#长效关注#我是房东，中介违约，现双方有纠纷，报警电话：178****4530 #非警务#纠纷事项#租赁问题#报警电话:178****4530,经济纠纷,其他纠纷,0.9
BYW202505070101,荣安佳境消防改造时将64号门口坡道损坏，居民进出不方便，情绪激动，请街道协调处理,经济纠纷,损害赔偿纠纷,0.9
BYW202505070201,丰馨苑1幢4号304居民反映楼上404卫生间往下漏水，经走访后楼上404租户精神有异，难以沟通望上级部门配合处理-#邻里纠纷#,邻里纠纷,邻里纠纷,0.9
BYW202505080001,电话内在争吵，我是代驾，因费用问题和顾客引起纠纷，报警电话130****0857 #非警务#纠纷事项#司乘（代驾）问题#报警电话:130****0857,消费纠纷,消费纠纷,0.9
BYW202505080002,打麻将出老千，引起纠纷。137****5906 #非警务#纠纷事项#经济（债务）问题#报警电话:137****5906,债务纠纷,其他纠纷,0.9
BYW202505080003,我与送外卖的小哥因为口角问题，现在产生纠纷，报警人电话：139****6720 #非警务#纠纷事项#物流（快递）问题#报警电话:139****6720,消费纠纷,口角琐事纠纷,0.9
BYW202505080004,老人报警，家门口有很多狗屎，物业不肯来清理，有纠纷139****5299 #非警务#纠纷事项#物业管理问题#报警电话:139****5299,邻里纠纷,狗患纠纷,0.9
BYW202505080005,"老人报警，家门口有很多狗屎，物业不肯来清理，有纠纷139****5299
重复报警:报警时间:2025-05-08 07:53:35, 报警电话:139****5299, 联系电话:139****5299,（我是老年人，来电催促尽快到场） #非警务#纠纷事项#物业管理问题#报警电话:139****5299",邻里纠纷,狗患纠纷,0.9
BYW202505080006,房东报警，租客拖欠了一个月的房租不交，有纠纷，138****3328 #非警务#纠纷事项#租赁问题#报警电话:138****3328,经济纠纷,债务纠纷,0.9
BYW202505080007,房东报警，租客拖欠了一个月的房租不交，有纠纷，138****3328 #非警务#纠纷事项#租赁问题#报警电话:138****3328,经济纠纷,债务纠纷,0.9
BYW202505080008,有个阿姨有点老年痴呆，之前让我们做好裤子，她已经拿走了，现在又来问我们拿了，139****6043 #非警务#纠纷事项#消费问题#报警电话:139****6043,其他纠纷,消费纠纷,0.9
BYW202505080009,昨晚喊了一个开锁的，有另外增收的费用，还有一个锁市场价30元，对方收了我280 对方发票也不给我开，有纠纷（报警电话130****7870） #非警务#纠纷事项#消费问题#报警电话:130****7870,消费纠纷,消费纠纷,0.9
BYW202505080010,#长效关注#我是滴滴车（浙B5L98X)，乘客让我送进小区，我不肯，有纠纷。151****8898 #非警务#纠纷事项#司乘（代驾）问题#报警电话:151****8898,消费纠纷,消费纠纷,0.9
BYW202505080011,我朋友没经过同意就把我车子抵押了。电话：138****4895 #非警务#纠纷事项#经济（债务）问题#报警电话:138****4895,经济纠纷,债务纠纷,0.9
BYW202505080101,白云街39弄11号305是直管公房，目前居住单身居民周芳平，其房屋结构一梯三户空间狭小，又房门经过前房客改装由内开改为外开，经常与邻居发生矛盾，请上级相关部门帮助解决。,邻里纠纷,邻里纠纷,0.9
BYW202505090201,137****8607房东报：因房租和电费问题与租客有纠纷 #非警务#纠纷事项#租赁问题#报警电话:137****8607,经济纠纷,其他纠纷,0.9
BYW202505090202,#长效关注#外卖员报：我来送外卖，回来的时候物业拦着不让我走，需要处理     130****1576 #非警务#纠纷事项#物流（快递）问题#报警电话:130****1576,消费纠纷,消费纠纷,0.9
BYW202505090203,因为房东不退押金有纠纷176****2570 #非警务#纠纷事项#租赁问题#报警电话:176****2570,经济纠纷,消费纠纷,0.9
BYW202505090204,#长效关注#5.2，我在奥创中心宁梅副食店被狗咬了，当时狗主人只支付了一针的疫苗，现在后续疫苗不愿意付。当时没报警。未说完挂断，回拨称报警人现在白云所门口，一定要求出警。 #非警务#纠纷事项#经济（债务）问题#报警电话:181****2592,债务纠纷,消费纠纷,0.9
BYW202505090205,来电称我在这吃夜宵，后认为老板多收我钱，现双方有纠纷，需要处理138****3418 #非警务#纠纷事项#消费问题#报警电话:138****3418,消费纠纷,消费纠纷,0.9
BYW202505090206,来电称我在这吃夜宵，后认为老板多收我钱，现双方有纠纷，需要处理138****3418 #非警务#纠纷事项#消费问题#报警电话:138****3418,消费纠纷,消费纠纷,0.9
BYW202505090207,辅助：来电称我在这吃夜宵，后认为老板多收我钱，现双方有纠纷，需要处理138****3418 #非警务#纠纷事项#消费问题#报警电话:138****3418,消费纠纷,消费纠纷,0.9
BYW202505090501,网格员接到居民反映，14幢605室租户晚上睡觉比较晚，经常发出刺耳的声音，影响休息，希望进行调解。-#（一件事）矛盾纠纷#,邻里纠纷,口角琐事纠纷,0.9
BYW202505090604,丽雅三网格接13幢12楼居民投诉，和物业提出家门口的烟杆坏掉要求维修，3年来物业一直未落实，从而和物业产生矛盾，要求介入调解。-#一格两群#,物业管理纠纷,物业管理纠纷,0.9
BYW202505090801,金翠翠（3412*****3448；135****5009）称共用车棚被人装门独占，需物业，社区出面协调处理。,邻里纠纷,物业管理纠纷,0.9
BYW202505100001,#长效关注#房东报警，公司的人在搬店内的东西，我让对方签字，对方不肯签，双方产生纠纷，报警人电话137****8607 #非警务#纠纷事项#租赁问题#报警电话:137****8607,债务纠纷,其他纠纷,0.9
BYW202505100002,我要进去，保安拦着我不让我进去，引起纠纷，报警人电话131****7212 #非警务#纠纷事项#物业管理问题#报警电话:131****7212,公共秩序纠纷,物业管理纠纷,0.9
BYW202505100003,我要进去，保安拦着我不让我进去，引起纠纷，报警人电话131****7212 #非警务#纠纷事项#物业管理问题#报警电话:131****7212,公共秩序纠纷,物业管理纠纷,0.9
BYW202505100004,#长效关注#我在这里存过钱，但是现在余额没有钱了，产生纠纷，报警人电话：130****0903。 #非警务#纠纷事项#其他纠纷事项#报警电话:130****0903,其他纠纷,金融纠纷,0.9
BYW202505100005,#长效关注#M6生鲜的工作人员来电称因为物业费问题与物业有纠纷，现物业不肯让我们搬走我们的东西，需要处理，报警人电话：131****3685 #非警务#纠纷事项#物业管理问题#报警电话:131****3685,物业管理纠纷,物业管理纠纷,0.9
BYW202505100006,#长效关注#我是房东，租房合同到期，店里的人不给我钥匙，产生纠纷。134****4813 #非警务#纠纷事项#租赁问题#报警电话:134****4813,债务纠纷,债务纠纷,0.7
BYW202505100007,#长效关注#我叫了个装修师傅，现在费用问题产生纠纷，报警人电话152****4559 #非警务#纠纷事项#经济（债务）问题#报警电话:152****4559,债务纠纷,消费纠纷,0.9
BYW202505100008,"#长效关注#我叫了个装修师傅，现在费用问题产生纠纷，报警人电话152****4559
重复报警:报警时间:2025-05-10 14:19:29, 报警电话:152****4559, 联系电话:152****4559, 报警内容:我叫了个装修师傅，现在费用问题产生纠纷，报警人电话152****4559
重复报警:报警时间:2025-05-10 14:42:33, 报警电话:152****4559, 联系电话:152****4559,3302*****00544 #非警务#纠纷事项#经济（债务）问题#报警电话:152****4559",债务纠纷,消费纠纷,0.9
BYW202505100009,我要午休了，顾客不满意还摔我碗，双方引起纠纷。报警人：137****0692 #非警务#纠纷事项#消费问题#报警电话:137****0692,消费纠纷,消费纠纷,0.9
BYW202505100010,#长效关注#出租车（浙BT3897）司机：乘客说不清地址，我送到了还说地址不对引起纠纷，报警人180****1776 #非警务#纠纷事项#司乘（代驾）问题#报警电话:180****1776,消费纠纷,消费纠纷,0.9
BYW202505110101,我的房子租给租赁公司，对方没付房子，我现想收回房子，对方联系不上有纠纷。电话：136****6978 #非警务#纠纷事项#租赁问题#报警电话:136****6978,经济纠纷,债务纠纷,0.9
BYW202505110102,#长效关注#顾客要求赔偿引起纠纷137****1667 #非警务#纠纷事项#消费问题#报警电话:137****1667,消费纠纷,消费纠纷,0.9
BYW202505110103,#长效关注#我是租客，和房东因为押金问题有纠纷，180****1319（请分局通知四平台） #非警务#纠纷事项#租赁问题#报警电话:180****1319,债务纠纷,消费纠纷,0.9
BYW202505120206,网格巡查片区时得知：蓝天路108弄5号204室私自种了一棵桑树，对面203室孙子因养蚕无意间亲摘时折对了桑树，引起两家纠纷，吵架时双方推来推去，204室方建国被推倒住进医院，双方要求调解处理。,经济纠纷,邻里纠纷,0.9
BYW202505120401,因为买电瓶车的事情有纠纷，130****4037 #非警务#纠纷事项#消费问题#报警电话:130****4037,经济纠纷,消费纠纷,0.9
BYW202505120402,对方还车，自己找不到资料，还找我们吵架，乱扔东西，有纠纷186****1766 #非警务#纠纷事项#租赁问题#报警电话:186****1766,经济纠纷,消费纠纷,0.9
BYW202505120403,我的出租车车子到期了现在来退，拿了一下资料袋出门一趟回来资料袋不见了，现在对方不给我退出租车，有纠纷132****1982（报警人具体门牌号不清，请与其联系。） #非警务#纠纷事项#租赁问题#报警电话:132****1982,经济纠纷,债务纠纷,0.9
BYW202505120404,店家装修的尾款不给我结，我现在在店面房，139****7466 #非警务#纠纷事项#劳资问题#报警电话:139****7466,经济纠纷,劳动人事（就业）纠纷,0.9
BYW202505120405,不认识一个女的和一个小孩来我店里闹事，具体原因不清楚。132****8857 #非警务#纠纷事项#其他纠纷事项#报警电话:132****8857,消费纠纷,其他纠纷,0.9
BYW202505120406,#长效关注#邻居说我家往下水道倒油，上门吵架158****3414 #非警务#纠纷事项#邻里问题#报警电话:158****3414,邻里纠纷,邻里纠纷,0.9
BYW202505120407,#长效关注#因为骑电瓶车按喇叭问题，对方一直骂我，对方和我现在金都家园南门门口，电话176****5221 #非警务#纠纷事项#其他纠纷事项#报警电话:176****5221,其他纠纷,口角琐事纠纷,0.9
BYW202505120408,来电称，有经济矛盾，双方欠钱未还清，现在一起，协商不下。130****9663 #非警务#纠纷事项#经济（债务）问题#报警电话:130****9663,债务纠纷,债务纠纷,0.9
BYW202505120506,荣安佳境小区业委会作出同意解聘宁波雷斯顿酒店物业公司的决定，要求5月10日12时正式退出小区物业服务，并按规定做好同新选聘物业的交接工作，但是，雷斯顿物业到了时间不肯退出，雷斯顿物业提出前期在管期间小区公共费用支出垫资约100万还没有结清，认为退管之前要结清费用，而业委会认为他们签字确认的费用是认可的，会支付给物业，但是具体支付时间待定，对于有争议部门的费用后续要根据审计再行商榷，但是必须按照退管时间退管，双方协商不行，几度发生冲突，请街道协助调解。,物业管理纠纷,物业管理纠纷,0.9
BYW202505130001,这户人家噪音扰民，报警人称警车不要开警灯，不然发现不了          到达白云街86弄4号301室门口室内有狗叫，敲门不开电话不接，和报警人周红波3302*****1824电话152****3978沟通称多次报警，（查询对方信息：郭兆丰 2112*****0611电话180****5678）移交社区，推四个平台,狗患纠纷,狗患纠纷,0.9
BYW202505130306,网格六接到居民投诉，金茂悦3幢楼地下车库车位被占，联系车主后拒绝挪车，产生矛盾纠纷。-#邻里纠纷#,公共秩序纠纷,邻里纠纷,0.9
BYW202505130402,#矛调类其他#安丰七网格员接到丰馨苑4幢16号804丁阿姨投诉，顶楼天台墙体有些许裂开，下雨天会渗水到她家，导致空调外机进水损坏，希望物业能敲墙补漏，社区介入调解未果。请街道予以协助。,经济纠纷,损害赔偿纠纷,0.9
BYW202505130403,#矛调类其他#安丰七网格员巡查网格期间，有居民投诉丰馨苑3幢9号楼顶天台乱搭建不锈钢笼子养鸽子，鸽子叫声和鸽子屎严重影响周边居民生活。社区携同物业多次上门进行调解，9号1101室业主拿出信鸽协会证书，并表示从来不开放鸽子笼，只是为了养着玩的，并拒绝配合拆鸽子笼。请街道督促有关部门予以协助解决。,物业管理纠纷,物业管理纠纷,0.9
BYW202505130501,对方欠我钱没还，双方有纠纷180****7283 #非警务#纠纷事项#经济（债务）问题#报警电话:180****7283,债务纠纷,债务纠纷,0.9
BYW202505130502,130****7748：学校没有把工程费给我们，有纠纷需要处理 #非警务#纠纷事项#劳资问题#报警电话:130****7748,其他纠纷,劳动人事（就业）纠纷,0.9
BYW202505130503,儿子生病了，儿媳妇跟我儿子闹离婚，现在家里吵闹138****2354 #非警务#纠纷事项#家庭婚姻感情问题#报警电话:138****2354,家庭婚姻纠纷,家庭婚姻纠纷,0.9
BYW202505140201,我在这里买了药，但是因价格太贵，我想退，对方不愿意，双方引起纠纷，报警电话150****8146 #非警务#纠纷事项#消费问题#报警电话:150****8146,消费纠纷,消费纠纷,0.9
BYW202505140202,我在这里买了药，但是因价格太贵，我想退，对方不愿意，双方引起纠纷，报警电话150****8146 #非警务#纠纷事项#消费问题#报警电话:150****8146,消费纠纷,消费纠纷,0.9
BYW202505140203,店长来电，这里有客户因为办理业务问题和员工有纠纷138****2100 #非警务#纠纷事项#消费问题#报警电话:138****2100,消费纠纷,消费纠纷,0.9
BYW202505140204,有个客户称钱少了，说是我们工作人员弄的，引起纠纷，报警人电话159****2415 #非警务#纠纷事项#金融问题#报警电话:159****2415,消费纠纷,金融纠纷,0.9
BYW202505140205,130****1826报：我后妈因遗产问题把门锁住了，我人在现场，需要调解 #非警务#纠纷事项#家庭婚姻感情问题#报警电话:130****1826,家庭婚姻纠纷,家庭婚姻纠纷,0.9
BYW202505140206,医院乱收费，双方有纠纷   159****0718 #非警务#纠纷事项#医患问题#报警电话:159****0718,医疗纠纷,消费纠纷,0.9
BYW202505140207,我在这里卖花，对方认为我抢了她的生意骂我，引起纠纷，未说地址挂断，回拨不接159****6975 #非警务#纠纷事项#其他纠纷事项#报警电话:159****6975,消费纠纷,不正当竞争,0.9
BYW202505140308,#（一件事）矛盾纠纷#曙悦四网格员发现有曙院里22幢多位居民反应早上的时候姚丰幼儿园的声音太大，影响其正常休息，希望有关部门处理,邻里纠纷,噪声污染,0.9
BYW202505140408,#损害赔偿纠纷#居民反应在奥创中心2幢宁海副食品店铺狗咬伤，咬伤居民要求店铺赔偿。,经济纠纷,消费纠纷,0.9
BYW202505140409,居民反映楼道门损坏，有安全隐患，无人处理，情绪激动，请街道协调处理,经济纠纷,治安隐患纠纷,0.9
BYW202505140412,安丰街48弄5号202室向物业反映楼上302室卫生间漏水导致自己家墙壁已经漏水漏得发霉了，物业多次安排维修师傅上门，但3楼房东不认可是自家原因，社区多次微信、电话沟通联系，均无果，请求街道协助。,物业管理纠纷,物业管理纠纷,0.9
BYW202505140511,宝善路143弄3号笙笙租车，在公共停车场随意停车，占用较多车位引起附近居民多次投诉。请街道相关部门督促整改。,公共秩序纠纷,街面秩序,0.9
BYW202505140701,王伟（3302*****5254，173****1220）与其女友王姣（3211*****3228，180****1123）因感情问题发生口角，社区关注。,情感纠纷,情感纠纷,0.9
BYW202505150001,民警到达现场，报警人李建婷（女，6124*****1169，188****7241）称其丈夫刘善平（男，5002*****6719，188****8393）因赌博才回来引起口角，并摔房间内物品，无肢体冲突，报警人出门报警时刘善平抱他们共同的小孩走了，报警人要求到所看监控找小孩，看监控无果，报警人称自行回家处理，推四个平台。,治安隐患纠纷,口角琐事纠纷,0.9
BYW202505150106,荣安佳境63号203室两夫妻因厨房下水道维修事宜争吵，情绪激动，希望进行调解。 -- 家庭婚姻纠纷,物业管理纠纷,家庭婚姻纠纷,0.9
BYW202505150115,柳馨花园51号5楼居民反映，傍晚突然断电， 物业排除故障原因，疑似楼下居民故意破坏，请街道矛调中心给予协助,邻里纠纷,物业管理纠纷,0.9
BYW202505150201,三鼎坊小区39号303厨房间顶上管道老化漏水，漏到楼下203的厨房，203的厨房吊顶全都在发霉滴水。漏水管道虽然是属于303的，但因为结构问题在203房子内。因此303不认为这根管道是自己的责任，认为是开发商当年开发时的问题，不愿意承担管道维修的费用，导致楼上楼下又争执不下，网格员调解多次未果，请求街道协助。,物业管理纠纷,邻里纠纷,0.9
BYW202505150211,宝善三网格员在巡查中遇到荣安佳境谢阿姨反映因小区消防改造，小区路面部分挖掘掉后，造成出行不便。自己因此多说了几句，刚好周师傅听到，觉得施工是正常的，双方因此发生争执。-#邻里纠纷#,消防隐患纠纷,邻里纠纷,0.9
BYW202505150303,#邻里纠纷#安丰街7弄8号1楼居民私自改变汽车车库用途，将车库改造为厨房和小餐厅用于自家烹饪，平时聊天说话声音较重，影响7弄7号1楼居民生活，双方引发邻里矛盾，请街道予以协助,工程施工纠纷,邻里纠纷,0.9
BYW202505150307,金都嘉园52号403室居民反映楼上503室晚上经常搓麻将，噪音影响邻居休息，双方引起纠纷，沟通不成。,邻里纠纷,噪声污染,0.9
BYW202505150501,报警人来电称因为物业费问题与物业引起纠纷，需要处理，报警人电话：153****4614 #非警务#纠纷事项#物业管理问题#报警电话:153****4614,物业管理纠纷,物业管理纠纷,0.9
BYW202505150502,报警人来电称因为物业费问题与物业引起纠纷，需要处理，报警人电话：153****4614 （来电催促） #非警务#纠纷事项#物业管理问题#报警电话:153****4614,物业管理纠纷,物业管理纠纷,0.9
BYW202505150503,我在T3出行上打车，要我支付高速费用，引起纠纷。187****4476 #非警务#纠纷事项#司乘（代驾）问题#报警电话:187****4476,消费纠纷,消费纠纷,0.9
BYW202505160001,我要不到工资，现在在老板家里，引起纠纷。198****2993 #非警务#纠纷事项#劳资问题#报警电话:198****2993,劳动人事（就业）纠纷,劳动人事（就业）纠纷,0.9
BYW202505160002,29日也报过警，邻居把鞋架放置在我的门口，多次发生纠纷矛盾。我现在街道门口等。180****6982 #非警务#纠纷事项#邻里问题#报警电话:180****6982,邻里纠纷,邻里纠纷,0.9
BYW202505160003,29日也报过警，邻居把鞋架放置在我的门口，多次发生纠纷矛盾。我现在街道门口等。180****6982 #非警务#纠纷事项#邻里问题#报警电话:180****6982,邻里纠纷,邻里纠纷,0.9
BYW202505160004,#长效关注#业主出小区不肯付停车费，有纠纷，133****9521 #非警务#纠纷事项#物业管理问题#报警电话:133****9521,物业管理纠纷,物业管理纠纷,0.9
BYW202505160005,我是租客，对方称这块地是他的，其实是物业的公共区域，对方不让我把电瓶车停在这里有纠纷。139****8960 #非警务#纠纷事项#邻里问题#报警电话:139****8960,邻里纠纷,邻里纠纷,0.9
BYW202505160006,我朋友欠我钱不还 现在我在他家门口，报警人号码：135****3873 #非警务#纠纷事项#经济（债务）问题#报警电话:135****3873,债务纠纷,债务纠纷,0.9
BYW202505160007,因为司机态度差不认识路，等到了地址还要我多付钱，我不愿意，对方（浙BT0685）就带着我的行李箱和包走了，行李箱里有价值五万元的电脑，现有纠纷，135****5610 #非警务#纠纷事项#司乘（代驾）问题#报警电话:135****5610,消费纠纷,消费纠纷,0.9
BYW202505160008,催促：我朋友欠我钱不还 现在我在他家门口，报警人号码：135****3873（称需要工作人员打给对方电话） #非警务#纠纷事项#经济（债务）问题#报警电话:135****3873,债务纠纷,债务纠纷,0.9
BYW202505160009,楼上一直漏水，跟邻居和物业反映均无果，物业让我等了一个下午，有纠纷，130****7718 #非警务#纠纷事项#物业管理问题#报警电话:130****7718,邻里纠纷,物业管理纠纷,0.9
BYW202505160010,我在网上报了武汉红之星教育的课，我交了500元的费用，现在我想要退课不肯退钱有纠纷。报警人电话：178****6711。报警人称现在不方便碰面，需要电话联系。 #非警务#纠纷事项#消费问题#报警电话:178****6711,消费纠纷,消费纠纷,0.9
BYW202505160104,#一格两群#有居民因地下停车场天花板存在滴漏现象，滴漏的水夹杂着涂料将自家的汽车弄脏，同时认为已经多次告知物业，但滴漏现象一直未得到解决，物业存在不作为，双方在交流沟通时爆发矛盾争吵,公共秩序纠纷,物业管理纠纷,0.9
BYW202505160109,荣安佳境居民情绪激动来我处投诉新物业紫虹物业从物管处二楼扔废弃家具到一楼，存在一定安全隐患.请街道相关部门督促整改。,工程施工纠纷,物业管理纠纷,0.9
BYW202505170001,我在这边上班，老板不给工资。187****0989 #非警务#纠纷事项#劳资问题#报警电话:187****0989,劳动人事（就业）纠纷,劳动人事（就业）纠纷,0.9
BYW202505170002,老年人报，这里在做卖鞋广告，昨天发信息和我们说，来了就能拿洗衣液，但是现在要让我们穿鞋才给，电话139****8283 #非警务#纠纷事项#其他纠纷事项#报警电话:139****8283,消费纠纷,消费纠纷,0.9
BYW202505170003,店里买的鞋不让退，引起纠纷   156****7809 #非警务#纠纷事项#消费问题#报警电话:156****7809,消费纠纷,消费纠纷,0.9
BYW202505170004,店里买的鞋不让退，引起纠纷   156****7809（已电告海曙）（来电催促街道，辅助下单） #非警务#纠纷事项#消费问题#报警电话:156****7809,消费纠纷,消费纠纷,0.9
BYW202505170005,我和工作人员因为业务有纠纷，报警人：137****9350 #非警务#纠纷事项#消费问题#报警电话:137****9350,其他纠纷,消费纠纷,0.9
BYW202505170006,有个顾客因为餐品的问题闹事181****9907 #非警务#纠纷事项#消费问题#报警电话:181****9907,消费纠纷,消费纠纷,0.9
BYW202505170007,#长效关注#浙BT4597出租车司机报：乘客喝多了不肯下车。188****9113 #非警务#纠纷事项#司乘（代驾）问题#报警电话:188****9113,消费纠纷,消费纠纷,0.9
BYW202505170103,丽园北路471弄38号102业主认为丽园北路471弄38号202业主晚上发出噪音，2楼业主称晚上早早休息，未发出噪音。双方有争执,物业管理纠纷,邻里纠纷,0.9
BYW202505180001,报警人周平华（男，3302*****0617，135****0828）称噪音扰民，民警到达现场，经了解系金都嘉园7幢楼下车棚外有一条狗，系小区内负责垃圾清运的人养的，敲门无人应答，推送社区。,狗患纠纷,狗患纠纷,0.9
BYW202505180002,报警人史兆国(男，3302*****3017，180****6982)称邻居拿菜刀杀人，民警到达现场，经核实没有拿刀的，报警人系中老年男人，疑似心理问题，多次因对门门口放鞋柜凉鞋报警。推送四个平台,治安隐患纠纷,邻里纠纷,0.9
BYW202505180101,邻居漏水到我家引起纠纷。158****7460 #非警务#纠纷事项#邻里问题#报警电话:158****7460,邻里纠纷,邻里纠纷,0.9
BYW202505180102,邻居漏水到我家引起纠纷。158****7460 #非警务#纠纷事项#邻里问题#报警电话:158****7460,邻里纠纷,邻里纠纷,0.9
BYW202505180103,有个人到我店里不想付钱让我把手机修好，我不同意，双方有纠纷，报警人电话189****0066 #非警务#纠纷事项#消费问题#报警电话:189****0066,消费纠纷,消费纠纷,0.9
BYW202505180104,因电动车退货问题与老板引起纠纷，报警人电话：131****9880 #非警务#纠纷事项#消费问题#报警电话:131****9880,消费纠纷,消费纠纷,0.9
BYW202505180105,因为租房的事情与中介有纠纷，报警人电话152****9877 #非警务#纠纷事项#租赁问题#报警电话:152****9877,经济纠纷,消费纠纷,0.9
BYW202505180106,报警人来电称因为装修的事情与装修公司引起纠纷，需要处理，报警人电话：152****8722 #非警务#纠纷事项#消费问题#报警电话:152****8722,工程施工纠纷,消费纠纷,0.9
BYW202505180107,因为租房的事情与中介有纠纷，报警人电话152****9877。（后称需要民警到现场处理） #非警务#纠纷事项#租赁问题#报警电话:152****9877,经济纠纷,消费纠纷,0.9
BYW202505190122,蓝天路108弄58号501室反应楼上601室房子出租，住着一群人，不但吵闹，而且有卫生间漏水情况，网格员上门协调未果，请街道协助处理。,邻里纠纷,邻里纠纷,0.9
BYW202505190307,丽象佳苑5幢12楼张阿姨反映最近家里阳台总是出现楼上丢下来的垃圾，影响正常生活。经排摸了解，楼上多为出租户，请街道联系相关部门帮忙处理。,邻里纠纷,公共秩序纠纷,0.9
BYW202505190310,丽象佳苑5幢17楼居民投诉楼上平时经常乱扔纸巾，这次衣架掉下来砸破她家窗户玻璃。,经济纠纷,损害赔偿纠纷,0.9
BYW202505190401,有人让我们一起做公益活动，现在不给结账。132****2303 #非警务#纠纷事项#其他纠纷事项#报警电话:132****2303,其他纠纷,劳动人事（就业）纠纷,0.9
BYW202505190402,菜市场的老板跑路了，我们几十个摊贩在这里，需要帮助。158****2481 #非警务#纠纷事项#其他纠纷事项#报警电话:158****2481,消费纠纷,消费纠纷,0.9
BYW202505190403,我在平台上叫了一个上门按摩，因为对方迟到了，我取消了订单，现对方人到这里问我要上门费，引起纠纷，报警人电话：135****7752 #非警务#纠纷事项#消费问题#报警电话:135****7752,消费纠纷,消费纠纷,0.9
BYW202505190501,白云街58弄7号606反映605住户把空调装在606次卧窗外，导致606不能开窗。网格员与605多次沟通，不肯挪外机位置，请街道协助处理。,邻里纠纷,邻里纠纷,0.9
BYW202505200001,报警人史文令（4129*****2421，133****3467）称其老公打其儿子和其。民警到达牡丹小区前丰街118弄43号702，经了解系周道远（4129*****2433，138****6638）与儿子周家山（4113*****2451，173****1827）因家庭琐事发生纠纷，周道远用手掐了周家山的脖子，后被史文令和周家山制止。已对周道远开具家暴告诫书（已上传）。推送四个平台。,公共秩序纠纷,家庭婚姻纠纷,0.9
BYW202505200313,安丰街36弄23号204室高龄老人邬师傅，由于其妻患有老年痴呆，极力想在楼道加装电梯，之前在2019年和2021年开过楼道电梯加装会议，邻里之间因为加装比例和选择电梯公司意见不一发生口角导致失败。2024年12月社区经与流动小组长协商，重新签字启动加装程序，但仍有4户居民明确不同意，6楼一户居民明确表示同意加装但不出资。后来社区建议安装爬楼机，但是费用太高，邬师傅不接受，最近社区又召开了一次协调会，还是没有结果，邬师傅情绪比较激动，想要去投诉，请街道协调处理。   ,工程施工纠纷,房地产纠纷,0.9
BYW202505200318,丰馨苑27幢84号502室为出租房，租户是一对夫妻带两个孩子，其中一孩子为持证自闭症患者，近期社区接27幢84号103室住户投诉502室的孩子经常开窗大量向下播撒纸片，请求街道协助处理。 -- 邻里纠纷,公共秩序纠纷,邻里纠纷,0.9
BYW202505200501,居民在办事处一直吵，因门口放鞋问题，调解不好135****5868 #非警务#纠纷事项#邻里问题#报警电话:135****5868,邻里纠纷,邻里纠纷,0.9
BYW202505200502,"小区里有个人不肯让行,双方发生争吵159****7747 #非警务#纠纷事项#邻里问题#报警电话:159****7747",邻里纠纷,邻里纠纷,0.9
BYW202505200503,"辅助：小区里有个人不肯让行,双方发生争吵159****7747
重复报警:报警时间:2025-05-20 11:29:06, 报警电话:159****7747, 联系电话:159****7747, 报警内容:小区里有个人不肯让行,双方发生争吵159****7747
重复报警:报警时间:2025-05-20 11:33:14, 报警电话:159****7747, 联系电话:159****7747, #非警务#纠纷事项#邻里问题#报警电话:159****7747",邻里纠纷,邻里纠纷,0.9
BYW202505200504,洗衣店把我的大衣毛领弄丢了，老板一直拖着没处理，引起纠纷，180****5501 #非警务#纠纷事项#消费问题#报警电话:180****5501,消费纠纷,消费纠纷,0.9
BYW202505200505,对方以为我堵了他的车，现在车主故意我的车，有纠纷。198****1896 #非警务#纠纷事项#其他纠纷事项#报警电话:198****1896,经济纠纷,邻里纠纷,0.9
BYW202505200506,我是网约车司机，乘客喝醉酒吐在我车上，需要对方赔偿洗车费用。130****5160 #非警务#纠纷事项#物流（快递）问题#报警电话:130****5160,消费纠纷,消费纠纷,0.9
BYW202505210001,我是业主，因为登记问题保安不让我进去，一直在旁边说我，需要帮助。183****8327 #非警务#纠纷事项#物业管理问题#报警电话:183****8327,物业管理纠纷,物业管理纠纷,0.9
BYW202505210002,我昨天报过警，工资拿不到150****3651 #非警务#纠纷事项#劳资问题#报警电话:150****3651,劳动人事（就业）纠纷,劳动人事（就业）纠纷,0.9
BYW202505210003,180****7283：对方欠钱不还，我现在对方家门口，需要调解 #非警务#纠纷事项#经济（债务）问题#报警电话:180****7283,债务纠纷,债务纠纷,0.9
BYW202505210004,因退租问题，双方有纠纷 173****2140 #非警务#纠纷事项#租赁问题#报警电话:173****2140,经济纠纷,房地产纠纷,0.9
BYW202505210005,物业让我付两次停车费有纠纷136****7366 #非警务#纠纷事项#物业管理问题#报警电话:136****7366,物业管理纠纷,消费纠纷,0.9
BYW202505210006,下午16点15分，原告的旁听出来就骂我们被告的旁听，有纠纷138****8408 #非警务#纠纷事项#其他纠纷事项#报警电话:138****8408,公共秩序纠纷,口角琐事纠纷,0.9
BYW202505210007,下午16点15分，原告的旁听出来就骂我们被告的旁听，有纠纷138****8408（辅助下单，已经半个小时过去还是没人到，催促） #非警务#纠纷事项#其他纠纷事项#报警电话:138****8408,公共秩序纠纷,口角琐事纠纷,0.9
BYW202505210008,业主报警，因新老物业交接问题，有纠纷189****8150 #非警务#纠纷事项#物业管理问题#报警电话:189****8150,物业管理纠纷,物业管理纠纷,0.9
BYW202505210009,我老婆摘了一些小区里枇杷树的果子，但是对方非说这是他们家种的，他骂完我老婆还把我们家装枇杷的菜篮拿走了，现有纠纷双方在一起，158****1104 #非警务#纠纷事项#邻里问题#报警电话:158****1104,邻里纠纷,邻里纠纷,0.9
BYW202505210010,辅助：我老婆摘了一些小区里枇杷树的果子，但是对方非说这是他们家种的，他骂完我老婆还把我们家装枇杷的菜篮拿走了，现有纠纷双方在一起，158****1104 #非警务#纠纷事项#邻里问题#报警电话:158****1104,邻里纠纷,邻里纠纷,0.9
BYW202505210502,宝善路207弄保洁人员反映环卫处不愿清运垃圾桶，情绪激动，请街道协调处理,物业管理纠纷,公共秩序纠纷,0.9
BYW202505220001,我是乘客：出租车司机推我，有纠纷135****6699 #非警务#纠纷事项#司乘（代驾）问题#报警电话:135****6699,消费纠纷,消费纠纷,0.9
BYW202505220002,"有个客人不肯自助结账,一定要我用收银机给他结账,发生纠纷150****1413 #非警务#纠纷事项#消费问题#报警电话:150****1413",消费纠纷,消费纠纷,0.9
BYW202505220003,出租车浙BDT3200司机报警，乘客不肯付钱，173****6448 #非警务#纠纷事项#司乘（代驾）问题#报警电话:173****6448,消费纠纷,消费纠纷,0.9
BYW202505220004,我家儿子（朱程，15岁，134****7113）天天半夜被另一个男孩子（阮航威，名字谐音，十五中307班辍学）叫出去打游戏等，天天睡在他家里不上学，怕儿子被他带坏了。我在阮航威家小区门口等。130****3085 #非警务#纠纷事项#家庭婚姻感情问题#报警电话:130****3085,邻里纠纷,家庭婚姻纠纷,0.9
BYW202505220005,我走路经过时被店面房店主私自放在马路上的东西绊倒了，导致我人受伤了，现因赔偿问题引起纠纷，报警人电话：181****2752 #非警务#纠纷事项#经济（债务）问题#报警电话:181****2752,经济纠纷,消费纠纷,0.9
BYW202505220006,租客到期一直不走，现在我与租客产生纠纷，报警人电话：135****9026 #非警务#纠纷事项#租赁问题#报警电话:135****9026,经济纠纷,其他纠纷,0.9
BYW202505220007,"租客到期一直不走，现在我与租客产生纠纷，报警人电话：135****9026
来电催促，请速到场处理。 #非警务#纠纷事项#租赁问题#报警电话:135****9026",债务纠纷,其他纠纷,0.9
BYW202505220008,房东不退我200元的房屋定金，报警人在现场，需要调解187****9910 #非警务#纠纷事项#租赁问题#报警电话:187****9910,经济纠纷,消费纠纷,0.9
BYW202505220009,房东不退我200元的房屋定金，报警人在现场，需要调解187****9910（辅助下单，来电催促） #非警务#纠纷事项#租赁问题#报警电话:187****9910,经济纠纷,消费纠纷,0.9
BYW202505220101,"我朋友被她老公家暴了,救护车不要（135****2773来电老公家暴我）     系董秦峪6105*****485X电话132****6111与阮沙4223*****6166电话135****2773，因为闹离婚发生争执，没有动手打架，民警把双方带回派出所，双方对今天发生的争执都不追究对方责任，双方达成和解",治安隐患纠纷,家庭婚姻纠纷,0.9
BYW202505220102,和老公吵了几句，他就扇了我巴掌，无需120          民警陆立坤到达现场白云二村80弄4号308，经了解，系报警人余冬英和其老公汪亮亮3624*****3732电话153****2153因琐事发生纠纷，后汪亮亮动手打了余冬英巴掌，民警将双方带回所处置。到所调解，汪亮亮对余冬英道歉并取得谅解，民警对汪亮亮开具家庭暴力告诫书。,治安隐患纠纷,家庭婚姻纠纷,0.9
BYW202505220405,宝善路207弄14楼道居民和邻居吵架，双方争执不休，把被子扔到楼道平台上，社区调解不成。,口角琐事纠纷,口角琐事纠纷,0.9
BYW202505220406,6幢9楼居民反映隔壁邻居因为自家门口鞋柜上摆放几个空鞋盒，上门骂她，并称空鞋盒放着有鞋臭味，两人争执不休，请有关部门前来调解。-#邻里纠纷#,公共秩序纠纷,邻里纠纷,0.9
BYW202505230001,因网约车（浙B.DM8119）司机没把我送到目的地，双方有纠纷138****6716 #非警务#纠纷事项#司乘（代驾）问题#报警电话:138****6716,消费纠纷,消费纠纷,0.9
BYW202505230002,150****0516报：车子堵路，车主在现场不肯移车，双方有纠纷 #非警务#纠纷事项#其他纠纷事项#报警电话:150****0516,经济纠纷,街面秩序,0.9
BYW202505230003,有辆车的车主拒绝缴费，现在堵在门口。057****79020 #非警务#纠纷事项#消费问题#报警电话:057****79020,经济纠纷,消费纠纷,0.9
BYW202505230004,有辆车的车主拒绝缴费，现在堵在门口。057****79020（8:35来电催促） #非警务#纠纷事项#消费问题#报警电话:057****79020,经济纠纷,消费纠纷,0.9
BYW202505230005,我是出租车司机，车子到期了，中介不肯退押金。132****1982 #非警务#纠纷事项#租赁问题#报警电话:132****1982,经济纠纷,消费纠纷,0.9
BYW202505230006,这家医院收费不合理，引起纠纷，报警人电话：133****0006 #非警务#纠纷事项#消费问题#报警电话:133****0006,医疗纠纷,消费纠纷,0.9
BYW202505230007,我是物业，房东不肯付物业费，我们不提供其用电，现房东自行接了电，引起纠纷，报警人电话：153****8396 #非警务#纠纷事项#物业管理问题#报警电话:153****8396,物业管理纠纷,物业管理纠纷,0.9
BYW202505230008,因为租房问题有纠纷。155****4190 #非警务#纠纷事项#租赁问题#报警电话:155****4190,经济纠纷,房地产纠纷,0.9
BYW202505230009,我花钱做了一个男科手术，现在发现术后效果不好，想要拆线退钱。报警人正在去送子鸟医院的路上。报警人电话：191****8680 #非警务#纠纷事项#医患问题#报警电话:191****8680,医疗纠纷,医疗纠纷,0.9
BYW202505230010,报警人是房东，有租客房子到期了，不肯搬走，现在引起纠纷，报警电话189****6668 #非警务#纠纷事项#租赁问题#报警电话:189****6668,经济纠纷,其他纠纷,0.9
BYW202505230011,网约车司机报警，乘客吐我车上了，因为清洗费问题产生纠纷，报警人电话158****5471 #非警务#纠纷事项#司乘（代驾）问题#报警电话:158****5471,消费纠纷,消费纠纷,0.9
BYW202505230104,#邻里纠纷#玫瑰苑48-15-404发现严重漏水，长期无法解决，楼上邻居多次推脱很忙。请求协助。,邻里纠纷,邻里纠纷,0.9
BYW202505230203,三鼎坊39号楼道电梯加装完之后迟迟未付尾款，有部分居民认为电梯加装后楼道墙体出现裂纹，水表箱漏水等现象，且电梯质量不如预期，与电梯公司发生矛盾，如果得不到解决，他们要去投诉，请协助处理。,经济纠纷,消费纠纷,0.9
BYW202505230401,报警人郑杰（183****1440，5224*****0850）称其女朋友因为琐事用手打其。出警民警叶建培到达丽象佳苑门口，报警人郑杰称刚才在海曙区一号公馆附近因与女友王悦悦（3416*****214X，158****3983）口角后动手打了她，后一起打车到此，带回所调查。经调解：双方互不追究法律责任，郑杰向王悦悦赔礼道歉，无需公安机关处理（调解协议书已上传）。闭环,经济纠纷,口角琐事纠纷,0.9
BYW202505240001,报警人李迁（男，4202*****2012 ，139****0135）称女儿李敏（女，4202*****2026，135****8995）与其老公琚全龙（男，3606*****6810，155****2323）吵架了，民警到达现场，经了解系李敏因其老公出轨后其想离婚，双方发生口角，后李敏称其老公只是在电话里威胁其，现场并未看到刀具，社区关注。,家庭婚姻纠纷,情感纠纷,0.9
BYW202505240002,报警人柳镜如（男，4201*****0415 ，156****6592）称其前女友柯爱珍（女，4202*****0821，157****9790，住金地小区598弄35号501室）想不开要跳河，民警到达现场，将当事人带回所，经了解系感情纠纷，女方目前情绪稳定，后经民警劝解，现男友谢兴兴（男，5224*****5095，198****1533）将柯爱珍带回家，已将该情况通知其父亲159****7233，告知其多加看管，社区关注。,物业管理纠纷,情感纠纷,0.9
BYW202505240101,租车临时要加钱，工作人员称如果不租要支付160元违约金130****0620 #非警务#纠纷事项#租赁问题#报警电话:130****0620,经济纠纷,消费纠纷,0.9
BYW202505240102,我和对方都是在这里干活的，对方要充电，拉我手机，然后把我手机摔坏了，现不肯赔偿，起纠纷。报警人：151****3078 #非警务#纠纷事项#经济（债务）问题#报警电话:151****3078,,经济纠纷,0.9
BYW202505240103,楼上的租客因为口角纠纷，在踹我的门175****0783 #非警务#纠纷事项#邻里问题#报警电话:175****0783,邻里纠纷,邻里纠纷,0.9
BYW202505240104,#长效关注#与网约车司机因价格问题引起纠纷。报警人电话：152****2387 #非警务#纠纷事项#司乘（代驾）问题#报警电话:152****2387,消费纠纷,消费纠纷,0.9
BYW202505240105,后称水电的钱已经给了房东，房东现在联系不上，物业停我的水电有纠纷。电话：173****1910 #非警务#纠纷事项#物业管理问题#报警电话:173****1910,经济纠纷,物业管理纠纷,0.9
BYW202505240106,理发店把我耳朵剪破了，现因为赔偿问题产生纠纷。159****7031 #非警务#纠纷事项#消费问题#报警电话:159****7031,消费纠纷,消费纠纷,0.9
BYW202505240107,拿快递的时候，我的小孩被店里的老鼠咬了，现需要菜鸟驿站店有纠纷。电话：183****0617 #非警务#纠纷事项#其他纠纷事项#报警电话:183****0617,经济纠纷,消费纠纷,0.9
BYW202505250001,去年的工资，对方一直不肯给我，现我在对方家楼下，电话：186****3886 #非警务#纠纷事项#劳资问题#报警电话:186****3886,劳动人事（就业）纠纷,劳动人事（就业）纠纷,0.9
BYW202505250002,去年的工资，对方一直不肯给我，现我在对方家楼下，电话：186****3886  后报警人再次来电催促 #非警务#纠纷事项#劳资问题#报警电话:186****3886,劳动人事（就业）纠纷,劳动人事（就业）纠纷,0.9
BYW202505250003,楼上多次漏水到我家  报警人号码：057****41780 #非警务#纠纷事项#邻里问题#报警电话:057****41780,邻里纠纷,邻里纠纷,0.9
BYW202505250004,楼上多次漏水到我家  报警人号码：057****41780 #非警务#纠纷事项#邻里问题#报警电话:057****41780,邻里纠纷,邻里纠纷,0.9
BYW202505250101,来电称打人，救救我，具体未说完挂断。回拨在通话中       报警人李爱珠3302*****4038电话132****9868称分居八年的婚内丈夫石玉定3302*****4038电话137****3438刚才上门责问自己不接电话，后对自己进行殴打。听到报警后对方逃离现场不知去向。将报警人带回所固定伤情并处置，民警将石玉定叫会派出所，对其进行批评教育并开具家庭暴力告诫书，在其取得李爱珠的谅解后，让其双方自行离开。,经济纠纷,家庭婚姻纠纷,0.9
BYW202505260001,"报警人物业景骄（3302*****0618，电话187****1989）称有20个人要进小区收物业费，其让他们登记，他们不登记，还在吵架。出警民警向逸龙到达荣安佳境北门，荣安物业负责人张聪萍（3302*****7528,电话135****6200），张力（1303*****8710，电话139****4437）带20人到小区收物业费，已告知负责人合理合法收取物业费，不得采取非法手段，不愿交的可走司法程序。",口角琐事纠纷,公共秩序纠纷,0.9
BYW202505260105,网格员在走访安丰街6弄12号402的高龄独居陈阿姨家时发现楼上502的出租户将水漏到了陈阿姨家，导致陈阿姨家墙面渗水严重且脱皮较多，影响陈阿姨日常生活，引发居民矛盾，多次协调无果，望街道予以协助。,邻里纠纷,邻里纠纷,0.9
BYW202505260203,三鼎坊小区1号3楼住户反应楼道内漏水，经排查为5楼租户使用不当导致，协调不成，请街道协助处理,物业管理纠纷,邻里纠纷,0.9
BYW202505260204,#邻里纠纷#国丰街19弄24号108居民反映自己的电瓶车被国丰街19弄23号男人泼了垃圾，双方争执不下，烦请街道协助。,家庭婚姻纠纷,口角琐事纠纷,0.9
BYW202505260301,因为退租的问题，和房东有纠纷，报警人电话130****1060 #非警务#纠纷事项#租赁问题#报警电话:130****1060,经济纠纷,其他纠纷,0.9
BYW202505260302,新光燃气工作人员来电称，我们上门检修，现在对方因为收费问题不让我们走。133****3785 #非警务#纠纷事项#消费问题#报警电话:133****3785,消费纠纷,消费纠纷,0.9
BYW202505260303,我们是做防水工程的，物业叫我们来做防水，需要从楼顶放绳子下来，有业主不同意我们这样操作，现在拿了我们的绳子不还给我们，双方发生纠纷，报警人电话186****7578 #非警务#纠纷事项#物业管理问题#报警电话:186****7578,工程施工纠纷,工程施工纠纷,0.9
BYW202505260304,我被人污蔑我在卖淫，双方在一起。130****9663 #非警务#纠纷事项#其他纠纷事项#报警电话:130****9663,其他纠纷,口角琐事纠纷,0.9
BYW202505260305,去年的工资，对方一直不肯给我，186****3886 #非警务#纠纷事项#劳资问题#报警电话:186****3886,劳动人事（就业）纠纷,劳动人事（就业）纠纷,0.9
BYW202505260306,对方把我们车子堵住了，现在人来了之后还是不肯移车有纠纷150****7065 #非警务#纠纷事项#其他纠纷事项#报警电话:150****7065,经济纠纷,街面秩序,0.9
BYW202505260307,出租车（3822）司机来电：我不知道乘客的目的地，要导航到现场。乘客就下车不付车费，双方有纠纷136****7018 #非警务#纠纷事项#司乘（代驾）问题#报警电话:136****7018,消费纠纷,消费纠纷,0.9
BYW202505260501,因为租房问题有纠纷。155****4190 #非警务#纠纷事项#租赁问题#报警电话:155****4190,邻里纠纷,房地产纠纷,0.9
BYW202505260502,我是房东，因为我的房子买了，现我联系不上二房东，要求处理，报警人电话：133****7798 #非警务#纠纷事项#租赁问题#报警电话:133****7798,消费纠纷,其他纠纷,0.9
BYW202505270001,131****8579对方欠我钱不肯还，双方在一起有纠纷需要处理 #非警务#纠纷事项#经济（债务）问题#报警电话:131****8579,债务纠纷,债务纠纷,0.9
BYW202505270002,188****6277报：顾客吃完饭不肯买单，双方有纠纷（电告海曙） #非警务#纠纷事项#消费问题#报警电话:188****6277,消费纠纷,消费纠纷,0.9
BYW202505270003,135****8541外卖员报：接了一个跑腿的单（帮买），送到后顾客不承认是自己下的单，有纠纷 #非警务#纠纷事项#物流（快递）问题#报警电话:135****8541,消费纠纷,消费纠纷,0.9
BYW202505270004,前夫每天以不同的方式骚扰和要挟我和我的父母，昨天还故意骗我说小孩子生病了骗我从安徽过来，有纠纷131****1135 #非警务#纠纷事项#其他纠纷事项#报警电话:131****1135,家庭婚姻纠纷,情感纠纷,0.9
BYW202505270005,我是出租车司机，现乘客不付钱。130****1496 #非警务#纠纷事项#司乘（代驾）问题#报警电话:130****1496,消费纠纷,消费纠纷,0.9
BYW202505270006,我买了一辆二手电瓶车，后面商家不给我车牌，现也不退我钱，现产生纠纷。153****3778 #非警务#纠纷事项#消费问题#报警电话:153****3778,经济纠纷,消费纠纷,0.9
BYW202505270007,#长效关注#与房东因为租房问题发生纠纷。155****2928 #非警务#纠纷事项#租赁问题#报警电话:155****2928,债务纠纷,房地产纠纷,0.9
BYW202505270008,我退租了，房东不退我押金，现我在现场，需要处理。172****7365 #非警务#纠纷事项#租赁问题#报警电话:172****7365,经济纠纷,消费纠纷,0.9
BYW202505270009,报警人来电称对方借了我的钱不肯归还，现我在其家门口，报警人电话：155****5982 #非警务#纠纷事项#经济（债务）问题#报警电话:155****5982,债务纠纷,债务纠纷,0.9
BYW202505270010,收垃圾的人说我家小孩偷东西，引起纠纷，电话181****6737。 #非警务#纠纷事项#其他纠纷事项#报警电话:181****6737,邻里纠纷,口角琐事纠纷,0.9
BYW202505270101,#矛调类其他#安丰七网格员巡查网格期间，有居民投诉丰馨苑3幢9号楼顶天台乱搭建不锈钢笼子养鸽子，鸽子叫声和鸽子屎严重影响周边居民生活。社区携同物业多次上门进行调解，9号1101室业主拿出信鸽协会证书，并表示从来不开放鸽子笼，只是为了养着玩的，并拒绝配合拆鸽子笼。请街道督促有关部门予以协助解决。,物业管理纠纷,物业管理纠纷,0.9
BYW202505270601,报警人周斌（3302*****6494，132****1810）称丈母娘告知他其老婆赵钟雅出去外面十几分钟了，担心出事，后民警电话联系赵钟雅（3302*****0629，150****3404）其称系夫妻家庭矛盾引发的纠纷，其出门冷静散散心，人安全无事，无需民警处理，社区关注。,消费纠纷,家庭婚姻纠纷,0.9
BYW202505280001,我刚刚租了房子，现我不想租了，对方不肯退钱，引起纠纷，报警人电话158****1553 #非警务#纠纷事项#租赁问题#报警电话:158****1553,经济纠纷,消费纠纷,0.9
BYW202505280002,我对酒店房间不满意，不想住了，酒店前台不给我退钱，双方发生纠纷，报警人电话158****1553 #非警务#纠纷事项#消费问题#报警电话:158****1553,消费纠纷,消费纠纷,0.9
BYW202505280003,报警人来电称因为代驾绕路问题，双方引起纠纷，需要处理，报警人电话：130****9573 #非警务#纠纷事项#司乘（代驾）问题#报警电话:130****9573,消费纠纷,消费纠纷,0.9
BYW202505280005,138****4999：我老婆买螃蟹，因为钱有没有支付问题，双方引起纠纷。 #非警务#纠纷事项#消费问题#报警电话:138****4999,消费纠纷,消费纠纷,0.9
BYW202505280006,刚才点了蚊香着火了，后来灭了，现在有点经济赔偿纠纷需要调解158****0111 #非警务#纠纷事项#经济（债务）问题#报警电话:158****0111,债务纠纷,经济纠纷,0.9
BYW202505280007,辅助：刚才点了蚊香着火了，后来灭了，现在有点经济赔偿纠纷需要调解158****0111 #非警务#纠纷事项#经济（债务）问题#报警电话:158****0111,债务纠纷,经济纠纷,0.9
BYW202505280008,因推电瓶车撞倒了旁边停着的电瓶车，赔偿问题引发纠纷156****8856 #非警务#纠纷事项#经济（债务）问题#报警电话:156****8856,经济纠纷,交通事故纠纷,0.9
BYW202505280009,因推电瓶车撞倒了旁边停着的电瓶车，赔偿问题引发纠纷156****8856 #非警务#纠纷事项#经济（债务）问题#报警电话:156****8856,经济纠纷,交通事故纠纷,0.9
BYW202505280010,#长效关注#房东不肯退押金，有纠纷133****9944 #非警务#纠纷事项#租赁问题#报警电话:133****9944,债务纠纷,消费纠纷,0.9
BYW202505280105,8幢25号有居民反映楼上狗狗经常大晚上还在叫，严重影响他人生活，希望社区能协调一下-#邻里纠纷#,狗患纠纷,狗患纠纷,0.9
BYW202505280501,白云街68弄4号607说楼下507把他家车库的电线剪了，网格员与507住户沟通，507表示不知情，也不愿配合607接线。请街道协助处理。,邻里纠纷,损害赔偿纠纷,0.9
BYW202505280601,白云二村96弄11号楼，阮毛毛（3429*****0611；153****4365）江陆熳（3429*****2041；131****1135）离婚，孩子判给男方（有过激行为），社区关注。,家庭婚姻纠纷,家庭婚姻纠纷,0.9
BYW202505290002,报警人童忠夫（330****9570927243；139****1927）称该户人家在公共楼道里按了监控摄像头，楼上楼下的住户觉得侵犯了个人隐私。民警到达现场联丰玫瑰苑20弄39号304门口，因304家中无人，民警无法现场调解，告知报警人前往社区求助，社区关注。,邻里纠纷,公共秩序纠纷,0.9
BYW202505290003,报警人刘浩（3203*****2631；137****6004）称其爸喝醉酒来骂其，找其麻烦。民警到达现场牡丹小区52号605，经了解系报警人刘浩的父亲老酒饱刘照敏（3203*****2554；137****6004），刚从派出所醒酒离开，回家与其争吵。告知报警人，对父亲有照护义务和责任，其母亲也在场，社区关注。,口角琐事纠纷,口角琐事纠纷,0.9
BYW202505290201,近日，丽雅苑15幢24号708室居民多方投诉、多次报警，称楼上15幢24号808室居民每天半夜动静很大，影响家人睡眠。因此，与楼上发生矛盾，要求介入调解。-#邻里纠纷#,消费纠纷,邻里纠纷,0.9
BYW202505290204,安丰十一网格对丰馨苑开展巡查，发现丰馨苑21幢南侧路口处有居民电动车与机动车发生刮擦事故，产生矛盾纠纷，请求街道协助处理,经济纠纷,交通事故纠纷,0.9
BYW202505290501,物业公司解除了和我老婆的工作合同，但是没有支付5月份的工资和奖金，需要调解 #非警务#纠纷事项#劳资问题#报警电话:136****3600,劳动人事（就业）纠纷,劳动人事（就业）纠纷,0.9
BYW202505290502,132****7971：我们来要工资，老板在现场不肯给，有纠纷 #非警务#纠纷事项#劳资问题#报警电话:132****7971,劳动人事（就业）纠纷,劳动人事（就业）纠纷,0.9
BYW202505300001,#邻里纠纷#丽雅二网格员接到丽象佳苑15幢46单元1704室居民投诉，1804室晚上很吵，一直到半夜12点多，长期困扰她睡觉，需要上级调解。,邻里纠纷,噪声污染,0.9
BYW202505300301,#长效关注#对方堵我车前面，还说是我停的不对，不肯让，引起纠纷，电话173****6353 #非警务#纠纷事项#其他纠纷事项#报警电话:173****6353,其他纠纷,街面秩序,0.9
BYW202505300302,177****4008公司拖欠工资，负责人在现场，需要处理 #非警务#纠纷事项#劳资问题#报警电话:177****4008,劳动人事（就业）纠纷,劳动人事（就业）纠纷,0.9
BYW202505310201,#长效关注#因为买空调的退货问题有纠纷。180****2401 #非警务#纠纷事项#消费问题#报警电话:180****2401,消费纠纷,消费纠纷,0.9
BYW202505310202,#长效关注#因为买空调的退货问题有纠纷。180****2401（9:53 来电催促） #非警务#纠纷事项#消费问题#报警电话:180****2401,消费纠纷,消费纠纷,0.9
BYW202505310203,我们在这里做了水电，现在拿不到钱，老板跑了。189****7193 #非警务#纠纷事项#劳资问题#报警电话:189****7193,劳动人事（就业）纠纷,劳动人事（就业）纠纷,0.9
BYW202505310204,我跟医院医生因为检查费用问题有纠纷。188****5360 #非警务#纠纷事项#医患问题#报警电话:188****5360,医疗纠纷,医疗纠纷,0.9
BYW202505310205,我租了房子，房东不肯退押金。151****5405。 #非警务#纠纷事项#租赁问题#报警电话:151****5405,经济纠纷,消费纠纷,0.9
BYW202505310206,#长效关注#老板拖欠工资，卷钱跑路了189****1915 #非警务#纠纷事项#劳资问题#报警电话:189****1915,劳动人事（就业）纠纷,劳动人事（就业）纠纷,0.9
BYW202505310207,老板拖欠工资，卷钱跑路了189****1915。报警人来电催促。 #非警务#纠纷事项#劳资问题#报警电话:189****1915,劳动人事（就业）纠纷,劳动人事（就业）纠纷,0.9
BYW202505310208,#长效关注#因为移车问题双方引起纠纷，需要处理，报警人电话：189****2389 #非警务#纠纷事项#邻里问题#报警电话:189****2389,邻里纠纷,邻里纠纷,0.9
DQIW202505010001,#长效关注#我在往外倒水的时候，水明明没有溅到对方，对方一定要说溅到了他，双方发生纠纷 133****4507 #非警务#纠纷事项#邻里问题#报警电话:133****4507,邻里纠纷,邻里纠纷,0.9
DQIW202505010002,债务问题，双方有纠纷  158****9503 #非警务#纠纷事项#经济（债务）问题#报警电话:158****9503,债务纠纷,债务纠纷,0.9
DQIW202505010101,因银城大道改建需要，工人需要将变电箱安装在阿七烟花爆竹店门口（洞桥荷晓西路173号），存在安全隐患，请相关部门及时介入处置,其他纠纷,治安隐患纠纷,0.9
DQIW202505030001,159****8449：因为钱的事情有纠纷，需要调解，具体情况听不清楚 #非警务#纠纷事项#其他纠纷事项#报警电话:159****8449,其他纠纷,债务纠纷,0.9
DQIW202505030002,我是货车司机，因为收货方没有给发货方费用，现在发货方不让我卸货，收货方强行卸货，现在产生纠纷。155****9279 #非警务#纠纷事项#物流（快递）问题#报警电话:155****9279,消费纠纷,其他纠纷,0.9
DQIW202505030003,120来电：有个女的（155****9125）谎称需要120，我们到场后对方称没有生病，要求我们帮其抓小三，还拦着我们工作人员不让走，请处理，联系电话：0574120 #非警务#纠纷事项#其他纠纷事项#报警电话:120,其他纠纷,其他纠纷,0.9
DQIW202505030004,#长效关注#303泼水到楼下，我们从楼下经过，正好泼在我们身上，我们找到他家，现在双方吵架了，报警人电话135****1235 #非警务#纠纷事项#邻里问题#报警电话:135****1235,邻里纠纷,邻里纠纷,0.9
DQIW202505030005,楼道门口停着一辆车有安全隐患，跟物业反映无果，有纠纷，电话131****5747。 #非警务#纠纷事项#物业管理问题#报警电话:131****5747,邻里纠纷,物业管理纠纷,0.9
DQIW202505030006,这里有人称手表遗失，要进学校找，我们不让其进去，引起纠纷。132****3980 #非警务#纠纷事项#物业管理问题#报警电话:132****3980,公共秩序纠纷,涉校园纠纷,0.9
DQIW202505030007,网约车司机来电称乘客吐在我车上，现在不肯负责，双方在一起。 #非警务#纠纷事项#司乘（代驾）问题#报警电话:131****5775,消费纠纷,消费纠纷,0.9
DQIW202505030008,对方在我旁边撒尿，我说了他几句，引起吵架，对方还要打我。198****2596 #非警务#纠纷事项#其他纠纷事项#报警电话:198****2596,邻里纠纷,口角琐事纠纷,0.9
DQIW202505040001,#长效关注#139****8581：我要从这里过，这户人家不让我过，引起吵架。（没有门牌号） #非警务#纠纷事项#邻里问题#报警电话:139****8581,邻里纠纷,邻里纠纷,0.9
DQIW202505040002,我让货车司机拉了榴莲，司机耽误了时间，导致榴莲坏了，对方不肯赔偿181****0376 #非警务#纠纷事项#物流（快递）问题#报警电话:181****0376,经济纠纷,消费纠纷,0.9
DQIW202505040003,我车不在这边修理了，现在因为拆装费的问题 修理厂不让我把车开走，报警人号码：190****5881 #非警务#纠纷事项#消费问题#报警电话:190****5881,经济纠纷,消费纠纷,0.9
DQIW202505040004,我车不在这边修理了，现在因为拆装费的问题 修理厂不让我把车开走，报警人号码：190****5881 #非警务#纠纷事项#消费问题#报警电话:190****5881,经济纠纷,消费纠纷,0.9
DQIW202505040005,客人修电瓶车的电瓶，没有修好引起纠纷。132****1139 #非警务#纠纷事项#消费问题#报警电话:132****1139,经济纠纷,消费纠纷,0.9
DQIW202505040006,昨天早上，一个客户在我们这买了4439元的西瓜，加了我们的微信，说微信转给我们，现一直没给，需要帮助，报警电话135****9811 #非警务#纠纷事项#消费问题#报警电话:135****9811,消费纠纷,消费纠纷,0.9
DQIW202505040007,我在店里修车，店家未经我允许把我车拖到了别处，车子刚拖回来，现引起纠纷，报警人电话：158****3577 #非警务#纠纷事项#消费问题#报警电话:158****3577,经济纠纷,消费纠纷,0.9
DQIW202505050001,两箱水果被对方司机（浙BK21L0五菱，面包车)拉走了，132****2869 #非警务#纠纷事项#物流（快递）问题#报警电话:132****2869,消费纠纷,消费纠纷,0.9
DQIW202505050002,因为有劳动纠纷，对方想让我离职，现我不能进公司打卡，报警电话：182****6579 #非警务#纠纷事项#劳资问题#报警电话:182****6579,劳动人事（就业）纠纷,劳动人事（就业）纠纷,0.9
DQIW202505050003,我在这里买的榴莲现在发现质量有问题，商家不肯负责，双方协商不下。186****8983 #非警务#纠纷事项#消费问题#报警电话:186****8983,消费纠纷,消费纠纷,0.9
DQIW202505050004,我在这里买的榴莲现在发现质量有问题，商家不肯负责，双方协商不下。186****8983（来电催促并补充地址，辅助下单） #非警务#纠纷事项#消费问题#报警电话:186****8983,消费纠纷,消费纠纷,0.9
DQIW202505050005,#长效关注#我爸与我妈因为家庭琐事，引起纠纷137****9808 #非警务#纠纷事项#家庭婚姻感情问题#报警电话:137****9808,家庭婚姻纠纷,家庭婚姻纠纷,0.9
DQIW202505050006,我是来卸货的但是对方不给我钱，现有纠纷，152****0598 #非警务#纠纷事项#劳资问题#报警电话:152****0598,劳动人事（就业）纠纷,劳动人事（就业）纠纷,0.9
DQIW202505060001,我们在这里喝酒消费，工作人员不让我们走153****1198 #非警务#纠纷事项#消费问题#报警电话:153****1198,消费纠纷,消费纠纷,0.9
DQIW202505060002,辅助单：我们在这里喝酒消费，工作人员不让我们走153****1198 #非警务#纠纷事项#消费问题#报警电话:153****1198,消费纠纷,消费纠纷,0.9
DQIW202505060003,现在因为辞退员工的事情，现和员工产生纠纷。199****2668 #非警务#纠纷事项#劳资问题#报警电话:199****2668,劳动人事（就业）纠纷,劳动人事（就业）纠纷,0.9
DQIW202505060004,业主停车费不交，把车停在门口堵着，需要工作人员处理，报警人电话：132****8110 #非警务#纠纷事项#物业管理问题#报警电话:132****8110,邻里纠纷,物业管理纠纷,0.9
DQIW202505060005,对方欠我钱不还，引起纠纷，报警人电话：150****1198 #非警务#纠纷事项#经济（债务）问题#报警电话:150****1198,债务纠纷,债务纠纷,0.9
DQIW202505060006,对方欠我钱不还，引起纠纷，报警人电话：150****1198（报警人来电催促） #非警务#纠纷事项#经济（债务）问题#报警电话:150****1198,债务纠纷,债务纠纷,0.9
DQIW202505060007,我叫了货拉拉，本来15分钟送达，后对方一个半小时才到，后对方称其去吃了饭才来的，现我不愿支付费用，双方引起纠纷，报警电话135****3501 #非警务#纠纷事项#物流（快递）问题#报警电话:135****3501,消费纠纷,消费纠纷,0.9
DQIW202505060008,我叫了货拉拉，本来15分钟送达，后对方一个半小时才到，后对方称其去吃了饭才来的，现我不愿支付费用，双方引起纠纷，报警电话135****3501 #非警务#纠纷事项#物流（快递）问题#报警电话:135****3501,消费纠纷,消费纠纷,0.9
DQIW202505060009,对方装修我的办公室有质量问题引起纠纷，电话180****2010。 #非警务#纠纷事项#其他纠纷事项#报警电话:180****2010,其他纠纷,消费纠纷,0.9
DQIW202505060010,我是清洁工，旁边厂里面的垃圾乱扔，跟他们讲了也不管，需要帮忙。 #非警务#纠纷事项#其他纠纷事项#报警电话:139****5303,环保纠纷,环保纠纷,0.9
DQIW202505060011,有辆车停在我家门口，我不让她停，双方产生纠纷，报警人电话155****1236 #非警务#纠纷事项#其他纠纷事项#报警电话:155****1236,邻里纠纷,邻里纠纷,0.9
DQIW202505060012,135****9195报：老板不给我工资，有纠纷需要处理 #非警务#纠纷事项#劳资问题#报警电话:135****9195,劳动人事（就业）纠纷,劳动人事（就业）纠纷,0.9
DQIW202505060013,买到的价格有问题，对方也不处理，需要处理    130****8350 #非警务#纠纷事项#消费问题#报警电话:130****8350,消费纠纷,消费纠纷,0.9
DQIW202505060301,网格员接到居民投诉关于电动自行车棚搭好后迟迟没有通电投入使用，请相关部门处理。,邻里纠纷,其他纠纷,0.9
DQIW202505070201,我货车装货，对方不让我车开过去，产生纠纷，报警人152****4656 #非警务#纠纷事项#其他纠纷事项#报警电话:152****4656,经济纠纷,街面秩序,0.9
DQIW202505070202,我货车装货，对方不让我车开过去，说我车会压到他门口的路，产生纠纷，报警人152****4656 #非警务#纠纷事项#其他纠纷事项#报警电话:152****4656,环保纠纷,街面秩序,0.9
DQIW202505070203,我卸完货后，对方不付运费 #非警务#纠纷事项#经济（债务）问题#报警电话:183****9968,消费纠纷,债务纠纷,0.9
DQIW202505070204,我在河边钓鳝鱼，对方说这个塘是他们承包的，产生纠纷，电话151****0112 #非警务#纠纷事项#其他纠纷事项#报警电话:151****0112,其他纠纷,土地森林草场水利等纠纷,0.9
DQIW202505070205,我在河边钓鳝鱼，对方说这个塘是他们承包的，不让我钓，产生纠纷，电话151****0112（13:57报警人来电催促） #非警务#纠纷事项#其他纠纷事项#报警电话:151****0112,其他纠纷,土地森林草场水利等纠纷,0.9
DQIW202505070206,我在这干活，对方没给工资。176****0289。 #非警务#纠纷事项#劳资问题#报警电话:176****0289,劳动人事（就业）纠纷,劳动人事（就业）纠纷,0.9
DQIW202505070207,我在这干活，对方没给工资。176****0289。 #非警务#纠纷事项#劳资问题#报警电话:176****0289,劳动人事（就业）纠纷,劳动人事（就业）纠纷,0.9
DQIW202505070208,有人买了二手车，车辆已经过户了，对方不肯付钱，怀疑对方诈骗。157****2225 #非警务#纠纷事项#消费问题#报警电话:157****2225,经济纠纷,消费纠纷,0.9
DQIW202505070209,来电有争吵声，后称因水电费和房东有纠纷，电话中一直在争吵，报警电话：135****9733 #非警务#纠纷事项#租赁问题#报警电话:135****9733,经济纠纷,其他纠纷,0.9
DQIW202505070401,鄞城广场一日三餐占到经营，噪音扰民，请及时处理。,街面秩序,街面秩序,0.9
DQIW202505080001,司机运货到这里，发现货物少了，引起纠纷，报警人电话158****6818 #非警务#纠纷事项#物流（快递）问题#报警电话:158****6818,经济纠纷,消费纠纷,0.9
DQIW202505080002,司机运货到这里，发现货物少了，引起纠纷，报警人电话158****6818 #非警务#纠纷事项#物流（快递）问题#报警电话:158****6818,经济纠纷,消费纠纷,0.9
DQIW202505080003,一个工人受了工伤，向老板提前预支了工资，拿走了我们的工资，不还给我们159****2237 #非警务#纠纷事项#劳资问题#报警电话:159****2237,劳动人事（就业）纠纷,劳动人事（就业）纠纷,0.9
DQIW202505080004,有辆车不付钱还堵在小区门口，我跟他说他不听，产生纠纷，报警人151****3472 #非警务#纠纷事项#物业管理问题#报警电话:151****3472,邻里纠纷,物业管理纠纷,0.9
DQIW202505090001,公司伪造了一份劳动合同，还找我麻烦，199****9577 #非警务#纠纷事项#劳资问题#报警电话:199****9577,劳动人事（就业）纠纷,劳动人事（就业）纠纷,0.9
DQIW202505090002,因为维修费和顾客有纠纷，189****7900 #非警务#纠纷事项#消费问题#报警电话:189****7900,经济纠纷,消费纠纷,0.9
DQIW202505090003,192****5343货车司机报：收货方不给卸货还不让我走，双方在一起需要处理 #非警务#纠纷事项#物流（快递）问题#报警电话:192****5343,消费纠纷,消费纠纷,0.9
DQIW202505090004,192****5343货车司机报：收货方不给卸货还不让我走，双方在一起需要处理（辅助下单） #非警务#纠纷事项#物流（快递）问题#报警电话:192****5343,消费纠纷,消费纠纷,0.9
DQIW202505090005,#长效关注#有人把砖头堆在我家门口不肯拿走，引起纠纷。136****8290 #非警务#纠纷事项#邻里问题#报警电话:136****8290,邻里纠纷,邻里纠纷,0.9
DQIW202505090101,村民吴中国在自己田里打农药过程中误把农药打到陈仁娥田里，导致蔬菜死亡引发矛盾,经济纠纷,损害赔偿纠纷,0.9
DQIW202505100001,我是司机，保安这里在骂人，争吵中138****8625 #非警务#纠纷事项#物业管理问题#报警电话:138****8625,公共秩序纠纷,口角琐事纠纷,0.9
DQIW202505100002,叫了一个货拉拉拉货，因为价格问题有纠纷，来电需要处理。180****1709 #非警务#纠纷事项#物流（快递）问题#报警电话:180****1709,消费纠纷,消费纠纷,0.9
DQIW202505100003,因为停车费的事情引起，业主故意用车堵路，双方发生纠纷，报警人电话134****2908 #非警务#纠纷事项#物业管理问题#报警电话:134****2908,邻里纠纷,物业管理纠纷,0.9
DQIW202505100004,业主不肯付停车费，现在恶意堵路，双方产生纠纷，报警人电话180****7825 #非警务#纠纷事项#物业管理问题#报警电话:180****7825,邻里纠纷,物业管理纠纷,0.9
DQIW202505100005,业主不肯付停车费，现堵在小区路口，需要工作人员处理，报警人电话180****7825 #非警务#纠纷事项#物业管理问题#报警电话:180****7825,物业管理纠纷,物业管理纠纷,0.9
DQIW202505100006,家里的油烟机被师傅洗坏了，现赔偿问题发生纠纷，双方在场。159****7346 #非警务#纠纷事项#消费问题#报警电话:159****7346,消费纠纷,消费纠纷,0.9
DQIW202505100007,#长效关注#我在这里办了会员卡，现在老板要换了之前的不能做了，双方产生纠纷，报警人电话138****2365 #非警务#纠纷事项#消费问题#报警电话:138****2365,消费纠纷,消费纠纷,0.9
DQIW202505110001,我电瓶车停着，车上的东西被狗叼走了，狗穿着衣服，应该是有主人的，让物业给我处理查找狗主人，物业不给我处理，报警人电话：157****4939 #非警务#纠纷事项#物业管理问题#报警电话:157****4939,经济纠纷,狗患纠纷,0.9
DQIW202505110002,我电瓶车停着，车上的东西被狗叼走了，狗穿着衣服，应该是有主人的，让物业给我处理查找狗主人，物业不给我处理，报警人电话：157****4939 #非警务#纠纷事项#物业管理问题#报警电话:157****4939,经济纠纷,物业管理纠纷,0.9
DQIW202505110003,因为货物价钱问题和货主有纠纷，159****7354 #非警务#纠纷事项#消费问题#报警电话:159****7354,消费纠纷,消费纠纷,0.9
DQIW202505110004,#长效关注#我在这里充了卡，对方不给我服务有纠纷。电话：150****3159 #非警务#纠纷事项#消费问题#报警电话:150****3159,消费纠纷,消费纠纷,0.9
DQIW202505110005,对方说我骚扰她，现在产生纠纷，报警人电话：138****4441 #非警务#纠纷事项#其他纠纷事项#报警电话:138****4441,其他纠纷,情感纠纷,0.9
DQIW202505120001,店里有客人吃完饭不付钱引起纠纷，电话188****9329。 #非警务#纠纷事项#消费问题#报警电话:188****9329,消费纠纷,消费纠纷,0.9
DQIW202505120002,昨天我在这里订了一批瓜，现我发现瓜的质量来退换，现店家不肯退，引起纠纷，报警人电话：153****5909.（报警人称对方还想打人，请民警同时处理） #非警务#纠纷事项#消费问题#报警电话:153****5909,消费纠纷,消费纠纷,0.9
DQIW202505120003,我在烧烤店吃饭，跟朋友AA结账时分不清楚，135****2153 #非警务#纠纷事项#消费问题#报警电话:135****2153,消费纠纷,消费纠纷,0.9
DQIW202505120004,我在烧烤店吃饭，跟朋友AA结账时，因为结账金额分不清楚有纠纷，135****2153（23:13报警人132****8152来电催促） #非警务#纠纷事项#经济（债务）问题#报警电话:135****2153,消费纠纷,消费纠纷,0.9
DQIW202505120305,村民来村反应百梁桥村严家路15、16号的村民，在自家后门处养鸡，味道很重，尤其是夏天的时候味道非常的臭，影响周边居民的生活，要求处理,邻里纠纷,环保纠纷,0.9
DQIW202505130004,#邻里纠纷#陈某是残疾人，由他侄女为监护人，陈某劳保卡由侄女保管，因陈某时常抱怨侄女给生活费太少不满，隔壁邻居陈某某给陈某出个主意，叫他拿身份证去把劳保卡挂失后再取出钱，陈某照办了，等侄女发现劳保卡上没钱，问陈某怎么回事，知道是陈某某给他出主意并帮他一起办理，侄女质问陈某某，陈某某说出于好心，侄女不干，大吵起来，并叫陈某某把陈某花掉钱赔偿，引起了纠纷。,经济纠纷,其他纠纷,0.9
DQIW202505130101,张家垫村村民在新村二期的公共停车位装地锁，与邻居引起矛盾纠纷，请有关云前来处理,公共秩序纠纷,邻里纠纷,0.9
DQIW202505130401,177****3897：我对自己的电信手机的账单有疑问，电信工作人员还把我的手机停掉了，现在在营业厅有纠纷，已告知可以联系12381 #非警务#纠纷事项#消费问题#报警电话:177****3897,消费纠纷,消费纠纷,0.9
DQIW202505130402,186****0929：因为买东西没付钱，有纠纷需要处理 #非警务#纠纷事项#消费问题#报警电话:186****0929,消费纠纷,消费纠纷,0.9
DQIW202505130403,对方不给我3月份的运费，有纠纷130****6786 #非警务#纠纷事项#物流（快递）问题#报警电话:130****6786,消费纠纷,劳动人事（就业）纠纷,0.9
DQIW202505130404,我厂里的员工买东西由我垫付，现在不和我对账，双方有纠纷137****1559（已电告海曙分局） #非警务#纠纷事项#消费问题#报警电话:137****1559,劳动人事（就业）纠纷,消费纠纷,0.9
DQIW202505130405,187****1366报：离职员工因工资问题来公司影响我们办公引起纠纷 #非警务#纠纷事项#劳资问题#报警电话:187****1366,劳动人事（就业）纠纷,劳动人事（就业）纠纷,0.9
DQIW202505130406,187****1366报：离职员工因工资问题来公司影响我们办公引起纠纷（辅助下单：来电催促） #非警务#纠纷事项#劳资问题#报警电话:187****1366,劳动人事（就业）纠纷,劳动人事（就业）纠纷,0.9
DQIW202505130407,对方拉货不送过来，现在有纠纷需要处理。131****1234 #非警务#纠纷事项#物流（快递）问题#报警电话:131****1234,消费纠纷,消费纠纷,0.9
DQIW202505140201,我和滴滴司机因为高速费用有纠纷，155****0121 #非警务#纠纷事项#司乘（代驾）问题#报警电话:155****0121,消费纠纷,消费纠纷,0.9
DQIW202505140202,我在这里买了二手车，现在想要退款，对方不愿意，现在产生纠纷，报警人电话：136****8075 #非警务#纠纷事项#消费问题#报警电话:136****8075,经济纠纷,消费纠纷,0.9
DQIW202505140203,卖樱桃引起纠纷，具体事由不肯说，报警人电话133****2071 #非警务#纠纷事项#消费问题#报警电话:133****2071,消费纠纷,消费纠纷,0.9
DQIW202505140204,卖樱桃引起纠纷，具体事由不肯说，报警人电话133****2071 #非警务#纠纷事项#消费问题#报警电话:133****2071,消费纠纷,消费纠纷,0.9
DQIW202505140205,我在这里充卡了，但是现在店家不承认，双方引起纠纷，报警电话159****8067 #非警务#纠纷事项#消费问题#报警电话:159****8067,消费纠纷,消费纠纷,0.9
DQIW202505140206,因顾客原来的会员卡用不了，有纠纷，电话130****9111。 #非警务#纠纷事项#消费问题#报警电话:130****9111,消费纠纷,消费纠纷,0.9
DQIW202505140207,178****9768报：对方说话很大声，我说了几句，对方就一直骂我，双方有纠纷 #非警务#纠纷事项#其他纠纷事项#报警电话:178****9768,口角琐事纠纷,口角琐事纠纷,0.9
DQIW202505150101,我是去学车，因为眼视力未过，现因学车费用问题，引起纠纷。139****4696 #非警务#纠纷事项#消费问题#报警电话:139****4696,其他纠纷,消费纠纷,0.9
DQIW202505150102,"我是去学车，因为眼视力未过，现因学车费用问题，引起纠纷。139****4696
重复报警:报警时间:2025-05-15 09:17:12, 报警电话:139****4696, 联系电话:139****4696, #非警务#纠纷事项#消费问题#报警电话:139****4696",其他纠纷,消费纠纷,0.9
DQIW202505150103,拖欠工资，有纠纷。150****2911 #非警务#纠纷事项#劳资问题#报警电话:150****2911,劳动人事（就业）纠纷,劳动人事（就业）纠纷,0.9
DQIW202505150104,我是货车司机，对方不肯付我运费，也不肯让我把货拉走，有纠纷，152****3427 #非警务#纠纷事项#物流（快递）问题#报警电话:152****3427,消费纠纷,债务纠纷,0.9
DQIW202505150105,我在理发店充钱，只用了2次就用不了 ，商家也不给退钱，电话181****9715 #非警务#纠纷事项#消费问题#报警电话:181****9715,消费纠纷,消费纠纷,0.9
DQIW202505150301,悦邻汇菜场旁边理发店，这家理发店老板换了好几个，因充卡不认账引起的消费纠纷。,公共秩序纠纷,消费纠纷,0.9
DQIW202505150302,"王家桥村沈家弄135号，赵学章，5222*****001X,存在极端扬言，请相关单位关注。",治安隐患纠纷,其他纠纷,0.9
DQIW202505160101,本网格内庄某与其丈夫因某种原因婚姻走到 尽端，近期庄某为儿子争取房产与丈夫一家人争吵不断，网格员多次协调无果，需上级司法部门协助解决。,房地产纠纷,家庭婚姻纠纷,0.9
DQIW202505160105,郑某某的旱地在王某某下面，需要经过王某某家的竹林。王某某最近在竹林养鸡将竹林圈拦，导致郑某某无法到自家旱地劳作，因此引发了邻里纠纷。,邻里纠纷,土地森林草场水利等纠纷,0.9
DQIW202505160203,据村民反映位于王家桥村章远路上有一个外地女孩因家庭事情跟家人闹矛盾，独自一个人跑到章远路人行道上哭泣，当时过往车辆较多存在安全隐患，需要及时劝离。,家庭婚姻纠纷,家庭婚姻纠纷,0.9
DQIW202505160306,#邻里纠纷#5月16日下午，网格员走访过程接到居民投诉，有养犬犬吠噪音很大，严重影响邻里和谐，欲报警处理。,狗患纠纷,狗患纠纷,0.9
DQIW202505160401,#长效关注#楼上楼下因漏水问题起纠纷，和对方协商，对方态度还很差，吵架了。报警人：130****1258 #非警务#纠纷事项#邻里问题#报警电话:130****1258,邻里纠纷,邻里纠纷,0.9
DQIW202505160402,我的叉车租给客户，客户现在不让我把车子开走，说车子是他们买的，有纠纷，189****7551 #非警务#纠纷事项#租赁问题#报警电话:189****7551,经济纠纷,经济纠纷,0.9
DQIW202505160403,我在理发店充了钱，现老板说我卡里没钱，有纠纷。135****5579 #非警务#纠纷事项#消费问题#报警电话:135****5579,消费纠纷,消费纠纷,0.9
DQIW202505160404,#长效关注#跟我老公因离婚问题发生纠纷。138****9806 #非警务#纠纷事项#家庭婚姻感情问题#报警电话:138****9806,家庭婚姻纠纷,家庭婚姻纠纷,0.9
DQIW202505160405,#长效关注#跟我老公因离婚问题发生纠纷。138****9806 #非警务#纠纷事项#家庭婚姻感情问题#报警电话:138****9806,家庭婚姻纠纷,家庭婚姻纠纷,0.9
DQIW202505170001,这里有一个建筑垃圾的堆场，昨天凌晨五点多、今天凌晨四点多，都有车来拉建筑垃圾，影响居民休息，我们跟物业反映，物业不管。报警人：137****9905。 #非警务#纠纷事项#物业管理问题#报警电话:137****9905,环保纠纷,噪声污染,0.9
DQIW202505170002,133****7257房东来电租客不肯付房租，人在现场，有纠纷。 #非警务#纠纷事项#租赁问题#报警电话:133****7257,经济纠纷,债务纠纷,0.9
DQIW202505170003,我与快递公司老板有经济上的矛盾，现在对方不让我在家打单子，需要调解131****2575 #非警务#纠纷事项#经济（债务）问题#报警电话:131****2575,消费纠纷,经济纠纷,0.9
DQIW202505170004,我与快递公司老板有经济上的矛盾，现在对方不让我在家打单子，需要调解131****2575（辅助下单） #非警务#纠纷事项#经济（债务）问题#报警电话:131****2575,消费纠纷,经济纠纷,0.9
DQIW202505180001,对方欠我钱一直不还，我现在在对方家门口，需要调解180****4359 #非警务#纠纷事项#经济（债务）问题#报警电话:180****4359,债务纠纷,债务纠纷,0.9
DQIW202505180002,辅助：对方欠我钱一直不还，我现在在对方家门口，需要调解180****4359（1:36来电催促） #非警务#纠纷事项#经济（债务）问题#报警电话:180****4359,债务纠纷,债务纠纷,0.9
DQIW202505180003,我被狗咬了，狗主人在现场不愿意赔偿，双方引起纠纷，报警电话187****3759 #非警务#纠纷事项#经济（债务）问题#报警电话:187****3759,经济纠纷,损害赔偿纠纷,0.9
DQIW202505180004,我是运满满货主，我送货到了这里，现这里不给卸车并让我，引起纠纷，报警人电话：153****7272. #非警务#纠纷事项#物流（快递）问题#报警电话:153****7272,消费纠纷,消费纠纷,0.9
DQIW202505180005,132****1031：我买的电瓶车店家一定要我在这修车，不让我把电瓶车开走，有纠纷需要处理 #非警务#纠纷事项#消费问题#报警电话:132****1031,经济纠纷,消费纠纷,0.9
DQIW202505180101,洞桥新莳农场对面靠近甬金高速边上 ，有一群牛被圈养，无安全防护措施，牛受惊后跑出来可能会跑到高速公路上，会有一定的危害风险存在，望有关部门引起重视。,作业场所（工地）安全隐患,治安隐患纠纷,0.9
DQIW202505190401,去年上班时我的手受伤了老板不赔偿，引起纠纷，电话135****3180。 #非警务#纠纷事项#劳资问题#报警电话:135****3180,劳动人事（就业）纠纷,劳动人事（就业）纠纷,0.9
DQIW202505190402,#长效关注#158****2080：老公说我拿了他的手机，我没拿，双方引起纠纷。 #非警务#纠纷事项#家庭婚姻感情问题#报警电话:158****2080,家庭婚姻纠纷,家庭婚姻纠纷,0.9
DQIW202505200205,#邻里纠纷#5月20日下午，网格员在日常走访过程中发现矛盾纠纷，404住户与楼上504因漏水赔偿问题发生纠纷，双方产生口角。,口角琐事纠纷,损害赔偿纠纷,0.9
DQIW202505200401,因为店铺转让了，现在店家要我充钱才给用会员卡引起纠纷。199****0815 #非警务#纠纷事项#消费问题#报警电话:199****0815,消费纠纷,消费纠纷,0.9
DQIW202505200402,早上买了东西，现在用不上要退，对方不让我退131****5870 #非警务#纠纷事项#消费问题#报警电话:131****5870,消费纠纷,消费纠纷,0.9
DQIW202505200403,我在理发店充了钱，现在店家不给我使用了，186****3770 #非警务#纠纷事项#消费问题#报警电话:186****3770,消费纠纷,消费纠纷,0.9
DQIW202505200404,商家报警：我和顾客有纠纷，因为该顾客买电瓶车一会说要买一会又说不要买，双方在一起，有纠纷。132****1031 #非警务#纠纷事项#消费问题#报警电话:132****1031,消费纠纷,消费纠纷,0.9
DQIW202505200405,我木材卖给对方，他不给钱，有纠纷158****5545 #非警务#纠纷事项#消费问题#报警电话:158****5545,经济纠纷,消费纠纷,0.9
DQIW202505200406,我木材卖给对方，他不给钱，有纠纷158****5545 #非警务#纠纷事项#消费问题#报警电话:158****5545,经济纠纷,消费纠纷,0.9
DQIW202505210007,张家垫村三村新苑6幢504装修时发现下水道水下不去，可能是楼下404住户那边堵塞，希望村委会网格员出面进行协商。,物业管理纠纷,邻里纠纷,0.9
DQIW202505210126,#除险保安#新世境花苑物业与银城广场负责人就地下车库管理问题产生纠纷。,物业管理纠纷,物业管理纠纷,0.9
DQIW202505210402,洞桥镇洞桥中心小学六年级一学生因患有轻度抑郁症于5月20日吞食两版治疗抑郁症的药，后经120抢救，经洗胃，暂无生命危险，家属陪同治疗。,义务教育流生情况,涉校园纠纷,0.9
DQIW202505210501,因为工资问题有纠纷132****2911 #非警务#纠纷事项#劳资问题#报警电话:132****2911,劳动人事（就业）纠纷,劳动人事（就业）纠纷,0.9
DQIW202505210502,133****8667报：我拉猪肉来这里，他们不给我卸货，导致车子停了一晚上死了几头猪，现在他们不愿意给我结清运费，我在门口需要调解 #非警务#纠纷事项#物流（快递）问题#报警电话:133****8667,经济纠纷,消费纠纷,0.9
DQIW202505210503,店家答应给我修车返点，现在不承认了有纠纷190****5881 #非警务#纠纷事项#消费问题#报警电话:190****5881,经济纠纷,消费纠纷,0.9
DQIW202505210504,老板不给工资引起纠纷。199****1932 #非警务#纠纷事项#劳资问题#报警电话:199****1932,劳动人事（就业）纠纷,劳动人事（就业）纠纷,0.9
DQIW202505210505,拿不到工资，双方有纠纷150****6514 #非警务#纠纷事项#劳资问题#报警电话:150****6514,劳动人事（就业）纠纷,劳动人事（就业）纠纷,0.9
DQIW202505220001,早上我货送错车了，对方不承认，后说自己已经卖了不肯赔，现对方车在，人不肯来，他兄弟在这里。报警人：152****9917 #非警务#纠纷事项#经济（债务）问题#报警电话:152****9917,消费纠纷,消费纠纷,0.9
DQIW202505220002,租房的问题和房东有纠纷，需要协调159****5387 #非警务#纠纷事项#租赁问题#报警电话:159****5387,经济纠纷,房地产纠纷,0.9
DQIW202505220003,租房的问题和房东有纠纷，需要协调159****5387（辅助下单，来电催促处理） #非警务#纠纷事项#租赁问题#报警电话:159****5387,经济纠纷,消费纠纷,0.9
DQIW202505230001,我向商家买了一箱枇杷，枇杷存在质量问题，对方不给退，引起纠纷，195****0608 #非警务#纠纷事项#消费问题#报警电话:195****0608,消费纠纷,消费纠纷,0.9
DQIW202505230002,顾客买了水果要退费与其有纠纷132****0085 #非警务#纠纷事项#消费问题#报警电话:132****0085,消费纠纷,消费纠纷,0.9
DQIW202505230003,我向商家买了一箱枇杷，枇杷存在质量问题，对方不给退，引起纠纷，195****0608（来电催促，辅助下单） #非警务#纠纷事项#消费问题#报警电话:195****0608,消费纠纷,消费纠纷,0.9
DQIW202505230004,一辆浙B681R2白色丰田车主人在，故意挡住我的去路不肯已走，有矛盾。173****7706 #非警务#纠纷事项#其他纠纷事项#报警电话:155****6189,消费纠纷,街面秩序,0.9
DQIW202505230005,我交了学车的报名费，因为眼视力未过不能参加，对方不肯退费，有纠纷139****4696 #非警务#纠纷事项#消费问题#报警电话:139****4696,消费纠纷,消费纠纷,0.9
DQIW202505230006,我交了学车的报名费，因为眼视力未过不能参加，对方不肯退费，有纠纷139****4696 #非警务#纠纷事项#消费问题#报警电话:139****4696,消费纠纷,消费纠纷,0.9
DQIW202505230007,我在这里修手机，店里修手机的时候把我的手机弄坏了。报警人电话：186****6267 #非警务#纠纷事项#消费问题#报警电话:186****6267,,消费纠纷,0.9
DQIW202505230008,"这里有人与老板有纠纷，现在对方锁门了，引起纠纷。152****8329
后称对方是老人，情绪激动，说不清楚。 #非警务#纠纷事项#其他纠纷事项#报警电话:152****8329",消费纠纷,其他纠纷,0.9
DQIW202505230009,因对方的电瓶车占着车位不挪走引起纠纷，电话153****3721。 #非警务#纠纷事项#其他纠纷事项#报警电话:153****3721,邻里纠纷,邻里纠纷,0.9
DQIW202505230010,有人把我停在这里的电瓶车推到另一边，双方产生纠纷，对方还骂我。173****5095 #非警务#纠纷事项#其他纠纷事项#报警电话:173****5095,邻里纠纷,邻里纠纷,0.9
DQIW202505230011,因对方的电瓶车占着车位不挪走引起纠纷，电话153****3721。（工作人员已经到现场，告知和对方反映情况） #非警务#纠纷事项#其他纠纷事项#报警电话:153****3721,邻里纠纷,街面秩序,0.9
DQIW202505230012,双方因为电瓶车买卖费用问题有纠纷180****3099 #非警务#纠纷事项#消费问题#报警电话:180****3099,经济纠纷,消费纠纷,0.9
DQIW202505230302,潘罗村潘家耷孙婆婆家养了一只鸡，每天大清早都会不停的啼叫，住在隔壁的潘阿姨一直睡不好，也影响她孙子的睡眠，两人发生矛盾。经村委出面也无法调解，请镇司法所调解。,家庭婚姻纠纷,邻里纠纷,0.9
DQIW202505230402,#邻里纠纷#网格员在日常走访过中接到居民投诉，楼下302住户将垃圾桶放在楼道内，夏日高温有难闻气味，引起邻里矛盾。,邻里纠纷,公共秩序纠纷,0.9
DQIW202505240001,老板不退我我钱，产生纠纷，报警人电话：159****7037 #非警务#纠纷事项#消费问题#报警电话:159****7037,经济纠纷,消费纠纷,0.9
DQIW202505240002,"有个人买了调料发现过期了,要求赔偿153****0119 #非警务#纠纷事项#消费问题#报警电话:153****0119",消费纠纷,消费纠纷,0.9
DQIW202505240003,我骑电瓶车过了机动车杆子， 杆子砸下来砸到我头，现在因为赔偿问题有纠纷。报警人号码：173****4619 #非警务#纠纷事项#经济（债务）问题#报警电话:173****4619,交通事故纠纷,损害赔偿纠纷,0.9
DQIW202505240004,我骑电瓶车过了机动车杆子， 杆子砸下来砸到我头，现在因为赔偿问题有纠纷。报警人号码：173****4619 #非警务#纠纷事项#经济（债务）问题#报警电话:173****4619,交通事故纠纷,损害赔偿纠纷,0.9
DQIW202505240005,对方是卖瓜，因为对方说我把他的瓜弄坏了，有纠纷。183****6446 #非警务#纠纷事项#消费问题#报警电话:183****6446,其他纠纷,消费纠纷,0.9
DQIW202505250001,联系了一个汽车搭电的师傅，还要让我加他的油收我钱，引起纠纷  188****8775 #非警务#纠纷事项#消费问题#报警电话:188****8775,经济纠纷,消费纠纷,0.9
DQIW202505250002,卡套餐问题引起纠纷，报警人电话：188****7021 #非警务#纠纷事项#消费问题#报警电话:188****7021,消费纠纷,消费纠纷,0.9
DQIW202505250003,我的小狗跑丢了，被人捡到了，找到对方了但是不还，双方在一起，报警人：173****5130 #非警务#纠纷事项#其他纠纷事项#报警电话:173****5130,经济纠纷,其他纠纷,0.9
DQIW202505250004,#长效关注#我教育不了亲戚的小孩，他很叛逆，对方要叫人来打我，182****4023 #非警务#纠纷事项#家庭婚姻感情问题#报警电话:182****4023,家庭婚姻纠纷,家庭婚姻纠纷,0.9
DQIW202505250005,#长效关注#我女儿（有抑郁症）逼着我们拿钱，不拿就要打人150****1037 #非警务#纠纷事项#家庭婚姻感情问题#报警电话:150****1037,家庭婚姻纠纷,家庭婚姻纠纷,0.9
DQIW202505250006,#长效关注#我妈让我来问我爸要钱，我爸把我赶走，现有纠纷189****1563 #非警务#纠纷事项#家庭婚姻感情问题#报警电话:189****1563,家庭婚姻纠纷,家庭婚姻纠纷,0.9
DQIW202505250007,#长效关注#我要离婚带走孩子，婆婆不肯把孩子给我引起纠纷。150****5936 #非警务#纠纷事项#家庭婚姻感情问题#报警电话:150****5936,家庭婚姻纠纷,家庭婚姻纠纷,0.9
DQIW202505260107,#邻里纠纷#村民郭某某家裝修房子，将大量沙子堆放在行人道上，严重妨碍其他村民出行，陈某多次入户告知，郭某某不仅不听，还与其发生口角，所以陈某找到网格员希望联系司法所进行协调处置。,口角琐事纠纷,街面秩序,0.9
DQIW202505260122,网格员巡查中有村民罗大叔来反应，他家后门的邻居搭建了一个棚，养了几十只鹅。，但由于养殖数量较多，且卫生清理不及时，产生了大量的异味和噪音，严重影响到了罗大叔的正常生活。村委会多次对他俩进行调解协商，都无结果。,邻里纠纷,邻里纠纷,0.9
DQIW202505260401,我在58同城上找人修车，现在不想修了，对方不退我定金，我和其有纠纷，联系电话135****2688 #非警务#纠纷事项#消费问题#报警电话:135****2688,经济纠纷,消费纠纷,0.9
DQIW202505260402,有辆电动三轮车在人行道上卖西瓜，我车子被堵住出不去，对方不愿让行，引起纠纷。158****1870 #非警务#纠纷事项#其他纠纷事项#报警电话:158****1870,邻里纠纷,街面秩序,0.9
DQIW202505260403,有人因停车问题骂了我，需要调解135****8683 #非警务#纠纷事项#其他纠纷事项#报警电话:135****8683,邻里纠纷,口角琐事纠纷,0.9
DQIW202505260404,有人因停车问题骂了我，需要调解135****8683（来电催促，重复下单）（关联警单：3302*****00522） #非警务#纠纷事项#其他纠纷事项#报警电话:135****8683,邻里纠纷,邻里纠纷,0.9
DQIW202505270005,#矛调类其他#麻某在孙某承包出去的地里种植了蔬菜，被孙某发现后孙某不让其种植，与其发生争吵，双方由此产生纠纷。,口角琐事纠纷,土地森林草场水利等纠纷,0.9
DQIW202505270018,打工人李雨欣到劳动部门反应潘沙南路上的赵一鸣零食店未支付她7天的工资，请相关人员进行处理。,劳动人事（就业）纠纷,劳动人事（就业）纠纷,0.9
DQIW202505270201,前潘小区9幢一单元孙先生家养了一只狗，狗狗多次把屎拉在楼道门口，其他住户多次跟孙先生说，不要让狗乱拉屎，孙先生置之不理，引起了矛盾。,狗患纠纷,狗患纠纷,0.9
DQIW202505270302,#邻里纠纷#村民孙某经常把外孙的排泄物放在邵某的对门，邵某一开门就可以看到，心里十分气愤，多次跟孙某交涉无果，邵某要求村委进行调解。,邻里纠纷,邻里纠纷,0.9
DQIW202505270401,因为租房漏水，房东不退房租有纠纷。188****6825 #非警务#纠纷事项#租赁问题#报警电话:188****6825,经济纠纷,消费纠纷,0.9
DQIW202505270402,因对方欠钱不还引起纠纷，电话189****2769。 #非警务#纠纷事项#经济（债务）问题#报警电话:189****2769,债务纠纷,债务纠纷,0.9
DQIW202505280001,货车司机报警，我从安徽宿州拉了一车西瓜，到现在老板都没给我安排人卸货，报警人在现场，报警人电话158****7590 #非警务#纠纷事项#物流（快递）问题#报警电话:158****7590,消费纠纷,劳动人事（就业）纠纷,0.9
DQIW202505280002,我上门安装监控和设备，老板不愿意今天结账，我在现场，需要处理158****8227 #非警务#纠纷事项#消费问题#报警电话:158****8227,其他纠纷,消费纠纷,0.9
DQIW202505280003,租客退房了，但是我发现柜子是烂的，有纠纷。130****2882 #非警务#纠纷事项#租赁问题#报警电话:130****2882,经济纠纷,消费纠纷,0.9
DQIW202505290401,车子启动的时候，在检车过程中，刹车损坏了（海曙交警541923来电称不属于交通事故，现场有纠纷）（洞桥所540281来电称现在当事人在司法所处理，属于非警务） #非警务#纠纷事项#其他纠纷事项#报警电话:137****1885,经济纠纷,消费纠纷,0.9
DQIW202505290402,4月23日我在这里批发的芒果不合格，我找对方处理。对方不承认是他的芒果，双方有纠纷132****1865 #非警务#纠纷事项#消费问题#报警电话:132****1865,消费纠纷,消费纠纷,0.9
DQIW202505290403,177****3911顾客报：因为退货问题与摊主有纠纷 #非警务#纠纷事项#消费问题#报警电话:177****3911,消费纠纷,消费纠纷,0.9
DQIW202505290404,老板不给我工资，报警人电话133****3839 #非警务#纠纷事项#劳资问题#报警电话:133****3839,劳动人事（就业）纠纷,劳动人事（就业）纠纷,0.9
DQIW202505290405,#长效关注#邻居说我们噪音扰民，双方在一起有纠纷，需要处理。180****7928 #非警务#纠纷事项#邻里问题#报警电话:180****7928,邻里纠纷,邻里纠纷,0.9
DQIW202505290406,转让店面因为押金引起纠纷。150****6987 #非警务#纠纷事项#租赁问题#报警电话:150****6987,经济纠纷,经济纠纷,0.9
DQIW202505290407,#长效关注#134****2610，老公可能晚上出去喝了酒，现在把我和孩子赶出来不让我们进去 #非警务#纠纷事项#家庭婚姻感情问题#报警电话:134****2610,家庭婚姻纠纷,家庭婚姻纠纷,0.9
DQIW202505300001,#长效关注#跟老婆吵架，需要协调处理180****2616 #非警务#纠纷事项#家庭婚姻感情问题#报警电话:180****2616,家庭婚姻纠纷,家庭婚姻纠纷,0.9
DQIW202505300002,#长效关注#辅助单：跟老婆吵架，需要协调处理180****2616 #非警务#纠纷事项#家庭婚姻感情问题#报警电话:180****2616,家庭婚姻纠纷,家庭婚姻纠纷,0.9
DQIW202505300003,出租车浙BT0232司机：对方不肯付高速费，有纠纷134****0080 #非警务#纠纷事项#司乘（代驾）问题#报警电话:134****0080,消费纠纷,消费纠纷,0.9
DQIW202505300004,老板欠我们工资，我在她家小区楼下，刚才看到她了，但是她跑了，电话不接，电话187****8183 #非警务#纠纷事项#劳资问题#报警电话:187****8183,劳动人事（就业）纠纷,劳动人事（就业）纠纷,0.9
DQIW202505300005,自己种的树被物业拔掉了，引起纠纷，158****6390 #非警务#纠纷事项#物业管理问题#报警电话:158****6390,邻里纠纷,物业管理纠纷,0.9
DQIW202505300106,#损害赔偿纠纷#村民陈某位家的洗衣台无故脱落，经村里调取监控发现，是电力公司工作人员在检修踩踏导致。陈某对此十分气愤，随即向电力公司投诉，但多日未得到回应。请上级处理。,邻里纠纷,损害赔偿纠纷,0.9
DQIW202505300116,#邻里纠纷#村民陈某定反应近期邻居陈某良家的空调外机产生持续性低频噪音，安装位置离其卧室窗户又近，严重影响其睡眠。陈某定曾多次与陈某良协商，要求移机或采取降噪措施，但陈某良认为空调运行声音在国家标准范围内，陈某定过于敏感，拒绝整改，双方矛盾逐渐激化。请上级处理。,工程施工纠纷,噪声污染,0.9
DQIW202505300213,#邻里纠纷#网格员接到36幢外围店铺业主投诉，3楼住户直接从窗户往楼下倒垃圾，还扔死老鼠，需要相关部门处理,物业管理纠纷,公共秩序纠纷,0.9
DQIW202505310001,因停车问题起纠纷176****0017 #非警务#纠纷事项#其他纠纷事项#报警电话:176****0017,邻里纠纷,其他纠纷,0.9
DQIW202505310002,朋友欠钱不还有纠纷。报警人称不处理的话就要动手了。159****2060 #非警务#纠纷事项#经济（债务）问题#报警电话:159****2060,债务纠纷,债务纠纷,0.9
DQIW202505310003,我在这里买红霉素，现在对方不退给我钱。180****4775 #非警务#纠纷事项#消费问题#报警电话:180****4775,消费纠纷,消费纠纷,0.9
DQIW202505310004,我在这里买红霉素，现在对方不退给我钱。180****4775。后来电催促。 #非警务#纠纷事项#消费问题#报警电话:180****4775,消费纠纷,消费纠纷,0.9
DQIW202505310005,我在这里买了衣服不到一个小时过来退，现在店家不让我退，双方有纠纷137****5518 #非警务#纠纷事项#消费问题#报警电话:137****5518,消费纠纷,消费纠纷,0.9
DQIW202505310006,"我在这里买了衣服不到一个小时过来退，现在店家不让我退，双方有纠纷137****5518
重复报警:报警时间:2025-05-31 19:37:38, 报警电话:137****5518, 联系电话:137****5518, 报警内容:我在这里买了衣服不到一个小时过来退，现在店家不让我退，双方有纠纷137****5518
3302*****00421 #非警务#纠纷事项#消费问题#报警电话:137****5518",消费纠纷,消费纠纷,0.9
DQIW202505310101,村民张静娥说隔壁全红波早上在她刷牙的时候倒马桶太恶心了，两人发生争执,经济纠纷,口角琐事纠纷,0.9
DUTW202505010101,因外卖电瓶车租车费用扣费问题与租车公司有纠纷139****0792 #非警务#纠纷事项#物流（快递）问题#报警电话:139****0792,经济纠纷,消费纠纷,0.9
DUTW202505010102,我之前在健身房交了定金，想退对方不肯，双方在一起。报警人：180****0080 #非警务#纠纷事项#消费问题#报警电话:180****0080,消费纠纷,消费纠纷,0.9
DUTW202505010103,学校贴了公告说可以晚上8点30之后离开，现在时间没到学校门卫就让我走，还说我违反规定用电光照我，产生纠纷。137****7549 #非警务#纠纷事项#物业管理问题#报警电话:137****7549,物业管理纠纷,涉校园纠纷,0.9
DUTW202505010104,刚才我把车内弄脏了，我和出租车司机吵架了，现在他已经走了，现在我的情绪不太对劲浑身发麻，要求民警找到跟我吵架这个人。 #非警务#纠纷事项#司乘（代驾）问题#报警电话:180****7036,消费纠纷,口角琐事纠纷,0.9
DUTW202505010201,2025-05-01 08:09:36，民警到达南苑街18弄2号304室，报警人於科伟（身份证：3302*****1715，电话号：137****2529）居住地：南苑街18弄2号304室，其称有陌生人闯进我家，经了解系当事人杜玉霞（身份证：4331*****6626，电话号：152****8319）居住地：南苑街18弄2号304室，与当事人庞远波（身份证：4331*****5811，电话号：132****8788）居住地：区横街镇万华村后徐1组17号，双方系感情纠纷，后庞远波在杜住处门口反复纠缠杜玉霞，杜玉霞不堪其扰报警，民警对双方进行劝解，后双方各自离开，已将该情况推送社区民警加强关注。,公共秩序纠纷,情感纠纷,0.9
DUTW202505020001,酒店半夜停水了 工作人员不解决 双方有纠纷 报警人号码：133****9908 #非警务#纠纷事项#消费问题#报警电话:133****9908,消费纠纷,消费纠纷,0.9
DUTW202505020002,酒店半夜停水了 工作人员不解决 双方有纠纷 报警人号码：133****9908 #非警务#纠纷事项#消费问题#报警电话:133****9908,消费纠纷,消费纠纷,0.9
DUTW202505020003,152****4528，我是代驾，乘客不付代驾费有纠纷 #非警务#纠纷事项#司乘（代驾）问题#报警电话:152****4528,消费纠纷,消费纠纷,0.9
DUTW202505020004,#长效关注#隔壁酒店要把我们的水管隔断，双方引起纠纷，报警电话153****3956 #非警务#纠纷事项#邻里问题#报警电话:153****3956,邻里纠纷,土地森林草场水利等纠纷,0.9
DUTW202505020005,我孩子在这里划伤了，现酒店方不肯赔付医药费，引起纠纷，要求处理，报警人电话：189****6719 #非警务#纠纷事项#经济（债务）问题#报警电话:189****6719,债务纠纷,消费纠纷,0.9
DUTW202505020006,有个人来寄快递不肯付钱，现引起纠纷，报警人电话：133****3979. #非警务#纠纷事项#物流（快递）问题#报警电话:133****3979,消费纠纷,消费纠纷,0.9
DUTW202505020007,我们在这里办理入住，但是酒店在平台宣传的跟我们入住的楼层不一致，房间里还放了建筑材料，引起纠纷。报警人电话：158****5110 #非警务#纠纷事项#消费问题#报警电话:158****5110,消费纠纷,消费纠纷,0.9
DUTW202505020008,网约车司机来电称，有个女的坐进我车里不肯下车，不清楚情况。188****4778（87457484古林反馈：联系报警人，称是在客运中心地铁站C出口，属于段塘） #非警务#纠纷事项#司乘（代驾）问题#报警电话:188****4778,消费纠纷,消费纠纷,0.9
DUTW202505020009,180****9656报：因为车子加油的油费有偏差较多，有纠纷需要处理 #非警务#纠纷事项#消费问题#报警电话:180****9656,经济纠纷,消费纠纷,0.9
DUTW202505020010,顾客报，对方不开发票给我，引起纠纷，186****0895 #非警务#纠纷事项#消费问题#报警电话:186****0895,消费纠纷,消费纠纷,0.9
DUTW202505020011,顾客报，因商家无法现在提供给我发票，引起纠纷，186****0895（辅助下单） #非警务#纠纷事项#消费问题#报警电话:186****0895,消费纠纷,消费纠纷,0.9
DUTW202505020012,153****7616报：我们租车对方给我点了提前还车，还不退钱，有纠纷需要处理 #非警务#纠纷事项#租赁问题#报警电话:153****7616,经济纠纷,消费纠纷,0.9
DUTW202505020013,店老板不给我开发票， 双方有纠纷   186****0895 #非警务#纠纷事项#消费问题#报警电话:186****0895,消费纠纷,消费纠纷,0.9
DUTW202505020014,（辅助下单 来电催促）店老板不给我开发票， 双方有纠纷   186****0895 #非警务#纠纷事项#消费问题#报警电话:186****0895,消费纠纷,消费纠纷,0.9
DUTW202505020015,奶茶不小心洒在了车上，因为清洗费问题引起纠纷。152****2378 #非警务#纠纷事项#司乘（代驾）问题#报警电话:152****2378,消费纠纷,消费纠纷,0.9
DUTW202505030001,报警人刘迎凤4202*****6740，199****0926与男朋友孙国柳3623*****0536，132****5302存在感情纠纷,情感纠纷,情感纠纷,0.9
DUTW202505030201,小孩（未成年）在家长在不知情下买了手机，现在要退引起纠纷181****8077 #非警务#纠纷事项#消费问题#报警电话:181****8077,消费纠纷,消费纠纷,0.9
DUTW202505030202,我是租客，房东不退押金。155****1005 #非警务#纠纷事项#租赁问题#报警电话:155****1005,经济纠纷,债务纠纷,0.9
DUTW202505030203,来电有争吵声，后称我找了一个做饭的阿姨，她要求五一支付三倍工资，我不同意让她回去休息，结果她现在说五一是带薪休假，要求我正常支付工资，现在到我家大吵大闹，赖着不走178****7161 #非警务#纠纷事项#劳资问题#报警电话:178****7161,家庭婚姻纠纷,劳动人事（就业）纠纷,0.9
DUTW202505030204,东西有问题不给退货引起纠纷177****0568 #非警务#纠纷事项#消费问题#报警电话:177****0568,消费纠纷,消费纠纷,0.9
DUTW202505030205,我需要退房，对方不肯，引起纠纷，电话：187****7236。 #非警务#纠纷事项#消费问题#报警电话:187****7236,经济纠纷,消费纠纷,0.9
DUTW202505030206,我的房租没有到期，房东要求我提前半个月交房租，现引起纠纷，报警人电话：153****1093 #非警务#纠纷事项#租赁问题#报警电话:153****1093,经济纠纷,债务纠纷,0.7
DUTW202505030207,#长效关注#我是401住户，楼上501室漏水到我家，房东和租客不处理，产生纠纷。131****0141 #非警务#纠纷事项#邻里问题#报警电话:131****0141,邻里纠纷,邻里纠纷,0.9
DUTW202505030301,丽棠7幢602室养了2只狗，很大，经常在外面放，而且未拉狗绳，还朝居民疯狂叫，居民多次到社区和物业反映，社区和物业也多次上门沟通，无果，请街道和派出所协助解决。,狗患纠纷,狗患纠纷,0.9
DUTW202505030302,网格员在走访时，丽棠5幢802室反映，她家楼上小孩最近一直在弹吉他，很晚了也一直在弹，影响他们休息，社区也多次上门做工作，但是无效果，请街道协助解决。,邻里纠纷,噪声污染,0.9
DUTW202505030303,网格员在走访时，居民反映3幢1单元502反映，楼上经常有烟蒂等垃圾扔下来，有火灾的安全隐患，家里晒的东西，经常被弄脏，又要重新清洗，社区和物业多次走访该楼道，但效果甚微，请街道协助解决。,消防隐患纠纷,公共秩序纠纷,0.9
DUTW202505030304,网格员在走访时，4幢501室反映，她家楼上入住出租户已经有几个月，是3个年轻小伙，晚上12:00以后还在打游戏，声音很大，大概有导致他们无法入睡觉。社区也多次上门做工作，但是无效果，请街道协助解决,邻里纠纷,噪声污染,0.9
DUTW202505030401,网格员在走访1幢801室时，她向社区反映楼上901室出租户，下班很晚，并且凌晨还在打游戏，经常很兴奋，声音很大，这个房子隔音又差，导致他们无法入睡。社区也多次联系，未果。请街道协助解决。,邻里纠纷,噪声污染,0.9
DUTW202505030501,网格员在走访2幢306室时， 她家楼上307上星期刚入住，家里的狗晚上12:00还在不停的叫，吵得他们无法入睡，自己也跟他们说过了，但是还是老样子，网格员也多次上门做工作，但是无效果，希望街道能协助解决。,公共秩序纠纷,狗患纠纷,0.9
DUTW202505040001,有人欠我钱，要求处理，报警人电话：159****4859 #非警务#纠纷事项#经济（债务）问题#报警电话:159****4859,债务纠纷,债务纠纷,0.9
DUTW202505040002,刚刚因为有人欠我钱，有纠纷需要处理的事情报过警，现来电催促，报警人电话：159****4859 #非警务#纠纷事项#经济（债务）问题#报警电话:159****4859,债务纠纷,债务纠纷,0.9
DUTW202505040003,#长效关注#406室倒污水下来，跟对方沟通过没用，135****4593 #非警务#纠纷事项#邻里问题#报警电话:135****4593,邻里纠纷,邻里纠纷,0.9
DUTW202505040004,我来这边吃东西，我朋友付钱了，老板说我们没有付钱，起纠纷187****7180 #非警务#纠纷事项#消费问题#报警电话:187****7180,消费纠纷,消费纠纷,0.9
DUTW202505040005,医院初始报的价格与后面实际价格不符，有纠纷，176****1826 #非警务#纠纷事项#消费问题#报警电话:176****1826,消费纠纷,消费纠纷,0.9
DUTW202505040101,2025-05-04 08:44:12接110指挥中心下发警情，民警到达潮悦南塘西门，系钮志强（身份证：3212*****8537，手机号：198****0973）与女方陈芯芯（身份证：3505*****1727，手机号：199****1703，现居住地：潮悦南塘小区14幢31、32号401室）因分手后，要拿回物品有纠纷，带回所了解情况，后双方于所内自行协商达成一致，双方和平分手，男方收拾完物品后离开宁波。,物业管理纠纷,情感纠纷,0.9
DUTW202505040102,报警人李付梅3713*****2364，137****4946和其老公徐国富3623*****5431，159****2727存在矛盾纠纷。,家庭婚姻纠纷,家庭婚姻纠纷,0.9
DUTW202505050001,张君辉3302*****2138，139****2037与聂华2201*****4727，139****7477存在家庭矛盾纠纷。,家庭婚姻纠纷,家庭婚姻纠纷,0.9
DUTW202505050101,我房租还没到期，现在房东不租给我了，双方有纠纷133****0939 #非警务#纠纷事项#租赁问题#报警电话:133****0939,经济纠纷,房地产纠纷,0.9
DUTW202505050102,137****8500租客从3月份开始不给我房租，对方也不愿意搬走，双方在一起需要处理 #非警务#纠纷事项#租赁问题#报警电话:137****8500,经济纠纷,债务纠纷,0.9
DUTW202505050103,137****8500租客从3月份开始不给我房租，对方也不愿意搬走，双方在一起，报警人来电称对方还未搬走，需要再次处理   （辅助下单） #非警务#纠纷事项#租赁问题#报警电话:137****8500,经济纠纷,债务纠纷,0.9
DUTW202505050104,#长效关注#因为花盆摆放问题，和邻居发生争执，双方在一起138****3090 #非警务#纠纷事项#邻里问题#报警电话:138****3090,邻里纠纷,邻里纠纷,0.9
DUTW202505050105,#长效关注#和隔壁有纠纷，因为垃圾摆放问题，称要打起来了189****0894 #非警务#纠纷事项#邻里问题#报警电话:189****0894,邻里纠纷,邻里纠纷,0.9
DUTW202505050106,#长效关注#跟邻居有纠纷报过警，现在对方一直敲我家门。189****6142 #非警务#纠纷事项#邻里问题#报警电话:189****6142,邻里纠纷,邻里纠纷,0.9
DUTW202505060001,132****8107，老板拖欠工资还骂我，现有纠纷 #非警务#纠纷事项#劳资问题#报警电话:132****8107,劳动人事（就业）纠纷,劳动人事（就业）纠纷,0.9
DUTW202505060002,辅助：132****8107，老板拖欠工资还骂我，现有纠纷 #非警务#纠纷事项#劳资问题#报警电话:132****8107,劳动人事（就业）纠纷,劳动人事（就业）纠纷,0.9
DUTW202505060003,我是保安，有个外来人员要进小区钓鱼，我不让他进，双方就吵架了，他的电瓶车还压到了我的脚。报警人：182****0614 #非警务#纠纷事项#物业管理问题#报警电话:182****0614,邻里纠纷,口角琐事纠纷,0.9
DUTW202505060004,我在这里交了培训费，我不想继续培训了，现因为退费问题引起纠纷，报警人电话：178****2614 #非警务#纠纷事项#经济（债务）问题#报警电话:178****2614,消费纠纷,消费纠纷,0.9
DUTW202505060005,#长效关注#1001的住户说我们家吵，引起纠纷，报警人电话132****8171 #非警务#纠纷事项#邻里问题#报警电话:132****8171,邻里纠纷,邻里纠纷,0.9
DUTW202505060006,有人拦着我不让我走，称我的板车不能从这里过，引起纠纷，报警人电话185****3174 #非警务#纠纷事项#其他纠纷事项#报警电话:185****3174,邻里纠纷,街面秩序,0.9
DUTW202505060007,我没有通过中介租房，但是中介现在说要来店里闹，双方引起纠纷，报警电话137****9577 #非警务#纠纷事项#租赁问题#报警电话:137****9577,经济纠纷,其他纠纷,0.9
DUTW202505060008,我没有通过中介租房，后中介现在说要来店里闹，双方引起纠纷，报警电话137****9577 #非警务#纠纷事项#租赁问题#报警电话:137****9577,债务纠纷,消费纠纷,0.9
DUTW202505060009,#长效关注#楼上漏水到我家，邻居人不在，现要报警处理，联系电话057****52513 #非警务#纠纷事项#邻里问题#报警电话:057****52513,邻里纠纷,邻里纠纷,0.9
DUTW202505060010,有个司机租车，因为退车的费用问题产生纠纷，报警人电话139****5678 #非警务#纠纷事项#租赁问题#报警电话:139****5678,经济纠纷,消费纠纷,0.9
DUTW202505060011,老板说要15号才能发工资，但是我现场没有钱吃饭和住宿了，我现在找到店里，双方发生纠纷，报警人电话132****8107 #非警务#纠纷事项#劳资问题#报警电话:132****8107,劳动人事（就业）纠纷,劳动人事（就业）纠纷,0.9
DUTW202505060012,因让员工离职问题，双方发生纠纷 173****9080 #非警务#纠纷事项#其他纠纷事项#报警电话:173****9080,劳动人事（就业）纠纷,劳动人事（就业）纠纷,0.9
DUTW202505060102,#（一件事）矛盾纠纷#新典四网格员走访了解到新典路68弄45号203室装修中主卧西北墙被渗水 找到303室说明情况要求修复  303室住户表示是203室在装修时震动太大导致卫生间管道破裂 双方争执不下 引发邻里矛盾  物业表示无法解决 社区多次调解效果不明显 请上级部门支持,经济纠纷,邻里纠纷,0.9
DUTW202505060202,朗拾里小区5幢1602陈师傅来社区反映，他家对门的1601室门前放置了若干杂物堵塞了消防通道，不仅影响了他的日常通行，而且也对楼道的消防安全造成了隐患。他曾对1601室业主进行劝说，但对方一直我行我素，多日下来仍未清理杂物。,消防隐患纠纷,消防隐患纠纷,0.9
DUTW202505060302,"  刘迎凤女，身份证号：4202*****6740，电话199****0926，工作单位狮丹奴集团，在工厂上班，因其和其前男友（孙国柳3623*****0536，132****5302）有感情纠葛，被孙找到其工作的单位启运路281号门口，后劝退。
请予以关注。",情感纠纷,情感纠纷,0.9
DUTW202505060303,"李付梅3713*****2364，137****4946和其老公徐国富3623*****5431，159****2727吵架，儿子徐毅3611*****5415，137****4946去劝架被徐国富抱住，李付梅怕徐国富伤害儿子徐毅，就准备去厨房拿刀，后徐国富放开徐毅，双方未发生打架，调解后情绪稳定。
请予以关注。",治安隐患纠纷,家庭婚姻纠纷,0.9
DUTW202505060304,"张磊珂（身份证：3302*****3329，电话号：139****8884）对楼下1803新入住的年轻男子在生活中产生的声音不满，引起纠纷。
请予以关注。",邻里纠纷,噪声污染,0.9
DUTW202505060305,南苑街127弄98号406室，陈钢称其在406，506水开了一晚上。民警到406敲门无人回应，电话打报警人打不通，后经核实该人系在册精神病患者，其居住在南苑街127弄98号406室，联系其父亲陈积海让其近期多加关注，同步将该情况通知社区民警加强关注。,治安隐患纠纷,其他纠纷,0.9
DUTW202505070001,2025-05-06 23:12:15民警到现场后，报警人金菊英3302*****1820，130****2588称有烧东西烧蚊香的味道，未发现有异味等可疑情况。,其他纠纷,其他纠纷,0.9
DUTW202505070002,2025-05-07 00:35:23到现场后，经反复敲门，报警人蒲娜敏3403*****1846，183****1434海潮印月19幢102反映202住户聚会的声音很吵，扰民了，告知202住户声音小点不要影响附近居民休息。当事人信息不愿告知,邻里纠纷,噪声污染,0.9
DUTW202505070003,2025-05-07 03:18:59到现场后锦棠佳苑9幢 1804，报警人韩立3302*****5419，138****9998称因琐事与女友徐亚珠3302*****3626，135****5188因生活小事发生争吵，因阳台厕所与厨房相连，以为女友去拿刀，并表示没事了，不需要民警处理了，女友也已离开了。,情感纠纷,口角琐事纠纷,0.9
DUTW202505070004,星海蓝钻A幢6楼，系肖东兴和其老婆黄娜君之间的夫妻吵架，当场调解。,家庭婚姻纠纷,家庭婚姻纠纷,0.9
DUTW202505070105,#邻里纠纷#新典网格五走访片区时发现99弄居民对正在装修的公寓意见颇大，他们表示公寓的窗户完全可以打开，与之前老板承诺他们只能打开一条缝用来通风差异太大，公寓后期居住人员复杂，居民表示有安全隐患。网格员调解无效，希望相关职能部门介入处理。,邻里纠纷,工程施工纠纷,0.9
DUTW202505070201,网格员在走访中发现198弄35号一楼车棚内有液体渗出，引发楼道居民恐慌。由于车棚长久未使用，房东长期不在家，为打消楼道居民疑虑，需要打开查看里面情况，请相关部门协助处理。,邻里纠纷,其他纠纷,0.9
DUTW202505070301,#邻里纠纷#新典社区网格五走访启文花园时，发现99-39-102叶阿姨反映99-41-204的租户恶意占用公用晾衣杆，双方引发矛盾，网格员调解无效，希望相关职能部门介入处理,邻里纠纷,邻里纠纷,0.9
DUTW202505070401,这里有人上门来兜售假的蚕丝被，要反映。137****0136 #非警务#纠纷事项#消费问题#报警电话:137****0136,消费纠纷,消费纠纷,0.9
DUTW202505070402,我的房子转租给了第三方，拖欠房租，有纠纷。138****1111 #非警务#纠纷事项#租赁问题#报警电话:138****1111,经济纠纷,债务纠纷,0.9
DUTW202505070403,我是网约车司机（浙BA70587，银色广汽)，乘客不下车引起纠纷130****8759 #非警务#纠纷事项#司乘（代驾）问题#报警电话:130****8759,消费纠纷,消费纠纷,0.9
DUTW202505070404,网约车司机拒载，还骂我，发生纠纷138****2069 #非警务#纠纷事项#司乘（代驾）问题#报警电话:138****2069,消费纠纷,消费纠纷,0.9
DUTW202505070405,因租车问题发生纠纷。157****5718 #非警务#纠纷事项#租赁问题#报警电话:157****5718,经济纠纷,消费纠纷,0.9
DUTW202505070406,来电称主管欠我钱不还，151****1137 #非警务#纠纷事项#经济（债务）问题#报警电话:151****1137,劳动人事（就业）纠纷,债务纠纷,0.9
DUTW202505070407,来电称主管欠我钱不还，现电话不接。151****1137 #非警务#纠纷事项#经济（债务）问题#报警电话:151****1137,劳动人事（就业）纠纷,债务纠纷,0.9
DUTW202505070408,我买了产品，到家里不适用，来退货，对方不给退。报警人电话：188****4900 #非警务#纠纷事项#消费问题#报警电话:188****4900,消费纠纷,消费纠纷,0.9
DUTW202505070409,超市老板欠我钱，现在还没有还给我，有纠纷。报警人电话：135****5813 #非警务#纠纷事项#经济（债务）问题#报警电话:135****5813,债务纠纷,债务纠纷,0.9
DUTW202505070410,我车停了4个小时要30元停车费，跟物业反映没用，产生纠纷，报警人159****4194 #非警务#纠纷事项#物业管理问题#报警电话:159****4194,物业管理纠纷,消费纠纷,0.9
DUTW202505070411,我车停了4个小时要30元停车费，跟物业反映没用，产生纠纷，报警人159****4194 #非警务#纠纷事项#物业管理问题#报警电话:159****4194,物业管理纠纷,消费纠纷,0.9
DUTW202505070412,#长效关注#我在直播，我的妈妈一直在旁边骚扰我，影响我直播，双方引起纠纷。报警人：136****8610 #非警务#纠纷事项#家庭婚姻感情问题#报警电话:136****8610,家庭婚姻纠纷,家庭婚姻纠纷,0.9
DUTW202505070413,我买的蛋糕有问题，商家不承认，现引起纠纷，联系电话130****3727 #非警务#纠纷事项#消费问题#报警电话:130****3727,消费纠纷,消费纠纷,0.9
DUTW202505070414,我买的蛋糕有问题，商家不承认，现引起纠纷，联系电话130****3727（报警人来电称对到场处理的2个人的处理方式有异议，现报警人已不在现场，已另行派单通知海曙分局，因重复报警要求故再次派单） #非警务#纠纷事项#消费问题#报警电话:130****3727,消费纠纷,消费纠纷,0.9
DUTW202505080111,顺德华庭30幢201在装修，多次在节假日或者非装修的时间开工，30幢居民多次沟通一直无果，后续网格员上门出面调解业主一直推诿不接受调解。请求上级相关部门协助。,物业管理纠纷,噪声污染,0.9
DUTW202505080312,近期，顺德华庭19幢楼上几户居民因晚睡频繁发出噪音，影响楼下住户的正常休息。居民反映夜间多次播放音乐、大声交谈及物品掉落声等，导致楼下居民难以入眠。网格员已走访相关住户，进行劝导要求他们在晚上11点后不要这么吵影响他人休息。后续19幢的几户居民又来反应这段时间每天晚上还是很吵，一点也没有改变，很影响他们晚上休息。后来社区也多次出面进行调解，可是都是表面应付，请求上级 部门协助,邻里纠纷,邻里纠纷,0.9
DUTW202505080318,网格员走访180弄小公园，发现公园花坛有专业师傅在修树枝，192弄5号303祝师傅反对物业乱砍树，生气地从阳台将脏水泼到修树师傅身上，师傅很是不理解怒火，导致无法进行修枝并与老人发生争执僵局，一直持续I小时不减，针对此情况邻居192弄5号104居民潘姐物业社区网格员一起介入协助工作。,物业管理纠纷,物业管理纠纷,0.9
DUTW202505080501,去年的工资要不到，双方在一起有纠纷，183****6780 #非警务#纠纷事项#劳资问题#报警电话:183****6780,劳动人事（就业）纠纷,劳动人事（就业）纠纷,0.9
DUTW202505080502,我来讨薪，但是公司换地址了，需要帮助，136****5107 #非警务#纠纷事项#劳资问题#报警电话:136****5107,劳动人事（就业）纠纷,劳动人事（就业）纠纷,0.9
DUTW202505080503,我被公司开除了，要求公司现在把钱结给我，公司下个月才给，173****3740 #非警务#纠纷事项#劳资问题#报警电话:173****3740,劳动人事（就业）纠纷,劳动人事（就业）纠纷,0.9
DUTW202505080504,辅助：我被公司开除了，但公司不能现在把钱结给我，只能下个月给，有纠纷173****3740 #非警务#纠纷事项#劳资问题#报警电话:173****3740,劳动人事（就业）纠纷,劳动人事（就业）纠纷,0.9
DUTW202505080505,我的房子出租后，发型室内玻璃碎了，玻璃上有个撞击的痕迹，租客不肯承认是其弄的，需要调解187****0844 #非警务#纠纷事项#租赁问题#报警电话:187****0844,经济纠纷,其他纠纷,0.9
DUTW202505080506,租客来电因为房租问题和房东有纠纷。177****7842 #非警务#纠纷事项#租赁问题#报警电话:177****7842,经济纠纷,其他纠纷,0.9
DUTW202505080507,我叫了一辆滴滴车（浙BAG0278），我们在车上抽烟了，现司机要收我们每个人100元，有纠纷。137****2977 #非警务#纠纷事项#消费问题#报警电话:137****2977,消费纠纷,消费纠纷,0.9
DUTW202505080508,我叫了一辆滴滴车（浙BAG0278），我们在车上抽烟了，现司机要收我们每个人100元，有纠纷。137****2977 #非警务#纠纷事项#司乘（代驾）问题#报警电话:137****2977,消费纠纷,消费纠纷,0.9
DUTW202505080509,我朋友找工作租送外卖的电瓶车，不知情的情况下签了合同，现在没有在做了，但还在扣钱（扣钱单位：宁波九银城市配送有限公司）。报警人156****0237 #非警务#纠纷事项#租赁问题#报警电话:156****0237,其他纠纷,劳动人事（就业）纠纷,0.9
DUTW202505090001,2025-05-09 03:01:17，接110指挥中心下发警情，民警到锦棠佳苑2栋30单元203。未发生打架。系因喝酒情绪失控，影响隔壁睡觉。现已经劝说不要发出太大声音影响其他住户休息，同步通知社区民警加强关注，闭环。报警人秦梦耀（身份证：4128*****4912，手机：176****9849，现居住地：锦棠佳苑12幢30号203室）。,治安隐患纠纷,噪声污染,0.9
DUTW202505090002,2025-05-09 06:52:17，接110指挥中心下发警情，民警到达江上印门口，报警人杨润南（身份证：2114*****5220，手机：130****2153，现居住地：江上印小区14幢36、37号701室）系KTV工作。经出警该人喝过很多洋酒，已经和他哥哥（身份信息不详，155****2924）联系。让其安慰她。民警劝说其保持情绪。不做过激行为。房屋租金问题让其酒醒后联系房东协商。并将此情况同步推送社区，闭环。,物业管理纠纷,其他纠纷,0.9
DUTW202505090003,在住缪心雨（身份证：3302*****2422，手机：136****2146，）何之源（身份证：3302*****2410，手机：159****5521，）何醉酒，有口角。,口角琐事纠纷,口角琐事纠纷,0.9
DUTW202505090101,客人不肯给我服务费，有纠纷。190****5064 #非警务#纠纷事项#消费问题#报警电话:190****5064,消费纠纷,消费纠纷,0.9
DUTW202505090102,（地址错误辅助下单）网约车司机：我在这租了车，现在车已经退了，对方不给我合同引起纠纷，电话150****8111 #非警务#纠纷事项#租赁问题#报警电话:150****8111,经济纠纷,消费纠纷,0.9
DUTW202505090103,我自己放的行李箱，司机急刹车导致后备箱有破损，司机让我赔偿，有纠纷136****1795 #非警务#纠纷事项#司乘（代驾）问题#报警电话:136****1795,经济纠纷,消费纠纷,0.9
DUTW202505090104,133****6748货车司机报：叉车卸货的时候把我车兜弄坏了，因赔偿问题与对方有纠纷 #非警务#纠纷事项#物流（快递）问题#报警电话:133****6748,经济纠纷,消费纠纷,0.9
DUTW202505090105,190****7786送货司机报：我拉了一车货，现在货主不给我卸货也不给我钱，有纠纷需要处理（管辖错误，辅助下单） #非警务#纠纷事项#物流（快递）问题#报警电话:190****7786,消费纠纷,劳动人事（就业）纠纷,0.9
DUTW202505090106,130****8223：我女儿（正常成年人）借钱给别人，因为钱不够又问其他人借，写的欠条担保人是我，现在要用房产证抵押，双方都在现场，需要报警处理 #非警务#纠纷事项#经济（债务）问题#报警电话:130****8223,债务纠纷,债务纠纷,0.9
DUTW202505090107,（辅助）139****7840报：货车司机不肯把货卸下来，要我们加钱引起纠纷（关联警单：3302*****00468） #非警务#纠纷事项#物流（快递）问题#报警电话:139****7840,消费纠纷,消费纠纷,0.9
DUTW202505090108,（辅助下单 来电催促）130****8223：我女儿（正常成年人）借钱给别人，因为钱不够又问其他人借，写的欠条担保人是我，现在要用房产证抵押，双方都在现场，需要报警处理 #非警务#纠纷事项#经济（债务）问题#报警电话:130****8223,债务纠纷,债务纠纷,0.9
DUTW202505090109,133****6748货车司机报：叉车卸货的时候把我车兜弄坏了，因赔偿问题与对方有纠纷  （辅助下单，来电催促还没有人联系过自己，再次确认地址在启运路81弄微电影园区内） #非警务#纠纷事项#经济（债务）问题#报警电话:133****6748,经济纠纷,损害赔偿纠纷,0.9
DUTW202505090110,132****5785报：老板不给我结清货钱，不让我离开引起纠纷 #非警务#纠纷事项#物流（快递）问题#报警电话:132****5785,债务纠纷,债务纠纷,0.9
DUTW202505100001,昨天小孩滑滑梯掉下，现在与物业因赔偿有纠纷155****1989 #非警务#纠纷事项#物业管理问题#报警电话:155****1989,经济纠纷,损害赔偿纠纷,0.9
DUTW202505100002,我的车子停在这里，保安把我的车子锁住，双方引起纠纷。报警人：176****9874 #非警务#纠纷事项#物业管理问题#报警电话:176****9874,经济纠纷,物业管理纠纷,0.9
DUTW202505100003,我向“黄牛”买车票，现在对方不肯退钱，双方有纠纷137****7236 #非警务#纠纷事项#消费问题#报警电话:137****7236,消费纠纷,消费纠纷,0.9
DUTW202505100004,有人把东西抵押给我了，现在说我偷东西，引起纠纷。159****9015 #非警务#纠纷事项#其他纠纷事项#报警电话:159****9015,经济纠纷,债务纠纷,0.9
DUTW202505100005,出租车（浙BT3897）司机：乘客说不清地址，我送到了还说地址不对引起纠纷，报警人180****1776 #非警务#纠纷事项#司乘（代驾）问题#报警电话:180****1776,消费纠纷,消费纠纷,0.9
DUTW202505100006,出租车（浙BT3897）司机：乘客说不清地址，我送到了还说地址不对引起纠纷，报警人180****1776（辅助下单） #非警务#纠纷事项#司乘（代驾）问题#报警电话:180****1776,消费纠纷,消费纠纷,0.9
DUTW202505100101,2025-05-10 02:03:25民警到达段塘东路唐公馆，报警人石胜超5223*****2019，152****9333与当事人李峰3412*****0314，158****8319因代驾抢生意，发生口角，互相吐口水，肢体摩擦，无人员受伤，调解处理。,经济纠纷,不正当竞争,0.9
DUTW202505100102,花苑新村（海曙区新典路180弄6-10号）靠近198弄后面的电视台在拆迁，灰尘漫天，市民表示广大业主表示没法生活了，,征地拆迁纠纷,环保纠纷,0.9
DUTW202505100103,2025-05-10 19:46:20，民警到达启运路264号狮丹奴旁边，系当事人叶培旺（身份证：3408*****1437，电话号：135****1709）居住地：南苑街229弄48号407室，与自己妻子彭海勤（身份证：3421*****5525，电话号：130****9378）居住地：南苑街229弄48号407室，因夫妻琐事发生感情纠纷，同步推送社区民警加强关注。,公共秩序纠纷,情感纠纷,0.9
DUTW202505110001,楼下住户说我家的房子漏水，现住户和我说家里的自来水水表被人锁住了，怀疑是楼下住户做的。报警人电话：139****3888 #非警务#纠纷事项#邻里问题#报警电话:139****3888,邻里纠纷,邻里纠纷,0.9
DUTW202505110002,因为租房问题与中介有纠纷，191****7162 #非警务#纠纷事项#租赁问题#报警电话:191****7162,经济纠纷,消费纠纷,0.9
DUTW202505110003,我在出租车(车牌浙BDT0405）上（已停下），我让司机确认地址，司机很暴躁的和我说话还骂我。电话：183****9739 #非警务#纠纷事项#物流（快递）问题#报警电话:183****9739,消费纠纷,口角琐事纠纷,0.9
DUTW202505110004,我在出租车(车牌浙BDT0405）上（已停下），我让司机确认地址，司机很暴躁的和我说话还骂我。电话：183****9739（15:40分来电催促） #非警务#纠纷事项#物流（快递）问题#报警电话:183****9739,消费纠纷,口角琐事纠纷,0.9
DUTW202505110005,我是出租车司机，有两个乘客在这里跟我吵，具体原因不肯说。130****8973 #非警务#纠纷事项#司乘（代驾）问题#报警电话:130****8973,消费纠纷,消费纠纷,0.9
DUTW202505110006,网约车（苏EDY3699）司机半路把我老婆扔下车，还让我老婆私下付车费。177****3404 #非警务#纠纷事项#司乘（代驾）问题#报警电话:177****3404,消费纠纷,消费纠纷,0.9
DUTW202505120001,有争吵声，询问无回应，回拨：双方都在遛狗，对方的狗突然冲过来咬我家的狗，人没事，现在因为赔偿问题有纠纷，137****3458（请分局通知四平台） #非警务#纠纷事项#经济（债务）问题#报警电话:137****3458,经济纠纷,狗患纠纷,0.9
DUTW202505120002,有争吵声，询问无回应，回拨：双方都在遛狗，对方的狗突然冲过来咬我家的狗，人没事，现在因为赔偿问题有纠纷，137****3458（请分局通知四平台） #非警务#纠纷事项#其他纠纷事项#报警电话:137****3458,经济纠纷,狗患纠纷,0.9
DUTW202505120003,楼上漏水我家，沟通无果，现处理，联系电话137****3661 #非警务#纠纷事项#邻里问题#报警电话:137****3661,邻里纠纷,邻里纠纷,0.9
DUTW202505120004,我老公给第三者在这里租了房子，我闯进小区了，保安要把我赶出去185****7000 #非警务#纠纷事项#物业管理问题#报警电话:185****7000,家庭婚姻纠纷,情感纠纷,0.9
DUTW202505120005,对方在这里租了电瓶车跑外卖，现在对租电瓶车的费用有疑义在这闹事，来电需要处理。158****1923 #非警务#纠纷事项#租赁问题#报警电话:158****1923,经济纠纷,消费纠纷,0.9
DUTW202505120006,老板不发工资，有纠纷132****0371 #非警务#纠纷事项#劳资问题#报警电话:132****0371,劳动人事（就业）纠纷,劳动人事（就业）纠纷,0.9
DUTW202505120007,我租了车来还车，对方说我把车弄坏了，要求赔偿，但是我的车并没有弄坏，双方起纠纷。报警人：198****2042 #非警务#纠纷事项#物流（快递）问题#报警电话:198****2042,经济纠纷,消费纠纷,0.9
DUTW202505120008,#长效关注#因为琐事纠纷，我和老公吵架了，对方摔东西，还一直拉扯我199****9039 #非警务#纠纷事项#家庭婚姻感情问题#报警电话:199****9039,家庭婚姻纠纷,家庭婚姻纠纷,0.9
DUTW202505120009,我租房子，上一个租客（150****5906）老是在敲门，因为房东不退押金，报警人称要反馈。158****2333 #非警务#纠纷事项#租赁问题#报警电话:158****2333,经济纠纷,房地产纠纷,0.9
DUTW202505120102,网格员在接到辖区城市智荟小区3号705住户反映，她昨晚11点多被713住户大声敲门吵醒，第二天物业与网格员向713了解情况，很不配合，还在小区业主群里公开骂人，也多次上门做工作，但是无效果，希望街道能协助解决。,口角琐事纠纷,噪声污染,0.9
DUTW202505120204,丽棠景苑1-1101室投诉楼上野蛮装修，造成自己房子平顶开裂，影响生活。社区与物业一同和楼上住户交涉无果，邻里矛盾升级。请求上级部门协助,经济纠纷,邻里纠纷,0.9
DUTW202505120304,网格员接到丽棠景苑2幢4号1201室徐师傅信息，他说1301室有水漏到他家里来了，现在整个阳台都是水，快蔓延到客厅了。网格员马上联系1301室，但她说她不在家，空调根本没开，不可能是她家的空调漏水，更不可能水管爆裂，拒绝沟通。请街道协助解决。,经济纠纷,邻里纠纷,0.9
DUTW202505120701,新典桥旁边公园，报警人高俊杰住在海曙区白云街道白云街58弄7号205室，民警到达新典桥，没有发现报警人，经与其高俊杰父亲高岳定联系子女教育纠纷，经查以前也有类似报警情况。已移交白云到报警人居住地址核实情况跟进。 后水上巡警部门在奉化江靠近海曙区绿城晓风印月出将人从岸边泥泞处拉上船，该人无事，人员身份核实后带回段塘派出所后，已会同随身物品移交白云派出所，后续由白云派出所处置。,公共秩序纠纷,其他纠纷,0.9
DUTW202505120702,"顺德路尚南晓筑308A，系赵依依和马林因琐事吵架，互有拉扯，民警当场调解处理。
",口角琐事纠纷,口角琐事纠纷,0.9
DUTW202505120703,民警到达新典路180弄6-10号，联系报警人马立艳3302*****0771，139****9132称人不在家，在外面，告知横幅不能去拉，我们会沟通有关部门处理这事,其他纠纷,其他纠纷,0.9
DUTW202505130201,网约车司机报和乘客发生纠纷，需要协调130****8666 #非警务#纠纷事项#司乘（代驾）问题#报警电话:130****8666,消费纠纷,消费纠纷,0.9
DUTW202505130202,对方收了我的钱，没给我办船员证，需要调解185****2698 #非警务#纠纷事项#经济（债务）问题#报警电话:185****2698,经济纠纷,消费纠纷,0.9
DUTW202505130203,之前家里的钱没了，我今天问了一下我女儿（24岁），她就开始和我吵，在家里砸东西，不清楚是否女儿精神方面出了问题。报警人：152****6098 #非警务#纠纷事项#家庭婚姻感情问题#报警电话:152****6098,家庭婚姻纠纷,家庭婚姻纠纷,0.9
DUTW202505130204,#长效关注#之前家里的钱没了，我今天问了一下我女儿（24岁），她就开始和我吵，在家里砸东西，不清楚是否女儿精神方面出了问题。报警人：152****6098（来电催促） #非警务#纠纷事项#家庭婚姻感情问题#报警电话:152****6098,家庭婚姻纠纷,家庭婚姻纠纷,0.9
DUTW202505140001,有个认识的人欠我酒水钱，现双方在一起，需要处理130****1523 #非警务#纠纷事项#经济（债务）问题#报警电话:130****1523,债务纠纷,债务纠纷,0.9
DUTW202505140002,辅助下单，有个认识的人欠我酒水钱，现双方在一起，需要处理130****1523 #非警务#纠纷事项#经济（债务）问题#报警电话:130****1523,其他纠纷,债务纠纷,0.9
DUTW202505140003,我是外卖员只做了一天，现我要离职来退租的电瓶车，报警人电话：195****7473 #非警务#纠纷事项#租赁问题#报警电话:195****7473,经济纠纷,消费纠纷,0.9
DUTW202505140004,我来这里工作，现我不想干了，对方让我支付接我过来的车费，有纠纷需要处理，报警人电话：185****8706 #非警务#纠纷事项#劳资问题#报警电话:185****8706,劳动人事（就业）纠纷,劳动人事（就业）纠纷,0.9
DUTW202505140005,开锁师傅到场后报的开锁费比客服人员报价贵，双方产生纠纷。155****1631。 #非警务#纠纷事项#消费问题#报警电话:155****1631,消费纠纷,消费纠纷,0.9
DUTW202505140006,我之前为了入职，交了办理证件的费用1000多元，我现在不入职了，想要对方退款，对方不同意，双方发生纠纷，报警人电话185****4260 #非警务#纠纷事项#经济（债务）问题#报警电话:185****4260,经济纠纷,消费纠纷,0.9
DUTW202505140007,186****2981：找出海的工作，现在钱交了，是禁渔期，双方引起纠纷 #非警务#纠纷事项#劳资问题#报警电话:186****2981,劳动人事（就业）纠纷,劳动人事（就业）纠纷,0.9
DUTW202505140008,195****2500报：因退房的钱问题与店家有纠纷 #非警务#纠纷事项#消费问题#报警电话:195****2500,经济纠纷,消费纠纷,0.9
DUTW202505140201,#损害赔偿纠纷#网格员和社区调解员为一起居民之间漏水问题纠纷，造成的损失进行了多次调解，一直未达成共识，双方都认为自己都是受害方，是因为房屋建造是管道设计的不合理，都要求得到赔偿，为此矛盾越来越大，望上级有关部门可援助解决纠纷。,邻里纠纷,损害赔偿纠纷,0.9
DUTW202505140301,#婚姻家庭纠纷#租住本网格内的外来小夫妻因为孩子的教育问题经常吵架，影响邻里休息，甚至为此还报过警。网格员走访该小夫妻，经过多次劝慰和调解，未到达预期效果，望上级部门能援助，给于这对夫妻有效的帮助。,家庭婚姻纠纷,家庭婚姻纠纷,0.9
DUTW202505150103,网格员接到丽棠景苑11幢301室江师傅信息，目前还在装修，天气刚热起来了，他说楼上401室的空调水漏到他家里来了，现在整个阳台都是水，快蔓延到客厅了。网格员马上联系401室，但他说他不在家，空调根本没开，不可能是他家的空调漏水，拒绝沟通。请街道协助解决。,邻里纠纷,邻里纠纷,0.9
DUTW202505150104,#邻里纠纷#网格居民群内有居民之间一直进行语言攻击，网格员得知后做相应了解，得知楼下居民觉得是楼上居民每天半夜太吵，影响休息，楼上居民表示两夫妻上了年纪，每天很早就休息，不存在影响楼下的事，为此事双方都不退让，多次工作找不到噪音源头，望上级相关部门援助。,邻里纠纷,邻里纠纷,0.9
DUTW202505150105,#邻里纠纷#41弄21号门2楼阿姨出门忘记关家中阳台的自来水，导致1楼阳台卧室被漏水漏得一塌糊涂，租客表示这样自己晚上也睡不了了，电视也完全被水淋坏，插座插排也都是水，幸亏租客回家，不然会更严重。社区与房东帮忙调解，租客希望2楼出3000元赔偿，2楼觉得太多，久久协商不下请相关部门协助处理。,经济纠纷,损害赔偿纠纷,0.9
DUTW202505150202,顺德华庭27幢201在装修，多次在节假日或者非装修的时间开工，27幢居民多次沟通一直无果，后续网格员上门出面调解业主一直推诿不接受调解。请求上级相关部门协助。,物业管理纠纷,噪声污染,0.9
DUTW202505150203,#邻里纠纷#网格内一临街楼房的居民反映楼下小吃店铺开始做夜宵生意，声音太嘈杂影响了楼里居民休息，为此发生了多次口角，也有居民报警过，网格员多次与店铺业主沟通，未见成效，望上级相关部门协助处理。,口角琐事纠纷,噪声污染,0.9
DUTW202505150206,#邻里纠纷#小区乒乓球室总有人很晚都在吵闹，14号楼阿姨多日多次下楼提醒无用。社区得知后与物业一同上门劝说，希望他们能配合在晚八点半后不要占用乒乓球室，打扰居民睡眠，劝说无果，双方矛盾加剧，希望相关部门协助处理。,物业管理纠纷,公共秩序纠纷,0.9
DUTW202505150207,#邻里纠纷#网格员走访茶花园小区，7号501室周女士反映楼上601室出租户小孩经常跑跳发出噪音，影响周女士家小孩子学习，网格员上门与601室沟通无果，希望上级部门相关协调处理。,物业管理纠纷,噪声污染,0.9
DUTW202505150301,因房卡赔偿问题发生纠纷。137****5798 #非警务#纠纷事项#消费问题#报警电话:137****5798,经济纠纷,消费纠纷,0.9
DUTW202505150302,我在船务公司交费用培训，现不想做了对方不退钱。178****5756 #非警务#纠纷事项#消费问题#报警电话:178****5756,经济纠纷,消费纠纷,0.9
DUTW202505150303,老板没有给我工资。159****8319 #非警务#纠纷事项#劳资问题#报警电话:159****8319,劳动人事（就业）纠纷,劳动人事（就业）纠纷,0.9
DUTW202505150304,租房和中介有纠纷。173****6910 #非警务#纠纷事项#租赁问题#报警电话:173****6910,经济纠纷,消费纠纷,0.9
DUTW202505150305,我找工作，对方说要付服装费、车费等（共计2000多元）然后给我们安排日结工资的工资，我们干了一周，钱也没拿到，现在问他们退这些钱，对方不退，产生纠纷，报警人158****9478 #非警务#纠纷事项#其他纠纷事项#报警电话:158****9478,劳动人事（就业）纠纷,劳动人事（就业）纠纷,0.9
DUTW202505150306,二房东没有把租房子的钱给我，现租客不肯搬，有纠纷133****7116 #非警务#纠纷事项#租赁问题#报警电话:133****7116,经济纠纷,债务纠纷,0.9
DUTW202505150307,我和开锁师傅因为开锁问题引起纠纷。187****0844 #非警务#纠纷事项#消费问题#报警电话:187****0844,其他纠纷,消费纠纷,0.9
DUTW202505150401,网格员接到尚南小筑1号楼308室王女士信息，她说408室的空调水漏下来，把墙壁漏湿了，现在房间也有水。网格员马上联系408室，但他说他不在家，水管不可能坏的，还有空调根本没开，不可能是他家漏水，拒绝沟通。请街道协助解决。,经济纠纷,损害赔偿纠纷,0.9
DUTW202505150402,祥和嘉苑小区32-504沈师傅因为楼下居民陈师傅一直说他家浇花，导致衣服被淋湿，他家里已经没有浇花了，是陈师傅杜撰的。要社区帮忙调解一下。社区多次上门和两户居民进行沟通无效，请相关部门协助。,邻里纠纷,邻里纠纷,0.9
DUTW202505150404,玉兰园14-510李女士向社区反应他前夫我老公喝醉了拿刀，现在刀放下了，喝醉酒拉扯小孩让儿子跟他睡，儿子不愿意跟他睡，外婆陶爱香不让他弄小孩就在他身后面拍打他，他前夫情绪激动，推了外婆，导致外婆下巴有轻微划痕，李女士感到非常害怕，请求社区帮助，网格员介入，鉴于有家暴情绪不稳定行为有人身安全隐患，请求上级协助处理-#婚姻家庭纠纷#,家庭婚姻纠纷,家庭婚姻纠纷,0.9
DUTW202505150405,网格员走访片区碰到8楼葛姐投诉16楼的小狗到处乱小便，两家由此交恶。社区多次进行协调，未能化解。请上级予以协助。,狗患纠纷,狗患纠纷,0.9
DUTW202505150409,由于新典社区国际经贸园雨污分流改造时有水大量外溢，导致部分居民停水且通道受阻遭多位居民反应，请相关部门协助加急处理。,工程施工纠纷,工程施工纠纷,0.9
DUTW202505150501,近期，顺德华庭21幢楼上几户居民因晚睡频繁发出噪音，影响楼下住户的正常休息。居民反映夜间多次播放音乐、大声交谈及物品掉落声等，导致楼下居民难以入眠。网格员已走访相关住户，进行劝导要求他们在晚上11点后不要这么吵影响他人休息。后续21幢的几户居民又来反应这段时间每天晚上还是很吵，一点也没有改变，很影响他们晚上休息。后来社区也多次出面进行调解，可是都是表面应付，请求上级 部门协助,邻里纠纷,邻里纠纷,0.9
DUTW202505150503,#（一件事）纠纷#南都花城茶花园48号401室居民反应车棚内窨井盖卡住，无法打开，物业认为这是老旧改遗留问题，跟物业没关系，社区多次沟通仍未解决，望上级部门协助处理。,物业管理纠纷,物业管理纠纷,0.9
DUTW202505150506,#（一件事）矛盾纠纷#30号204室谢老师反应六楼群租房电瓶车乱停放，在过道充电，充过夜，有安全隐患，网格员贴告示和上门劝说都无果，希望街道帮助调解,消防隐患纠纷,物业管理纠纷,0.9
DUTW202505150508,居民报警反映198弄29号408频繁向楼下泼水，严重影响楼下居民正常生活，社区调解无果，请有关部门协助。,邻里纠纷,邻里纠纷,0.9
DUTW202505160007,网格员在走访锦常3幢205时反映，他家楼上305最近在装修，平时噪音已经很大，也能理解，但是午间也在装修，他们年纪大了，中午不午休，身体吃不消，多次反映，无果。,邻里纠纷,噪声污染,0.9
DUTW202505160102,南苑街229弄132号107室居民崔师傅反映楼上207室目前在装修，装修过程中造成水管破裂漏水，崔师傅在第一次漏水时找到物业帮忙维修，并和楼上协商提醒，但近期又再次发生漏水，并且在楼上铲除阳台地面时楼下阳台天顶出现裂痕，崔师傅对此不认可，寻求社区帮助，社工上门查看后发现确如崔师傅所说，与楼上沟通后楼上表示会立刻修复漏水，崔师傅则表示需要对方保证不会再次发生，现在楼上由于装修未安装门，有别人走进去开水闸的风险，二人难以达成共识。,经济纠纷,工程施工纠纷,0.9
DUTW202505160104,网格员在走访锦棠3幢1001时，王大姐说1002经常把垃圾放在电梯口，现在天气越来越热，偶尔看到有苍蝇飞来飞去，且在电梯口堆了很多杂物，影响通行，多次沟通无效。,公共秩序纠纷,公共秩序纠纷,0.9
DUTW202505160105,网格员在接到锦常3幢901的出租户张女士到社区反映，说她老公经常骂她，就因为她生了两个女儿，不想再生，他老家江西的重男轻女，矛盾一直不断。希望能得到帮助。,经济纠纷,家庭婚姻纠纷,0.9
DUTW202505160112,网格员走访时，顺德华庭5幢居民反馈，7楼因养狗问题产生矛盾。楼上养狗，狗经常半夜吠叫，粪便清理不及时，异味影响他们楼下生活。楼下多次沟通无果，双方起了争执。网格多次组织双方协商，寻求解决办法，一直无果，请求上级相关部门协助。,狗患纠纷,狗患纠纷,0.9
DUTW202505160207,#邻里纠纷#上午接到9幢301业主陈师傅投诉，家门口脚垫上有猫狗的排泄物，需要社区出面查明是哪户所为。并需要赔偿新的脚垫,经济纠纷,经济纠纷,0.9
DUTW202505160301,网格员走访时，顺德华庭8幢居民反馈，5楼因养小鸡问题产生矛盾。楼上养鸡，经常半夜叫，异味影响他们楼下生活。楼下多次沟通无果，双方起了争执。网格多次组织双方协商，寻求解决办法，一直无果，请求上级相关部门协助。,邻里纠纷,狗患纠纷,0.9
DUTW202505160309,时代新居605室居民表示隔壁邻居家狗经常把屎拉在楼道上，社区物业多次介入沟通后，仍无法解决，严重影响居住环境，双方发生激烈争吵，请上级部门协助处理。,口角琐事纠纷,狗患纠纷,0.9
DUTW202505160401,刘海俊与施剑飞之间男女朋友感情纠纷,情感纠纷,情感纠纷,0.9
DUTW202505160402,有个人（198****9762）来电只说了一个地址，未说具体情况，电话里面不知道是一对情侣还是夫妻，在纠结要不要去，后电话一直打不通，需要民警帮助核实情况。,家庭婚姻纠纷,其他纠纷,0.9
DUTW202505160403,宋先生是新典路水茂花园2号楼1110室业主，该房子日常用于出租。5月11、12日左右租户发现屋内房顶渗水，初步怀疑是楼上的地面管道破裂所致。5月13日，辖区物业、社区和宋先生一起到楼上1210刘姓男子处了解情况，到现场后，1210室业主以自己家里地面干燥为由拒绝承认是自己家的管道问题，不同意赔偿。僵持不下后，宋先生下一步计划走法律诉讼途径。不过在诉讼前，宋先生还是希望有关部门能否帮助他再和楼上业主协商下，争取能够私下解决这个问题。,经济纠纷,损害赔偿纠纷,0.9
DUTW202505160404,宋先生是新典路水茂花园2号楼1110室业主，该房子日常用于出租。5月11、12日左右租户发现屋内房顶渗水，初步怀疑是楼上的地面管道破裂所致。5月13日，辖区物业、社区和宋先生一起到楼上1210刘姓男子处了解情况，到现场后，1210室业主以自己家里地面干燥为由拒绝承认是自己家的管道问题，不同意赔偿。僵持不下后，宋先生下一步计划走法律诉讼途径。不过在诉讼前，宋先生还是希望有关部门能否帮助他再和楼上业主协商下，争取能够私下解决这个问题。,经济纠纷,损害赔偿纠纷,0.9
DUTW202505160405,宋先生是新典路水茂花园2号楼1110室业主，该房子日常用于出租。5月11、12日左右租户发现屋内房顶渗水，初步怀疑是楼上的地面管道破裂所致。5月13日，辖区物业、社区和宋先生一起到楼上1210刘姓男子处了解情况，到现场后，1210室业主以自己家里地面干燥为由拒绝承认是自己家的管道问题，不同意赔偿。僵持不下后，宋先生下一步计划走法律诉讼途径。不过在诉讼前，宋先生还是希望有关部门能否帮助他再和楼上业主协商下，争取能够私下解决这个问题。,经济纠纷,损害赔偿纠纷,0.9
DUTW202505160501,水茂华园2号楼1110租客小孙反应自己卧室天花板上出现渗水，霉斑，1210住户刘易明4201*****1556不承认自己厨房下水管有破裂的现象，物业社区上门调解查看渗水点，1210拒不配合，无法正常沟通，最后拒绝社区物业进入。,物业管理纠纷,物业管理纠纷,0.9
DUTW202505160601,物业：有辆车浙B37T2B东南车恶意堵路，对方想从入口出来，我们不允许132****5917 #非警务#纠纷事项#物业管理问题#报警电话:132****5917,邻里纠纷,街面秩序,0.9
DUTW202505160602,有辆车不愿付停车车费，产生纠纷，报警人150****7616 #非警务#纠纷事项#消费问题#报警电话:150****7616,经济纠纷,消费纠纷,0.9
DUTW202505160603,有辆车不愿付停车车费，产生纠纷，报警人150****7616（19：31来电催促） #非警务#纠纷事项#消费问题#报警电话:150****7616,消费纠纷,消费纠纷,0.9
DUTW202505160604,因为我眼睛有问题，无法入职，站点负责入职的人让我交了押金，我交不起有纠纷。报警人：183****7472 #非警务#纠纷事项#劳资问题#报警电话:183****7472,劳动人事（就业）纠纷,劳动人事（就业）纠纷,0.9
DUTW202505160605,今天我去应聘外卖员，现我不想干了，公司还要我支付租电瓶车的钱，有纠纷。150****2156 #非警务#纠纷事项#租赁问题#报警电话:150****2156,经济纠纷,劳动人事（就业）纠纷,0.9
DUTW202505160606,今天我去应聘外卖员，现我不想干了，公司还要我支付租电瓶车的钱，有纠纷。150****2156 #非警务#纠纷事项#租赁问题#报警电话:150****2156,经济纠纷,劳动人事（就业）纠纷,0.9
DUTW202505170001,有人欠钱不还，有纠纷。报警电话：186****1667。（（四平台）古林镇来电反馈：属于段塘辖区） #非警务#纠纷事项#经济（债务）问题#报警电话:186****1667,债务纠纷,债务纠纷,0.9
DUTW202505170002,我是出租车司机，乘客到地方不给钱。186****9116 #非警务#纠纷事项#司乘（代驾）问题#报警电话:186****9116,消费纠纷,消费纠纷,0.9
DUTW202505170003,物业报，业主不愿意付停车费，引起纠纷。159****7548 #非警务#纠纷事项#物业管理问题#报警电话:159****7548,物业管理纠纷,物业管理纠纷,0.9
DUTW202505170004,135****2506业主来电外卖员要踩草坪进小区，我们这里不允许，有纠纷。 #非警务#纠纷事项#其他纠纷事项#报警电话:135****2506,邻里纠纷,物业管理纠纷,0.9
DUTW202505170005,房东不退我租房押金，需要处理。132****4911 #非警务#纠纷事项#租赁问题#报警电话:132****4911,经济纠纷,消费纠纷,0.9
DUTW202505170006,有个人和原来的电瓶车车主有纠纷，现在我路过拦着我不让我走，双方在一起有纠纷130****6138 #非警务#纠纷事项#其他纠纷事项#报警电话:130****6138,交通事故纠纷,其他纠纷,0.9
DUTW202505170007,二手车买卖纠纷，需要帮助协调176****2127 #非警务#纠纷事项#消费问题#报警电话:176****2127,经济纠纷,消费纠纷,0.9
DUTW202505170201,2025-05-17 08:03:49，民警抵达泗州家园28幢101室，系报警人陈维利（身份证：3207*****5484，电话号：190****1108）居住地：泗州家园28幢101室，要去医院摘流产环，其老公陈辉（身份证：3207*****5739，电话号：159****9111）居住地：泗州家园28幢101室，因为夜班刚结束，二人因为陈辉陪不陪报警人去医院一事产生纠纷，陈维利辱骂陈辉，陈辉用拖鞋打陈维利手臂，无明显伤势。民警现场调解，陈维利去医院摘环，陈辉因血压上来了好好休息，让其不要因为家庭琐事动手打人，已出具家庭告诫书，已推送社区民警加强关注。,经济纠纷,家庭婚姻纠纷,0.9
DUTW202505170301,#邻里纠纷#网格员接到居民通过微信反映，丽棠景苑7幢1506室收留野狗，并饲养在车棚，经常开着门，野狗到处跑，有时候吓到邻居，狗屎很臭，影响到邻居。网格员做养狗主人，不听劝导，也不配合。希望街道职能科室介入调处。,狗患纠纷,狗患纠纷,0.9
DUTW202505170401,#邻里纠纷#网格员接到顺德路136弄10号顺子棋牌室贺女士反映，隔壁12号小陈宠物店养了大量狗与猫，店面朝西，通风不畅，天气热起来了，店里工作人员打扫不勤，气味臭起来了，物业与社区多次协商无果，希望上级职能部门介入处理。,狗患纠纷,狗患纠纷,0.9
DUTW202505180001,我来补轮胎，因为费用问题有纠纷，131****2123 #非警务#纠纷事项#消费问题#报警电话:131****2123,经济纠纷,消费纠纷,0.9
DUTW202505180002,来电称对方合同里终身保养，现在不给我保养了，双方发生吵架。135****5895 #非警务#纠纷事项#其他纠纷事项#报警电话:135****5895,其他纠纷,消费纠纷,0.9
DUTW202505180003,#长效关注#因为我家在念经，邻居称我家扰民，产生纠纷，报警人电话：132****1975。 #非警务#纠纷事项#邻里问题#报警电话:132****1975,邻里纠纷,邻里纠纷,0.9
DUTW202505180004,有客人怀疑我们打他的狗，顾客两点左右会过来，需要工作人员到场协调。189****9396 #非警务#纠纷事项#消费问题#报警电话:189****9396,经济纠纷,消费纠纷,0.9
DUTW202505180005,有客人怀疑我们打他的狗，顾客两点左右会过来，需要工作人员到场协调。189****9396 #非警务#纠纷事项#消费问题#报警电话:189****9396,经济纠纷,消费纠纷,0.9
DUTW202505180006,小孩子被婴儿车绊倒了，对方不肯道歉，现引起纠纷，联系电话193****5490 #非警务#纠纷事项#其他纠纷事项#报警电话:193****5490,经济纠纷,口角琐事纠纷,0.9
DUTW202505180007,小孩子被婴儿车绊倒了，对方不肯道歉，现引起纠纷，联系电话193****5490 #非警务#纠纷事项#其他纠纷事项#报警电话:193****5490,经济纠纷,口角琐事纠纷,0.9
DUTW202505180008,189****8292：我爸爸有借钱，有2个催债的人一直在我家门口不走。 #非警务#纠纷事项#经济（债务）问题#报警电话:189****8292,债务纠纷,债务纠纷,0.9
DUTW202505180009,我在这里维修手机，对方一直修不好也不还给我，现在产生纠纷，报警人电话：155****2936 #非警务#纠纷事项#消费问题#报警电话:155****2936,其他纠纷,消费纠纷,0.9
DUTW202505180010,我在这里维修手机，对方一直修不好也不还给我，现在产生纠纷，报警人电话：155****2936 #非警务#纠纷事项#消费问题#报警电话:155****2936,经济纠纷,消费纠纷,0.9
DUTW202505180011,我在理发店上班，现在辞职了要结工资，老板莫名其妙克扣了我很多工钱，产生纠纷，报警人现在在去店里的路上182****0926 #非警务#纠纷事项#劳资问题#报警电话:182****0926,劳动人事（就业）纠纷,劳动人事（就业）纠纷,0.9
DUTW202505190006,#邻里纠纷#有15号1102居民来社区反映105居民在顶楼天台上种菜还使用尿来浇灌奇臭无比,邻里纠纷,邻里纠纷,0.9
DUTW202505190305,#邻里纠纷#网格员走访片区时，了解到16号401住户反映楼上租户501卫生间漏水，多次去沟通租户说不是自己的问题，找到501户主也拒绝出面解决沟通，401住户请求上级相关部门帮助处理。,邻里纠纷,邻里纠纷,0.9
DUTW202505190501,京华苑49号蒋桂花投诉51号汪浩3302*****0615园子里的竹子太高又拒绝物业帮忙修剪，影响49号花园的采光，51号认为49号在小区公共区域种植蔬菜，拉低了京华苑小区的档次。原先两家就有矛盾，所以沟通很费劲，社区调解多次未果，烦请有关部门协助处理。,物业管理纠纷,邻里纠纷,0.9
DUTW202505190601,2天前，因为我回来晚了跟父亲发生了争吵，我被父亲打了，导致我一直失眠，现在双方都在家，需要报警处理，民警到达现场，经了解系报警人江宗运（身份证：3302*****3016，电话号：181****1872）对其父亲江冲国（身份证：3302*****3019，电话号：181****1872）居住地：玉棠雅苑9幢1901，日常关心不满，引发家庭纠纷，其半夜委屈报警。双方拒绝沟通，眼神病态，有妄想偏执症状。后民警现场反复安抚双方并普法，告知其日后好好解决，若愿沟通可求助街道矛调中心，若不愿沟通自行诉诸法院。二人认可，告知双方不要进行偏激行为。已推送社区民警后续关注。,公共秩序纠纷,家庭婚姻纠纷,0.9
DUTW202505190602,"海潮映月小区17幢29号305室住户李双洋身份证号码3310*****0326电话187****6908反映，其在2025年5月12日晚上九时许，因为楼上405有生活噪音影响其休息，在微信群中和楼上405住户有矛盾，希望进行调处。
405住户联系方式176****9622郑文娟",物业管理纠纷,邻里纠纷,0.9
DUTW202505190701,我去第三方贷款公司贷款，双方碰过面，我付了一笔2000元保证金，现在贷款没有批下来，我不需要贷款了，办理贷款的人威胁我，还一直发短信骚扰我。183****3066 #非警务#纠纷事项#金融问题#报警电话:183****3066,其他纠纷,金融纠纷,0.9
DUTW202505190702,我去第三方贷款公司贷款，双方碰过面，我付了一笔2000元保证金，现在贷款没有批下来，我不需要贷款了，办理贷款的人威胁我，还一直发短信骚扰我。183****3066（12:35来电催促） #非警务#纠纷事项#金融问题#报警电话:183****3066,金融纠纷,金融纠纷,0.9
DUTW202505190703,我办了健身卡，现想要退款，工作人员不同意，产生纠纷。158****7622 #非警务#纠纷事项#消费问题#报警电话:158****7622,消费纠纷,消费纠纷,0.9
DUTW202505190704,#长效关注#来电称我们兄弟姐妹和大人吵架。135****6811 #非警务#纠纷事项#家庭婚姻感情问题#报警电话:135****6811,家庭婚姻纠纷,家庭婚姻纠纷,0.9
DUTW202505190705,"#长效关注#来电称我们兄弟姐妹和大人吵架，因为经济上的事情引起的。135****6811
重复报警:报警时间:2025-05-19 23:39:52, 报警电话:135****6811, 联系电话:135****6811,（来电催促） #非警务#纠纷事项#家庭婚姻感情问题#报警电话:135****6811",家庭婚姻纠纷,家庭婚姻纠纷,0.9
DUTW202505200001,有个客人提出不合理的要求，现我要报警处理，报警人电话：150****5671 #非警务#纠纷事项#消费问题#报警电话:150****5671,消费纠纷,消费纠纷,0.9
DUTW202505200002,报警人来电称因为车费原因与司机协商不下，现有纠纷需要处理，报警人电话：137****1192 #非警务#纠纷事项#司乘（代驾）问题#报警电话:137****1192,消费纠纷,消费纠纷,0.9
DUTW202505200003,我在这里买东西，工作人员冤枉我没付钱，双方有纠纷158****4996 #非警务#纠纷事项#消费问题#报警电话:158****4996,消费纠纷,消费纠纷,0.9
DUTW202505200004,外卖员来电：租车跑外卖，随后不干了，租车扣钱不合理。195****0782 #非警务#纠纷事项#租赁问题#报警电话:195****0782,经济纠纷,消费纠纷,0.9
DUTW202505200005,我在南门，租客合同到期，不搬走，要求处理139****6898 #非警务#纠纷事项#租赁问题#报警电话:139****6898,债务纠纷,其他纠纷,0.9
DUTW202505200006,报警人称有两辆车堵路，物业保安不让我出去，有纠纷，130****9733 #非警务#纠纷事项#物业管理问题#报警电话:130****9733,邻里纠纷,物业管理纠纷,0.9
DUTW202505200007,我在外地来的，在美团上订了酒店，发现和图片完全不一样，和前台沟通，前台直接让我换酒店，现双方起纠纷。报警人：138****8566 #非警务#纠纷事项#消费问题#报警电话:138****8566,消费纠纷,消费纠纷,0.9
DUTW202505200008,我来买茶叶，对方说我来闹事，有纠纷186****8007 #非警务#纠纷事项#消费问题#报警电话:186****8007,消费纠纷,消费纠纷,0.9
DUTW202505200009,辅助：我来买茶叶，对方说我来闹事，有纠纷186****8007（后报警人来电称对方店里人很多，我先离开现场了，需要与其电话联系） #非警务#纠纷事项#消费问题#报警电话:186****8007,消费纠纷,消费纠纷,0.9
DUTW202505200010,找工作（外卖员），我不想干了，现在租车服务费对方不愿退。197****5246 #非警务#纠纷事项#租赁问题#报警电话:197****5246,经济纠纷,消费纠纷,0.9
DUTW202505200011,我是网约车司机，乘客喝醉酒吐在我车上，需要对方赔偿洗车费用。130****5160 #非警务#纠纷事项#物流（快递）问题#报警电话:130****5160,消费纠纷,消费纠纷,0.9
DUTW202505200012,我们在这里做了美甲，因为质量问题导致我女朋友的指甲整个翻了，我们去医院检查后，老板不肯负责，需要处理。177****3026 #非警务#纠纷事项#消费问题#报警电话:177****3026,消费纠纷,消费纠纷,0.9
DUTW202505200101,郑嘉丽4209*****0061，159****4801与其老公郭峰华3302*****0014，139****0177存在矛盾纠纷，,家庭婚姻纠纷,家庭婚姻纠纷,0.9
DUTW202505200102,谢小祺5001*****0417，188****1116与李冬梅5001*****3740，135****5020系男女朋友，存在矛盾纠纷,情感纠纷,情感纠纷,0.9
DUTW202505200213,网格员巡逻小区，71弄小区22号504住户反映楼下有人养鸡每天4 5点就鸡叫了，影响睡眠，多次上门交涉未果，请上级部门帮助解决,物业管理纠纷,噪声污染,0.9
DUTW202505200216,段塘中路93号居民反应隔壁95号每天晚上很吵，多次交涉无果，请上级部门处理,邻里纠纷,噪声污染,0.9
DUTW202505200301,#邻里纠纷#新典社区网格一走访海曙教师公寓小区，遇到142弄3号5楼的居民反映楼上6楼经常性把没拧干的衣服挂出来，导致楼下晒的衣服和被子都弄湿了，表示此情况已经好几次了，近期也上门说过但都没用，社区也联系了6楼住户希望能有所改善，但6楼住户表示自家把衣服弄的很干，不承认此事，请相关部门协助处理。,邻里纠纷,邻里纠纷,0.9
DUTW202505200302,新典新村93号307阿姨和208阿姨反映308租客回家经常凌晨回家，关门声音重，并且在家制造噪音，影响老年人休息。上门进行沟通后，租客表示不服，认为正常生活，是邻居不讲道理，太敏感，希望相关部门协助调解,邻里纠纷,噪声污染,0.9
DUTW202505200310,网格员巡逻辖区，段塘中路109号居民反应隔壁111号每天晚上很吵，多次交涉无果，请上级部门处理,邻里纠纷,噪声污染,0.9
DUTW202505200311,#邻里纠纷#新典社区网格一走访海曙教师公寓小区，遇到156弄3号4楼住户表示在3楼到4楼的楼梯过道中总是堆放杂物或者垃圾，影响走路，有时异常臭，影响小区楼道环境，她联系物业要求保洁帮忙打扫，认为这是公共区域理应由物业解决，而物业表示保洁都是按时间打扫相应楼道的，不可能因为一有杂物或者垃圾包就马上打扫的，认为这会助长扔垃圾的住户继续扔。因此双方各执一词，无法达到一致意见，请相关部门协助处理。,公共秩序纠纷,公共秩序纠纷,0.9
DUTW202505200401,玉棠12幢的庄阿姨来社区抱怨楼上小孩跑跳影响睡眠，网格员走访了解情况，对方表示楼下老人上来骂人，小孩没有她说的行为。庄阿姨是独居高龄老人，网格员联系其小孩，对方表示老人脑子有问题，不用理会。希望有相关部门提供心理支持，给予调解。,口角琐事纠纷,口角琐事纠纷,0.9
DUTW202505200412,网格员巡逻段塘中路，段塘中路107号反映隔壁109号经常把桌子搬出来经营，影响107号日常出行，对生活造成较大影响，多次交涉未果，请上级部门帮助处理,公共秩序纠纷,街面秩序,0.9
DUTW202505200414,网格员走访时有4幢居民反映楼上住户早上很早就开始拖地，椅子拖动的声音很响，和流楼上沟通后好两天就又这样，网格员上门进行沟通，楼上住户拒绝开门拒绝沟通，需上级部门协助,邻里纠纷,噪声污染,0.9
DUTW202505200503,环城西路南段578弄26号店铺梁师傅来反映他们家的店铺漏水严重，和楼上206室住户沟通，希望对方查找漏水点位，却被对方告知不会进行维修。网格员介入后了解，双方曾因梁师傅家店铺装修敲掉一面墙体而引发过激烈争吵，因而在漏水问题上双方互不退让。在经过多次沟通协调后事件处置未能有实质性的进展，因此求助街道相关部门出面协调。,口角琐事纠纷,邻里纠纷,0.9
DUTW202505200613,社区229弄202号305室，505室反映405金阿姨在晚上在房间内弄出很大声音，影响居民正常休息。如不处理，305室准备买震楼器对应，要求社区给予协调，他们同时巳报警。,邻里纠纷,噪声污染,0.9
DUTW202505200614,网格员巡逻小区，71弄7号101住户反映楼上漏水，多次上门交涉未果，请上级部门帮助解决,物业管理纠纷,邻里纠纷,0.9
DUTW202505200615,网格员巡逻小区，71弄3号302住户反映楼上漏水，多次上门交涉未果，请上级部门帮助解决,物业管理纠纷,邻里纠纷,0.9
DUTW202505200617,网格员巡逻段塘中路，居民反应段塘中路89号窨井盖满出来了，对生活造成较大影响，请上级部门帮助处理,邻里纠纷,FAILED,0.0
DUTW202505200618,网格员巡逻段塘中路，居民反应段塘中路91号窨井盖满出来了，对生活造成较大影响，请上级部门帮助处理,邻里纠纷,FAILED,0.0
DUTW202505210001,我是出租车司机浙BT3353，有一个乘客丢了一部手机，双方在一起。138****3329 #非警务#纠纷事项#司乘（代驾）问题#报警电话:138****3329,消费纠纷,消费纠纷,0.9
DUTW202505210002,156****8728外卖员来电想辞职，让公司把账号删了，公司未删，人在现场，有纠纷 #非警务#纠纷事项#物流（快递）问题#报警电话:156****8728,消费纠纷,劳动人事（就业）纠纷,0.9
DUTW202505210003,131****9451，我租电瓶车租了两天，现在电瓶车和电池都还了，对方称要扣我600元引起纠纷。 #非警务#纠纷事项#租赁问题#报警电话:131****9451,经济纠纷,消费纠纷,0.9
DUTW202505210101,民警到达新典路139弄22号106室，系报警人马艳艳（身份证：3422*****4849，手机号：188****0013）与男友沈建光（身份证：3302*****1837，手机号：182****6731）之间感情纠纷，民警现场安抚双方情绪，双方表示会和平分手，分开居住，后续事宜将自行协商处置，同步将该情况通知社区民警加强关注。,公共秩序纠纷,情感纠纷,0.9
DUTW202505210402,时代新居1213室居民表示其楼上租住着几个年轻人，每天半夜才回家，也不注意控制声音，导致他们夜晚睡眠不好，在社区和物业陪同下，上楼与楼上租客沟通，他们说自己工作原因半夜才下班，也不觉得自己吵闹，不想进行改变，请上级部门协助处理。,邻里纠纷,口角琐事纠纷,0.9
DUTW202505210422,41-27-104宓立群向网格员反映楼上604住户漏水，604房主逃避问题不面对的情况。情绪激动，网格员缓和其情绪，需要职能部门进行处理。,邻里纠纷,邻里纠纷,0.9
DUTW202505210427,#邻里纠纷#网格员走访茶花园小区，23号603室何女士投诉，21号606室在装修房子，顶加阁的垃圾把何女士家的下水管道堵住了，网格员与603室户主沟通无果，与物业也说了，没人来疏通，两家因此引发矛盾，希望上级相关部门协调处理。,物业管理纠纷,工程施工纠纷,0.9
DUTW202505210502,网格员在日常巡查时，家住96号507室的吴师傅反映说107室倪先生家漏水至他家车棚，车棚里放置的物品都被打湿，随后吴师傅联系物业师傅查看了漏水情况，确定是107室的卫生间水管破裂引起的漏水，但双方因打湿物品的赔偿金额未达成一致，沟通无果，发生口角，社区出面调解不成，请上级部门协助处理。,经济纠纷,损害赔偿纠纷,0.9
DUTW202505220001,乘客喝醉酒尿尿尿在我车子里面了，洗车费用问题起纠纷180****9305 #非警务#纠纷事项#司乘（代驾）问题#报警电话:180****9305,经济纠纷,消费纠纷,0.9
DUTW202505220002,辅助：乘客喝醉酒尿尿尿在我车子里面了，洗车费用问题起纠纷180****9305（催促） #非警务#纠纷事项#司乘（代驾）问题#报警电话:180****9305,经济纠纷,消费纠纷,0.9
DUTW202505220003,昨晚，物业把我的水停了，现在我去找了物业，物业不处理，产生纠纷，报警人电话：158****7888 #非警务#纠纷事项#物业管理问题#报警电话:158****7888,物业管理纠纷,物业管理纠纷,0.9
DUTW202505220004,有人欠我们钱不还，现找到对方，引起纠纷，报警人电话139****0667 #非警务#纠纷事项#经济（债务）问题#报警电话:139****0667,债务纠纷,债务纠纷,0.9
DUTW202505220005,有人欠我钱不还，现在产生纠纷，报警人电话：132****6965 #非警务#纠纷事项#经济（债务）问题#报警电话:132****6965,债务纠纷,债务纠纷,0.9
DUTW202505220006,我不愿意租房，中介不肯退房租和押金其他费用，双方有纠纷190****5771 #非警务#纠纷事项#租赁问题#报警电话:190****5771,经济纠纷,消费纠纷,0.9
DUTW202505230001,150****8911报：因补胎费用问题与店家有纠纷 #非警务#纠纷事项#消费问题#报警电话:150****8911,消费纠纷,消费纠纷,0.9
DUTW202505230002,因卸货区没有开，保安又不给我开门，有纠纷178****2036 #非警务#纠纷事项#物业管理问题#报警电话:178****2036,物业管理纠纷,物业管理纠纷,0.9
DUTW202505230003,我找对方上门回收首饰，对方的秤有问题，有纠纷。185****8829 #非警务#纠纷事项#消费问题#报警电话:185****8829,消费纠纷,消费纠纷,0.9
DUTW202505230004,我找对方上门回收首饰，对方的秤有问题，有纠纷。185****8829 #非警务#纠纷事项#消费问题#报警电话:185****8829,消费纠纷,消费纠纷,0.9
DUTW202505230005,我朋友欠我钱一直不肯还，报警人电话132****6965 #非警务#纠纷事项#经济（债务）问题#报警电话:132****6965,债务纠纷,债务纠纷,0.9
DUTW202505230101,2025-05-22 20:36:17民警到达恒一广场5楼停车场，没有打架，系男女感情纠纷，车子归属问题，感情生活小事问题，之前在涨浦景苑多次报警，当场调解，女方表示不需要处理已离开现场。当事人：周佳远、2113*****6211、182****9760 报警人：许香连、3412*****8509、159****9138,治安隐患纠纷,情感纠纷,0.9
DUTW202505230103,报警人蔡雪萍（身份号3302*****2329，手机号189****6966，现住地：海语天下25幢1002室）和其老公李建宝（身份号3302*****527X，手机号133****1863，现住地：海语天下25幢1002室）只是家庭琐事引发的吵架纠纷，存在矛盾纠纷,家庭婚姻纠纷,家庭婚姻纠纷,0.9
DUTW202505230203,网格员走访时居民反映小区内一辆车堵塞路口，跟司机沟通时，司机很强硬，不愿意移车，车辆一停就停了三天，居民意见很大，物业和网格员上门了解情况，司机表示并未完全堵塞可从另外出口走，不愿意移车，居民意见很大。先需要相关部门进行调解,公共秩序纠纷,街面秩序,0.9
DUTW202505230209,5月18日，北宸府7幢一楼业主王女士向社区网格员反映，她在装修时发现自己家的客卫卫生间顶上漏水，希望二楼住户能配合一起检查漏水点，但需要对二楼卫生间进行破洞检查。二楼业主认为施工可能影响自家房屋结构安全，且担心后续维护责任归属问题，因此拒绝配合。双方多次沟通无果，矛盾逐渐激化，甚至出现言语冲突，导致邻里关系紧张。,经济纠纷,邻里纠纷,0.9
DUTW202505230214,网格员走访6幢居民，有住户称楼上经常晾衣服滴水，多次提意见无改善，这次把他们家晾的被子滴湿了，要求楼上赔偿，网格员无法调解双方矛盾，需上级相关部门协调,消费纠纷,经济纠纷,0.9
DUTW202505230304,15幢505业主童阿姨反应，有人恶意在楼道乱拉、乱扔垃圾，夏天快到了有很多苍蝇在楼道徘徊。怀疑是入户门左侧小卖部在夜间开设棋牌室的客人所为，希望社区介入调解。,物业管理纠纷,公共秩序纠纷,0.9
DUTW202505230305,网格员接到居民反映，百合园居民楼下底商神仙居早餐装修噪音扰民，影响居民休息完成纠纷，希望有关部门介入处理。,邻里纠纷,噪声污染,0.9
DUTW202505230310,#矛调类其他##邻里纠纷#41弄12号205室阿姐反映自家车棚被隔壁车棚总管漏出的水浸湿，车棚内堆放的东西都被泡了，找物业负责，物业一直以找不到车棚业主为由拒绝维修，希望相关部门协助处理。,邻里纠纷,邻里纠纷,0.9
DUTW202505230402,#邻里纠纷#新典社区网格一走访海曙教师公寓小区，遇到小区的保洁阿姨，她表示自己晾晒的鞋子不见了，找了很久都没找到，后来在垃圾堆里找到了，她特意和物业领导也反映了此事，物业看了监控发现是136弄2号6楼的肖师傅拿走扔掉的，因此就向他了解此事并希望他下次不要这样做了。但是肖师傅表示他以为是没人要的就好心扔到垃圾桶里了，但是物业表示这样的的情况已经多次了，请相关部门协助处理。,治安隐患纠纷,邻里纠纷,0.9
DUTW202505230410,网格员走访发现6幢居民因遛狗不牵绳的事情在吵架，一方要求文明养狗遛狗牵绳，养狗的执意称狗很乖，小狗，不会咬人的，网格员劝说调解无果，需相关部门协调,经济纠纷,狗患纠纷,0.9
DUTW202505240001,我在会所里点了陪酒小妹，我给了钱对方没有给我安排人，我现在还在会所里，需要协调退钱。130****3319 #非警务#纠纷事项#消费问题#报警电话:130****3319,消费纠纷,消费纠纷,0.9
DUTW202505240002,商家报警，顾客吃饭不付钱，产生纠纷。183****8100 #非警务#纠纷事项#消费问题#报警电话:183****8100,消费纠纷,消费纠纷,0.9
DUTW202505240003,商铺违规装修，管理人员劝止不听，双方有纠纷，156****7259 #非警务#纠纷事项#物业管理问题#报警电话:156****7259,物业管理纠纷,物业管理纠纷,0.9
DUTW202505240004,#长效关注#我跟邻居因为门口垃圾的事情吵架135****3713 #非警务#纠纷事项#邻里问题#报警电话:135****3713,邻里纠纷,邻里纠纷,0.9
DUTW202505240005,#长效关注#我跟邻居因为门口垃圾的事情吵架135****3713 #非警务#纠纷事项#邻里问题#报警电话:135****3713,邻里纠纷,邻里纠纷,0.9
DUTW202505240006,"买了香烟来退,对方不同意,还拿东西扔到我身上139****3067 #非警务#纠纷事项#消费问题#报警电话:139****3067",消费纠纷,消费纠纷,0.9
DUTW202505240007,我看到一个问我借钱不还的人，需要帮助，132****4131 #非警务#纠纷事项#经济（债务）问题#报警电话:132****4131,债务纠纷,债务纠纷,0.9
DUTW202505240008,103住户是收破烂的家里摆了很多破烂，家里都漏水到电表箱了，103业主也不配合我们进去查看，报警人号码：133****0735 #非警务#纠纷事项#物业管理问题#报警电话:133****0735,邻里纠纷,物业管理纠纷,0.9
DUTW202505240009,辅助：103住户是收破烂的家里摆了很多破烂，家里都漏水到电表箱了，103业主也不配合我们进去查看，报警人号码：133****0735 #非警务#纠纷事项#物业管理问题#报警电话:133****0735,邻里纠纷,物业管理纠纷,0.9
DUTW202505240010,我们是承包商，已经结清钱给包工头，有个包工头欠了手底下一个工人的钱，现在工人来问我们要钱，有纠纷，134****0863 #非警务#纠纷事项#劳资问题#报警电话:134****0863,劳动人事（就业）纠纷,劳动人事（就业）纠纷,0.9
DUTW202505240011,我老婆在这里干活，老板辞退她，工资不给全有纠纷。电话：159****6533 #非警务#纠纷事项#劳资问题#报警电话:159****6533,劳动人事（就业）纠纷,劳动人事（就业）纠纷,0.9
DUTW202505240012,因为代驾费问题有纠纷。159****1052 #非警务#纠纷事项#司乘（代驾）问题#报警电话:159****1052,消费纠纷,消费纠纷,0.9
DUTW202505240101,我老公昨天家暴我和我女儿。报警人称派出所不来今天又得被打了。   民警到达海语天下25幢1002室，当事人李建宝（身份号3302*****527X，手机号133****1863）未在家，经了解系报警人蔡雪萍（身份号3302*****2329，手机号189****6966）和其老公李建宝只是家庭琐事引发的吵架纠纷，上午街道人员以及医生已经来处理过，医生评估过没有精神问题，系两夫妻的性格问题，今天也没发生打架行为。其表示现在报警是担心会发生所说的行为，民警现场安抚报警人情绪，告知其可依法到法院起诉离婚处理。撤回。,治安隐患纠纷,家庭婚姻纠纷,0.9
DUTW202505240102,石庆楠来所报称：其与前女友倪佳（5139*****732X）因纠纷在微信上吵架，倪佳在微信上扬言要对石庆楠的女儿不客气，并扬方死也要拉着其女儿一起。       报警人石庆楠（身份证：3302*****0058，手机号：159****6680）来所报警称，其与女友倪佳（身份证：5139*****732X，手机号：178****0630）因琐事纠纷，继而在微信上发送口角争执。后双方来所调解，经调解倪佳保证不会骚扰石庆楠的家人，并且不会与其家人私下接触。双方均表示和平分手，除解决双方的债权债务必要，均不在主动联系对方，并签署治安调解协议书。,经济纠纷,口角琐事纠纷,0.9
DUTW202505250001,报警人李姗姗3408*****5221，188****7047与当事人付柏林3625*****2517，198****3367系夫妻，存在矛盾纠纷，双方住在丽棠景苑9幢26号1702室,家庭婚姻纠纷,家庭婚姻纠纷,0.9
DUTW202505250101,车主报，修车店把我车子修坏了，引起纠纷，173****3090 #非警务#纠纷事项#消费问题#报警电话:173****3090,经济纠纷,消费纠纷,0.9
DUTW202505260001,2025-05-25 19:31:36民警到达现场春江悦4幢204，报警人卢丽华3302*****4960，138****9097因为学习教育问题，吵闹，肢体接触，没有受伤。民警口头教育。开具家暴通知书，告知管正豪不能殴打母亲。当事人管正豪3302*****3412，138****9097,经济纠纷,家庭婚姻纠纷,0.9
DUTW202505260004,2025-05-25 20:49:43民警到达丽棠景苑7幢16单元708，系送快递纠纷，被投诉，当场调解，快递员王硕4114*****3910，183****1813石碶街道建庄村大李家13号-207。报警人龙平4304*****8216，186****7131丽棠景苑7幢16单元708,公共秩序纠纷,消费纠纷,0.9
DUTW202505260005,因为教育问题，25-05-25 19:31:36春江悦4幢204，报警人卢丽华3302*****4960，138****9097因为学习教育问题，吵闹，肢体接触，没有受伤。民警口头教育。开具家暴通知书，告知管正豪不能殴打母亲。当事人管正豪3302*****3412，138****9097,经济纠纷,家庭婚姻纠纷,0.9
DUTW202505260006,泛亚国际22号602，系夫妻双方袁佩君和林康富口角纠纷，现场已安抚老人情绪，并告知其子女平时多与老人联系沟通。,家庭婚姻纠纷,家庭婚姻纠纷,0.9
DUTW202505260203, 潮悦南塘小区业主在网格群中反映小区大门门禁道闸偏低，能随意跨入，且保安看门不严格，小区安全有隐患，正值物业选续聘节点，业主与物业造成僵持，亟待调解。,邻里纠纷,物业管理纠纷,0.9
DUTW202505260301,我因为回消息忘记付车费，和司机有纠纷136****7280 #非警务#纠纷事项#司乘（代驾）问题#报警电话:136****7280,消费纠纷,消费纠纷,0.9
DUTW202505260302,老板不给工资，现引起纠纷，联系电话193****7220（请出警单位或出警人员接到指令后5分钟内尽快联系报警人）。 #非警务#纠纷事项#劳资问题#报警电话:193****7220,劳动人事（就业）纠纷,劳动人事（就业）纠纷,0.9
DUTW202505260303,老板不发工资，我现在找到公司，双方发生纠纷，报警人电话132****7058 #非警务#纠纷事项#劳资问题#报警电话:132****7058,劳动人事（就业）纠纷,劳动人事（就业）纠纷,0.9
DUTW202505260304,来电称和搬家公司发生吵架，对方损坏我们的东西不肯赔，双方在一起。135****1413 #非警务#纠纷事项#经济（债务）问题#报警电话:135****1413,经济纠纷,消费纠纷,0.9
DUTW202505260404,#（一件事）养犬#顺德华庭23幢204室业主反映楼上304的业主养了3条狗，半夜总是不停的叫吵的睡不着，网格员一起上门去做工作，304的业主不配合，请相关部门协助处理。,狗患纠纷,狗患纠纷,0.9
DUTW202505260502,网格员走访潮悦南塘13幢104室，业主在装修中发现卫生间顶部漏水，经检测，漏水源于楼上204室卫生间地下管道。204室业主因管道在保修期内，应由开发商负责维修以此推诿，致双方僵持。,邻里纠纷,其他纠纷,0.9
DUTW202505260506,网格员走访时居民反应对面邻居养的狗总是在楼道拉屎撒尿，狗主人也不清理，网格员上门沟通后这两三天依旧出现狗屎没清理的情况，需相关部门协助,狗患纠纷,狗患纠纷,0.9
DUTW202505270001,"2025-05-27 01:11:51，接110指挥中心下发警情，民警到达南苑小区南门，系报警人刘娜（身份证：5110*****3163，手机：181****9953，现居住地：南苑街229弄90号415室）在凌晨一点左右南苑小区南门门口因不愿意前男友到自己家里，被前男友单柯军（身份证：3302*****7510，手机：139****7161，现居住地：浙江省宁波市海曙区古林镇戴家村东戴 37号）打中左脸，后单柯军离开，
民警电话联系单柯军，未接。因时间已是半夜，刘娜称明天早上会来派出所具体说明情况。",情感纠纷,家庭婚姻纠纷,0.9
DUTW202505270002,"未说地址事情挂断，回拨我老公很凶骂我打我（70多岁，残疾人，眼睛看不见），无工具，救护车不要，现在老公不在家2025-05-27 11:23:14接110指挥中心下发警情,民警到达泛亚国际22号602室,报警人袁佩君(身份证：3302*****0029,手机号：153****9575)系老年人,年龄太大,报警称丈夫林康富(身份证：3302*****0012,手机号：131****6066)对其家暴,经了解,系袁对林照顾她有不满,报警称被打,林说没有动过手,头上,脸上也没有痕迹。告知有需要可以安装监控。后民警联系其儿子林建华(身份证：3302*****601x,手机号：185****0273)多照顾老年人身心健康。推送社区民警关注。",经济纠纷,家庭婚姻纠纷,0.9
DUTW202505270201,月季苑旁的电视台拆除灰尘很大，有居民来反应说，家里全都是灰尘，完全不能开窗，社区与施工方联系，但未解决问题，望上级部门协助处理。,工程施工纠纷,环保纠纷,0.9
DUTW202505270405,网格员开展例行巡查时，在晓风印月小区的地下室通道内，发现一只黑色小狗挣脱了牵引绳，正贴着墙面慌张逃窜。犬主人张女士与邻居王先生正面红耳赤地争吵，厉声指责。网格员介入调解，双方争执不下，请街道职能科室协助处理。,口角琐事纠纷,狗患纠纷,0.9
DUTW202505270601,我5月13号在网上找人换了个锁，用了五六次，现锁坏了，我让对方来修一下，对方说要收费。报警人电话：199****3341 #非警务#纠纷事项#消费问题#报警电话:199****3341,消费纠纷,消费纠纷,0.9
DUTW202505270602,因装修罚款问题，三个装修队的人与我们有纠纷。报警人电话：159****9217 #非警务#纠纷事项#其他纠纷事项#报警电话:159****9217,其他纠纷,其他纠纷,0.9
DUTW202505270603,我们在这里充了美容卡，对方不告诉我们有什么项目，有纠纷198****2363 #非警务#纠纷事项#消费问题#报警电话:198****2363,消费纠纷,消费纠纷,0.9
DUTW202505270604,有车堵路，车主在不肯移车，有纠纷。135****6565 #非警务#纠纷事项#其他纠纷事项#报警电话:135****6565,邻里纠纷,街面秩序,0.9
DUTW202505270605,有辆车（浙B3L0G5)故意堵路，150****3069 #非警务#纠纷事项#其他纠纷事项#报警电话:150****3069,经济纠纷,街面秩序,0.9
DUTW202505270606,有车堵路，车主在不肯移车，有纠纷。135****6565 #非警务#纠纷事项#其他纠纷事项#报警电话:135****6565,邻里纠纷,街面秩序,0.9
DUTW202505270607,这里有个客户来买感冒药，脑子有点问题，一直讲不通，产生纠纷，报警人189****1017 #非警务#纠纷事项#消费问题#报警电话:189****1017,消费纠纷,消费纠纷,0.9
DUTW202505270608,我来买药，工作人员不卖给我。131****8281 #非警务#纠纷事项#消费问题#报警电话:131****8281,消费纠纷,消费纠纷,0.9
DUTW202505270609,我来买药，工作人员不卖给我。131****8281 #非警务#纠纷事项#消费问题#报警电话:131****8281,消费纠纷,消费纠纷,0.9
DUTW202505270610,电话里一直在吵架。后称因为买榴莲引起吵架135****7597 #非警务#纠纷事项#消费问题#报警电话:135****7597,口角琐事纠纷,消费纠纷,0.9
DUTW202505270611,我是滴滴司机，乘客要投诉我，双方产生纠纷，报警人电话130****0773 #非警务#纠纷事项#司乘（代驾）问题#报警电话:130****0773,消费纠纷,消费纠纷,0.9
DUTW202505270612,驿站的工作人员冤枉我多拿了快递，与我产生口角，现我在过去的路上，大概十五分钟后到，需要工作人员到场处理，报警人电话158****2225 #非警务#纠纷事项#物流（快递）问题#报警电话:158****2225,消费纠纷,口角琐事纠纷,0.9
DUTW202505280004,海语府25幢1002室蔡女士反应丈夫患狂躁症有暴力倾向，目前不敢回家，希望网格员能出面协调，相关部门协助让丈夫就医,家庭婚姻纠纷,家庭婚姻纠纷,0.9
DUTW202505280101,#邻里纠纷#玉兰园14-110吴师傅今年七十多岁，向社区反应楼上210室近期每到半夜就吵闹不止，凌晨一两点仍有小孩哭叫、大人训斥声，严重影响休息，吴师傅本就睡眠浅，长期下来身心俱疲。社区试图与楼上沟通，可楼上不仅不配合，走访拒绝开门沟通电话也不接，鉴于持续吵闹影响楼下住户，也怕发生冲突，请求上级协助处理。,邻里纠纷,噪声污染,0.9
DUTW202505280201,茶花园西门垃圾桶占用行人、非机动车道下坡通道，影响通行，有安全隐患。,公共秩序纠纷,街面秩序,0.9
DUTW202505280204,网格员走访时居民反映在一楼楼道口有人乱小便，导致整个楼道臭烘烘，居民反映是楼上租客所为，网格员对租客进行沟通，他们表示并未做过此事。但楼下时常还是有该问题存在，请相关部门协助调解。,邻里纠纷,公共秩序纠纷,0.9
DUTW202505280401,报警人称自己几天没去干活，干活的工具被人拿走了，有纠纷，187****7440 #非警务#纠纷事项#劳资问题#报警电话:187****7440,其他纠纷,劳动人事（就业）纠纷,0.9
DUTW202505280402,在这里充钱，现在退钱有纠纷183****1518 #非警务#纠纷事项#消费问题#报警电话:183****1518,消费纠纷,消费纠纷,0.9
DUTW202505280403,我来洗车，对方没给我车子洗干净，双方有纠纷，159****5502 #非警务#纠纷事项#消费问题#报警电话:159****5502,经济纠纷,消费纠纷,0.9
DUTW202505280501,潮悦南塘小区14幢31、32号1704室，系王哲汶和聂榆萱男女朋友吵架纠纷，已告知社区民警加强关注。,物业管理纠纷,情感纠纷,0.9
DUTW202505290001,我是网约车司机，乘客吐车里不肯付清洁费，双方有纠纷。报警人电话：138****9727 #非警务#纠纷事项#司乘（代驾）问题#报警电话:138****9727,消费纠纷,消费纠纷,0.9
DUTW202505290002,我是网约车司机，乘客吐车里不肯付清洁费，双方有纠纷。报警人电话：138****9727 #非警务#纠纷事项#司乘（代驾）问题#报警电话:138****9727,消费纠纷,消费纠纷,0.9
DUTW202505290003,饿了么站点工作人员来电，被平台扣了花呗，引起纠纷  138****7042 #非警务#纠纷事项#物流（快递）问题#报警电话:138****7042,消费纠纷,消费纠纷,0.9
DUTW202505290004,退车问题，双方有纠纷   180****2328 #非警务#纠纷事项#租赁问题#报警电话:180****2328,经济纠纷,消费纠纷,0.9
DUTW202505290005,我刚到宁波，我问了出租车司机一句，出租车司机突然急刹车并对我发火，原因不清，我受不了有纠纷。175****1222 #非警务#纠纷事项#司乘（代驾）问题#报警电话:175****1222,消费纠纷,消费纠纷,0.9
DUTW202505290103,229弄201号103室的王阿姨反映203的卫生间漏水，多次和他们联系，他们都不在家，请社区出面调解一下,邻里纠纷,邻里纠纷,0.9
DUTW202505290105,152号206室反映506室不定时浇花，水洒到206阳台，导致206不敢晒被子衣物等，包片人员到506室了解情况，506室住户表示一般在早上和晚上浇水，浇水时比较注意，并向工作人员展示浇花工具出水口较小，应该不存在这种情况，两家产生纠纷，无法达成一致，请相关部门介入调解,家庭婚姻纠纷,邻里纠纷,0.9
DUTW202505290106,50号402因晚上走路声音太重，影响到302居民的生活作息，双方发生争执。,邻里纠纷,邻里纠纷,0.9
DUTW202505290108,南苑社区198弄1号702室周阿姨家中地漏堵塞，出现漏水，导致楼下602室周师傅家中厨房墙面潮湿，有墙皮脱落，造成损失，社区协调后两人无法达成一致，请相关部门介入调解,经济纠纷,损害赔偿纠纷,0.9
DUTW202505290110,在网格走访过程中，住在229弄179号106室的胡阿姨告诉我，她们家被楼上206室的龙阿姨家漏水了，非常严重，墙体也脱落了。期间社工也多次上门，龙阿姨就是不愿意赔，两家起了矛盾纠纷，希望上级部门帮忙协调解决。,经济纠纷,邻里纠纷,0.9
DUTW202505290201,通达路755号店面房，系男女朋友盛松林和孙雅芝吵架纠纷，已告知辖区民警关注。,公共秩序纠纷,情感纠纷,0.9
DUTW202505290202,"2025-05-28 23:35:50接110指挥中心下发警情，民警到通达路755号，经了解系男女朋友吵架,双方有口角争执,到达时男方盛松林(身份号3602*****4737,手机号：158****5669,暂住地：古林镇宋严王村1-42-1)已离开了,不在现场。报警人孙雅芝(身份号3403*****0845,手机号197****3943,暂住地：古林镇包家村17幢46单元201)称先不需要处理了,双方感情事宜将自行协商解决。",情感纠纷,情感纠纷,0.9
DUTW202505290304,#邻里纠纷#桂花园2楼408室刘老师投诉5楼租户每天晚上都很吵，关门声音很大，影响他休息，社工与租户沟通无果，希望街道帮助调解,邻里纠纷,噪声污染,0.9
DUTW202505290306,#邻里纠纷#网格员#天晟玥府2幢居民反映楼上租客做直播，每天凌晨12点和凌晨3点两个时间段发出噪音扰民。网格员上门沟通，并联系二房东采购了桌角垫防止噪音发出，租客又通过摔物、重踏等方式发出噪音，多次沟通无果，进而引发了多家邻居投诉。请相关部门介入处理,邻里纠纷,噪声污染,0.9
DUTW202505290307,社区229弄172号106室反映170号105室孙女士在晚上在房间内弄出很大声音，影响居民正常休息，要求社区给予协调，他们同时巳报警。,邻里纠纷,噪声污染,0.9
DUTW202505290308,186弄1号101反应201天天晚上11点以后发出噪音导致楼下没办法睡觉，社区协调后两人无法达成一致，请相关部门协助处理,邻里纠纷,噪声污染,0.9
DUTW202505290404,#邻里纠纷#网格员走访牡丹小区，8幢208室与隔壁楼幢邻居，因为宠物粪便引导矛盾纠纷，双方各执一词，情绪激动。急需上级部门调解。,狗患纠纷,狗患纠纷,0.9
DUTW202505290406,#婚姻家庭纠纷#家住泛亚中心的一对老夫妻，老妻多次电话报警，称遭到老头的家暴，经过了解，老夫妻儿子在外地工作，老妻糖尿病导致眼盲，生活全靠老伴照顾，老妻脾气差，社区网格员和协管员多次上门劝解，成效不大，最近又开始经常打报警电话，望上级部门协助处理。,家庭婚姻纠纷,家庭婚姻纠纷,0.9
DUTW202505290407,#邻里纠纷#网格员接到居民投诉，楼下居民养狗生了一窝小狗，对人比较警惕，经常狗叫还对人有攻击性，居民间多次协商无果，网格员调解成效也不大，望相关部门协助处理。,狗患纠纷,狗患纠纷,0.9
DUTW202505290411,南苑街229弄206室反映有他们家下水道老是堵塞，物业反映有楼道居民住下水道中扔卫生棉，希望社区物业协调。,公共秩序纠纷,物业管理纠纷,0.9
DUTW202505290412,228弄17号106反应206天天晚上11点以后发出噪音导致楼下没办法睡觉，社区协调后两人无法达成一致，请相关部门协助处理,邻里纠纷,噪声污染,0.9
DUTW202505290413,因地铁工程声音影响到几幢楼居民，纷纷反映，希望得到解决。,工程施工纠纷,噪声污染,0.9
DUTW202505290507,15幢204业主陈师傅反应，对面203租户养了两只中大型犬，看管不严，有时候遛狗也不签绳，未办理狗证，人走过还会狂叫扰民，请相关部门介入协调,狗患纠纷,狗患纠纷,0.9
DUTW202505290508,#邻里纠纷#乾宁府2-912反映乾宁府2-908的鞋柜放置在外面，气味很大，对于楼道的环境很不协调。需要社区，街道介入，劝说乾宁府2-908的租户进行整改。,工程施工纠纷,邻里纠纷,0.9
DUTW202505290509,#矛盾纠纷#南苑街229弄59号303投诉对面81号楼一楼经常放音乐噪音太大，影响正常休息，社区网格员上门沟通，对方不配合，希望上级相关部门协助处理。,公共秩序纠纷,噪声污染,0.9
DUTW202505290512,228弄14号601室张阿姨投诉701室每天晚上很吵，多次和他沟通都没改善，请求社区出面调解。,邻里纠纷,噪声污染,0.9
DUTW202505290513,#矛盾纠纷#71号5楼投诉6楼养宠物狗下楼梯后不及时处理楼道宠物狗粪便，屡次沟通，态度很恶劣，社区也上门沟通，依旧不配合，求助相关部门协助解决。,狗患纠纷,狗患纠纷,0.9
DUTW202505290514,南苑社区229弄148号302室王红芬家中厨房地漏堵塞，出现漏水，导致楼下202室谢丽娟家中厨房墙面潮湿，有墙皮脱落，门和柜子变形，造成一定损失，社区协调后两人无法达成一致，请相关部门介入调解,经济纠纷,损害赔偿纠纷,0.9
DUTW202505290515,南苑社区228弄1号302室胡阿姨家中地漏堵塞，出现漏水，导致楼下202室谢师傅家中厨房墙面潮湿，有墙皮脱落，造成损失，社区协调后两人无法达成一致，请相关部门介入调解,经济纠纷,损害赔偿纠纷,0.9
DUTW202505290516,#邻里纠纷#229弄77号201室因为701室在楼道内和楼道口经常乱堆放问题引发吵架，双方都有推搡动作，201室进行报警处理，并表示右眼有受伤。,治安隐患纠纷,邻里纠纷,0.9
DUTW202505300501,我来这里找工作，对方让我交了一些费用，我现在发现对方介绍的工作与当时描述的不符，我不想做了，对方不肯退我费用，双方发生纠纷，报警人电话193****4151 #非警务#纠纷事项#经济（债务）问题#报警电话:193****4151,消费纠纷,劳动人事（就业）纠纷,0.9
DUTW202505300502,我是店里的收银员，有个外卖员因之前与我有过纠纷，现其又来挑衅我，要求处理，报警人电话：182****8326 #非警务#纠纷事项#其他纠纷事项#报警电话:182****8326,消费纠纷,口角琐事纠纷,0.9
DUTW202505300601,"1201住户的女儿管欣雨（身份证：3412*****3749，手机：181****0723，现居住地：丽棠景苑8幢12层1201），对楼上1301室发出噪音不满，民警已经对1301室的母亲告知过了管理好女儿黄家祺（身份证：3302*****0343，手机：137****7714，现居住地：丽棠景苑8幢1301室）的情绪，有心理问题的可以及时就医。后民警与1201室的同住父母沟通，二人表示会劝自己女儿，不要与1301室女儿计较，同步通知社区民警加强关注，闭环。
2025-05-30 02:37:23，接110指挥中心下发警情，民警到达丽棠景苑8幢1301室，系1301女人因为考试情绪急躁，民警告知其母亲安抚一下该人情绪，如有精神问题可及时就医，同步通知社区民警加强关注，闭环。报警人管成东(身份证：3412*****3715，手机：133****3875，现居住地：丽棠景苑8幢1201室）。请社区对邻里纠纷及精神异常人员，加强关注。",家庭婚姻纠纷,口角琐事纠纷,0.9
DUTW202505300602,潮悦南塘9幢901，系王嘉力3302*****6478，151****7682与女朋友方睿3302*****2725，158****4434因为感情问题发生纠纷，互相拉扯的时候方睿耳钉刮到了，耳朵有点破皮，现场没有打架。后方睿称自己可以解决。需要关注。,治安隐患纠纷,情感纠纷,0.9
DUTW202505310001,183****2143保安报：4个人闹事，原因不清楚，需要调解 #非警务#纠纷事项#物业管理问题#报警电话:183****2143,治安隐患纠纷,物业管理纠纷,0.9
DUTW202505310002,我们是业主，外地人在吵架，没有动手，具体情况不清楚挂断131****5205 #非警务#纠纷事项#其他纠纷事项#报警电话:131****5205,邻里纠纷,口角琐事纠纷,0.9
DUTW202505310003,对方卖给我的鱼缺斤少两，有纠纷178****8682 #非警务#纠纷事项#消费问题#报警电话:178****8682,消费纠纷,消费纠纷,0.9
DUTW202505310004,我报了健身卡，对方一直没开业也不肯退钱。155****0306 #非警务#纠纷事项#消费问题#报警电话:155****0306,消费纠纷,消费纠纷,0.9
DUTW202505310005,我们在这里充值话费，对方态度不好，现在我想退钱，但是对方不退。137****2706 #非警务#纠纷事项#消费问题#报警电话:137****2706,消费纠纷,消费纠纷,0.9
DUTW202505310102,袁佩君3302*****0029，153****9575与林康富3302*****0012，177****9017系夫妻，存在矛盾纠纷，双方住在泛亚中心22号602室,家庭婚姻纠纷,家庭婚姻纠纷,0.9
DUTW202505310103,王二阳3207*****4516，159****9631等人（绿化工）与江上印物业因劳资问题存在纠纷。,物业管理纠纷,劳动人事（就业）纠纷,0.9
GLOW202505010001,出租车（浙BC5928)司机来电乘客吐在车上，因为赔偿问题有纠纷。报警人电话：188****4612 #非警务#纠纷事项#司乘（代驾）问题#报警电话:188****4612,消费纠纷,消费纠纷,0.9
GLOW202505010002,158****9134和对方车主因车辆排队问题有纠纷 #非警务#纠纷事项#其他纠纷事项#报警电话:158****9134,交通事故纠纷,交通事故纠纷,0.9
GLOW202505010003,我的丈母娘买了个3000多元的药粉，说是可以保养身体，我们现在过来退发现店门关了，需要处理139****2685 #非警务#纠纷事项#消费问题#报警电话:139****2685,消费纠纷,消费纠纷,0.9
GLOW202505010004,商家不给我退还鞋子引起纠纷136****1589 #非警务#纠纷事项#消费问题#报警电话:136****1589,消费纠纷,消费纠纷,0.9
GLOW202505010005,因工程款要不到发生纠纷135****5432 #非警务#纠纷事项#经济（债务）问题#报警电话:135****5432,债务纠纷,债务纠纷,0.9
GLOW202505010006,我们在平台上和老板换了一个房间，现在打不开门，我们的行李拿不出来了，177****6692 #非警务#纠纷事项#消费问题#报警电话:177****6692,消费纠纷,消费纠纷,0.9
GLOW202505010101,2025-04-30 15:27:13接110指示称中山西路2号15楼我男朋友跟别人出轨还诽谤我有纠纷。民警李雁飞出警，到达现场，经了解系男女感情问题有纠纷，民警已登记双方身份信息（报警人马小曼4127*****660X，151****1823，当事人于智慧2224*****8021，198****6603），民警告知马小曼维护名誉权可以到法院自诉解决，该报警人马小曼住在高新区。,公共秩序纠纷,情感纠纷,0.9
GLOW202505010102,2025-05-01 19:08:21接110指令：在鼓楼美食街章吉龙虾，刚刚电瓶车撞到行人，现在对方一直骂我，具体不清一直争吵，120不用。民警张添添出警到达现场，经了解，系报警人被对方推着电瓶车不小心碰到脚 ，交通事故发生后肇事者不肯道歉，告知报警人去医院看病后起诉。报警人（郝萌 1201*****0321 185****4387）当事人（李平 3302*****1810 158****5754）,经济纠纷,交通事故纠纷,0.9
GLOW202505020001,2025-05-02 01:59:05接110指令：在中央花园D12C，我和朋友和租，有人跑到我家，把我东西砸 了，还赖在我家不肯走，对方可能和我朋友有经济上的纠纷。民警李鹰出警到达现场，经了解双方因经济合同引起纠纷，经侦已受理案件，告知通过合法合理途径解决。报警人（陈桌 5002*****6054 183****5110）当事人（李冬升 3424*****0532 137****0490）（赵俊 3405*****0037 153****0085）,其他纠纷,经济纠纷,0.9
GLOW202505020002,2025-05-02 12:08:54接110指令：在鼓楼对面部队大院停车场，来电称“喂”，后电话挂机，回拨：有个女的让我报警，因为老公拿了其的手机，双方打架了，无工具，120不要。民警许志岳到达现场，经了解，系夫妻双方（张猛4114*****6336，176****9955）（李静静4114*****6042，177****0818）因感情纠纷吵架，经民警教育，双方表示回去后会妥善处理感情。,治安隐患纠纷,情感纠纷,0.9
GLOW202505020003,鼓楼公园路17-2（老婆大人隔壁）我儿子与他父亲打架，手持棍子，具体情况不回答，只说快点来，后挂断电话，回拨挂断（紧急）。民警到达现场，经了解，系报警人二个儿子都系在校学生打架，已对他们批评教育。,治安隐患纠纷,口角琐事纠纷,0.9
GLOW202505020401,#长效关注#我在这里摆摊卖花，旁边卖气球的摊贩现不让我摆摊，引起纠纷，报警人电话：151****1815.（请分局通知四平台） #非警务#纠纷事项#邻里问题#报警电话:151****1815,邻里纠纷,街面秩序,0.9
GLOW202505030001,我跟朋友合租，对方可能跟我朋友有经济纠纷，现在又过来了，引起纠纷，183****5110 #非警务#纠纷事项#经济（债务）问题#报警电话:183****5110,经济纠纷,债务纠纷,0.9
GLOW202505030002,有个人欠了钱不还，现我遇到这个人了。报警人电话：192****1156 #非警务#纠纷事项#经济（债务）问题#报警电话:192****1156,债务纠纷,债务纠纷,0.9
GLOW202505030003,上个月3号租的车，现在三号要退车，对方一定要让我付完下个月的钱才能退有纠纷。电话：130****7830 #非警务#纠纷事项#租赁问题#报警电话:130****7830,经济纠纷,消费纠纷,0.9
GLOW202505030004,移动宽带太贵，需要退网，移动不给我退，引起纠纷。报警人电话：159****1176 #非警务#纠纷事项#消费问题#报警电话:159****1176,消费纠纷,消费纠纷,0.9
GLOW202505030005,我在路上遇到一家美容院拉去免费洗脸，之后被诱导消费7000元。报警人现在在河东村舍口杨路139号 #非警务#纠纷事项#消费问题#报警电话:195****1744,消费纠纷,消费纠纷,0.9
GLOW202505030006,有个人的手机不能用，我们不能维修，双方有纠纷。153****2483 #非警务#纠纷事项#其他纠纷事项#报警电话:153****2483,其他纠纷,消费纠纷,0.9
GLOW202505030007,来电无声，回拨称对方故意把车停在我车前面，我不认识对方，双方引起纠纷，报警电话180****1989 #非警务#纠纷事项#其他纠纷事项#报警电话:180****1989,交通事故纠纷,街面秩序,0.9
GLOW202505030008,来电无声，回拨称对方故意把车停在我车前面，我不认识对方，双方引起纠纷，报警电话180****1989 #非警务#纠纷事项#其他纠纷事项#报警电话:180****1989,交通事故纠纷,街面秩序,0.9
GLOW202505030009,无声，回拨有经济纠纷，具体情况说不清楚，报警人电话157****0889 #非警务#纠纷事项#经济（债务）问题#报警电话:157****0889,债务纠纷,经济纠纷,0.9
GLOW202505040001,我是开网约车的，有个乘客要带大型狗上车，我不同意，对方也不肯下车，引起纠纷，报警人电话166****0514 #非警务#纠纷事项#司乘（代驾）问题#报警电话:166****0514,消费纠纷,消费纠纷,0.9
GLOW202505040002,#长效关注#楼上邻居洗阳台往楼下倒水，引发纠纷，对方还想打人 #非警务#纠纷事项#邻里问题#报警电话:183****8898,邻里纠纷,邻里纠纷,0.9
GLOW202505040003,要求退学费发生纠纷176****6070 #非警务#纠纷事项#消费问题#报警电话:176****6070,经济纠纷,消费纠纷,0.9
GLOW202505040101,2025-05-03 20:19:03接110指令：在和义大道地下二层车库545号车位，只说有人打我，具体事由不肯说，120不要。民警曹刚到达现场，经了解，系停车移车引起口角纠纷，未发生打人打架的情形，未受伤，现场调解。报警人汤加荣，3306*****7019，198****0156对方当事人包文聪，3302*****1613，180****4628,经济纠纷,口角琐事纠纷,0.9
GLOW202505040102,2025-05-04 00:52:46接110指令：在孝闻街江亚基（同音）门口，我抓到男朋友和别的女人一起喝酒，后男友动手打我，120不要。民警江伟亮到达现场，了解，是夫妻间吵架，拉扯过程中手串断了，掉在地上已经全部找回，末发生打架，未受伤，表示会自行处理好的。报警人翁喜玲，3326*****512x，198****3116。当事人董继伟，3412*****1331，152****1818,经济纠纷,家庭婚姻纠纷,0.9
GLOW202505040103,2025-05-04 01:02:46接110指令：在西北街宁波二院，我车上有一位醉酒乘客不付钱，还要掐我脖子，双方有纠纷。民警严昭捷到达现场，系醉酒后因车费发生纠纷，无肢体冲突，已由同事将车费结清后送回宿舍。报警人余珠红，3302*****5031，133****6225。当事人倪旭东，3302*****8636，134****2809,治安隐患纠纷,消费纠纷,0.9
GLOW202505050001,很多电瓶车停在路边，对方不移走引起纠纷186****1862 #非警务#纠纷事项#其他纠纷事项#报警电话:186****1862,邻里纠纷,街面秩序,0.9
GLOW202505050002,我在这里买了包不让退，要处理。报警人：133****4928 #非警务#纠纷事项#消费问题#报警电话:133****4928,消费纠纷,消费纠纷,0.9
GLOW202505050003,我们打了出租车（浙BT4541），司机记错了地址，中途把我们放下了，态度恶劣132****1988 #非警务#纠纷事项#司乘（代驾）问题#报警电话:132****1988,消费纠纷,消费纠纷,0.9
GLOW202505060001,我给对方干活，对方以没有验收为由，不给工钱，要求处理130****0318 #非警务#纠纷事项#消费问题#报警电话:130****0318,劳动人事（就业）纠纷,劳动人事（就业）纠纷,0.9
GLOW202505060002,老板不给我工资，产生纠纷，报警人电话：186****9767 #非警务#纠纷事项#劳资问题#报警电话:186****9767,劳动人事（就业）纠纷,劳动人事（就业）纠纷,0.9
GLOW202505060003,我们这里有7-8个人要不到工资，现在我们在现场，需要处理。138****5603 #非警务#纠纷事项#劳资问题#报警电话:138****5603,劳动人事（就业）纠纷,劳动人事（就业）纠纷,0.9
GLOW202505060004,租的房间有问题，对方不予退房    139****4313 #非警务#纠纷事项#消费问题#报警电话:139****4313,经济纠纷,消费纠纷,0.9
GLOW202505060501,2025-05-06 01:04:28接110指令：在1844广场中央酒吧，有几个男的过来摸了我朋友的女朋友的屁股，对方上前的时候把自己的手机塞给了我朋友，后对方朋友过来要手机，我朋友没给要对方给说法，对方就把我朋友手机抢走了，还用手掐我朋友脖子，拖拽我朋友。民警钱阳林出警到达现场，经了解，系一醉酒的人因上厕所途经通道时，不小心碰到了在过道上玩耍的报警人的朋友，后称以手机抵押赔礼道歉，醉酒人的另一朋友得知后又来协调，导致发生了口角纠纷，双方没有打架，也没有人受伤，醉酒方赔礼道歉了结此事，双方无涉。当事人（任言言 3422*****8012 182****4887）（李灵静 3325*****2521 133****7773）（周天涵 3303*****0114 158****9001）,经济纠纷,口角琐事纠纷,0.9
GLOW202505060502,我们这里有7-8个人要不到工资，现在我们在现场，需要处理。138****5603，经了解，系劳资纠纷，告知当事人处理途径。,劳动人事（就业）纠纷,劳动人事（就业）纠纷,0.9
GLOW202505060601,155****0006顾客来电和工作人员因房间退费有纠纷 #非警务#纠纷事项#消费问题#报警电话:155****0006,消费纠纷,消费纠纷,0.9
GLOW202505070002,2025-05-07 00:01:14接110指令：在二院急诊，工作人员来电，有病人喝多了看完病不给钱  。民警严昭捷到达现场，经了解，系因为医疗项目收费问题产生纠纷，告知报警人潘蓉蓉（3308*****4821，159****7674）可让医院与其（周奇豪3611*****6312，134****8271）协商处理，或通过司法途径解决。,消费纠纷,消费纠纷,0.9
GLOW202505070003,2025-05-07 00:38:52接110指令：在1844酒吧门口等，客人报，我们跟别人发生了纠纷，具体情况不肯说。民警范学武到达现场，经了解，系男女朋友（李嘉鸿5108*****2012，152****4761）（卢诗恒5325*****021X，130****2018）感情问题引起口角纠纷，过程中有推搡，未发生打架，现双方自行协商解决。,治安隐患纠纷,情感纠纷,0.9
GLOW202505070004,2025-05-07 00:53:07接110指令：在中央花园c幢23A，儿子发酒疯，动手打我还把家里砸的乱七八糟，不要120。民警严昭捷到达现场，经了解，系家庭矛盾产生口角纠纷，未打架，母亲（赵卓娜3302*****1862，139****5058）表示不追究儿子（龚韬3302*****0630，159****9858）责任，双方会自行协商处理，儿子已回其住处休息。,治安隐患纠纷,家庭婚姻纠纷,0.9
GLOW202505070005,2025-05-07 23:16:16接110指令：在孝闻街177弄13幢2单元309室，我老婆打我，把我身上都抓伤了，她发疯一样的，你们赶紧把她带走，120不要。民警严昭捷到达现场， 经了解，系夫妻双方（黄俊明3302*****0319，130****0747）（王燕红4114*****7827，159****9121）因离婚等琐事引起的口角纠纷，过程中有推搡，未发生打架，现双方自行协商解决。,经济纠纷,家庭婚姻纠纷,0.9
GLOW202505070006,2025-05-07 18:25:22接110指令：在新四方快餐厅，来电未说具体地址和事情，只说来一下就挂断，多次回拨询问无回应，电话中有争吵声。民警王少林到达现场，系朋友聚餐时发生口角，现场未打架未受伤，批评教育处理。报警人王雪萍，3302*****5108，156****1875。当事人卢绍能，3302*****5418，159****0796,经济纠纷,口角琐事纠纷,0.9
GLOW202505070101,153****1082报：对方欠钱不还，双方有纠纷，具体地址请与报警人联系 #非警务#纠纷事项#经济（债务）问题#报警电话:153****1082,债务纠纷,债务纠纷,0.9
GLOW202505070102,我来这家店售卖黄金，因价格问题引起纠纷。报警人电话：139****1416 #非警务#纠纷事项#消费问题#报警电话:139****1416,消费纠纷,消费纠纷,0.9
GLOW202505070103,我在店里充钱做眉毛，现在店里不退钱，有纠纷 #非警务#纠纷事项#消费问题#报警电话:150****2496,消费纠纷,消费纠纷,0.9
GLOW202505070104,因贷款问题有争议，178****9044 #非警务#纠纷事项#金融问题#报警电话:178****9044,债务纠纷,金融纠纷,0.9
GLOW202505070105,对方叫我出来打台球，但是他俩都不付台费，双方引起纠纷，报警电话191****6631 #非警务#纠纷事项#消费问题#报警电话:191****6631,消费纠纷,消费纠纷,0.9
GLOW202505080302,12345转警：市民2024年10月中旬入职宁波吉享环保科技有限公司（浙江省宁波市海曙区公园路88号），并签订了劳动合同。市民2025年2月4日在上班期间，因工作原因滑倒，后续市民前往宁波市杭州湾医院做检查，检查结果是颅骨骨折，脑部挫伤，而且伤及神经系统，并且市民做了脑颅开颅手术，医药费总共支付了64000元，市民手术后市民生活难以自理且情绪不稳定。市民后续前往单位请求工伤理赔，公司压根不理睬市民，不管这个事情。市民对此不认可，现来电要求公司全额赔偿工伤医疗费用。,经济纠纷,劳动人事（就业）纠纷,0.9
GLOW202505080601,顾客买药拆封后要退款，双方在一起有纠纷需要处理。153****5781 #非警务#纠纷事项#消费问题#报警电话:153****5781,消费纠纷,消费纠纷,0.9
GLOW202505080602,顾客开机时把显示器捏坏了，不肯赔偿，态度还很差151****1522 #非警务#纠纷事项#消费问题#报警电话:151****1522,消费纠纷,消费纠纷,0.9
GLOW202505090101,我来消费，伞放在店里丢了，店家不负责引起纠纷180****9652 #非警务#纠纷事项#消费问题#报警电话:180****9652,消费纠纷,消费纠纷,0.9
GLOW202505090102,租的电瓶车被租车公司拿走了，现在双方在一起有纠纷130****1287 #非警务#纠纷事项#物流（快递）问题#报警电话:130****1287,经济纠纷,消费纠纷,0.9
GLOW202505090103,我在咸鱼上预约了上门清洗，后来对方要求把服务取消，我取消后，后面对方打我电话辱骂我，对方电话：188****8203         156****7876 #非警务#纠纷事项#消费问题#报警电话:156****7876,消费纠纷,消费纠纷,0.9
GLOW202505090202,2025-05-09 18:57:51接110指令：在中山东路181号地下一层，因为停车问题和保安引起纠纷，对方推了我。民警孙洪波出警到达现场，系停车引起纠纷后双方自行协调解决了。报警人（黄心怡、3302*****5368、137****5012）当事人（王建国、3302*****271X、158****8037）,公共秩序纠纷,公共秩序纠纷,0.9
GLOW202505090203,"2025-05-09 19:27:02接110指令：在和义路临商银行对面，有纠纷吵架了,具体事情不肯说。民警孙洪波出警到达现场，系消费纠纷后双方自行协调解决。报警人（罗旭辉、3302*****4250、137****8626）当事人（吴永雷、3302*****6472、186****3999）
",公共秩序纠纷,消费纠纷,0.9
GLOW202505100001,2025-05-10 06:31:25接110指令：在穆家巷41号202室，该住户装修声音，扰民。民警柯海洋出警到达现场，该地址是穆家巷41号202，敲门无人开门，把情况告知报警人（孙长庆 4115*****5626 187****8191），让报警人把该情况及时反映给社区、街道。,邻里纠纷,噪声污染,0.9
GLOW202505100002,2025-05-10 07:44:02接110指令：在鼓楼袁记云饺呼童街56号一个店员用手打我，120不要，因为出餐慢，我催了一下。民警柯海洋出警到达现场，经了解情况，双方因出餐问题产生口角纠纷，没有打架情况，只是相互用手指了指对方，店长（王震 3412*****8236 158****8538）出现后已经现场协商解决。报警人（张钱波 3302*****4817 150****3083）当事人（朱子庆 3302*****1819 138****4015）,治安隐患纠纷,口角琐事纠纷,0.9
GLOW202505100003,2025-05-10 18:30:48接110指令：在和义大道1加1 台球俱乐部里面，认识的人看我不爽朝我吐口水，还用脚踹了我，抢我手机，手机没有被抢走。民警李雁飞到达现场，经了解，双方（张宸恺3302*****3453，138****6754）（桂锦程3310*****6217，150****0352）因口角纠纷有轻微肢体冲突，未发生打架，已现场自行和解，赔礼道歉。,经济纠纷,口角琐事纠纷,0.9
GLOW202505100101,来电称有车主堵路。130****1221 #非警务#纠纷事项#其他纠纷事项#报警电话:130****1221,公共秩序纠纷,街面秩序,0.9
GLOW202505100102,我之前在这里付了3千元拍摄的钱，现不想拍了，对方不肯退钱引起纠纷，报警人电话：197****7830 #非警务#纠纷事项#消费问题#报警电话:197****7830,消费纠纷,消费纠纷,0.9
GLOW202505100103,我之前在这里付了3千元拍摄的钱，现不想拍了，对方不肯退钱引起纠纷，报警人电话：197****7830（来电催促，称半个小时了都未到场处理） #非警务#纠纷事项#消费问题#报警电话:197****7830,其他纠纷,消费纠纷,0.9
GLOW202505100104,我在这边买手机，现在对方坐地起价，有纠纷193****2370 #非警务#纠纷事项#消费问题#报警电话:193****2370,消费纠纷,消费纠纷,0.9
GLOW202505110001,与网约车司机发生纠纷。173****4190 #非警务#纠纷事项#司乘（代驾）问题#报警电话:173****4190,消费纠纷,消费纠纷,0.9
GLOW202505110002,我报了一个学习技能的机构，现因个人原因我无法再学习，但是机构不肯退款，186****4064 #非警务#纠纷事项#消费问题#报警电话:186****4064,消费纠纷,消费纠纷,0.9
GLOW202505110003,我来办理业务，工作人员不让我办，引起纠纷。报警人电话：156****3656 #非警务#纠纷事项#消费问题#报警电话:156****3656,其他纠纷,消费纠纷,0.9
GLOW202505110004,我女儿（12岁）在鼓楼这边打耳洞，我不知情，和老板有纠纷。138****5800 #非警务#纠纷事项#消费问题#报警电话:138****5800,消费纠纷,消费纠纷,0.9
GLOW202505110005,我女儿（12岁）在鼓楼这边打耳洞，我不知情，和老板有纠纷。138****5800 #非警务#纠纷事项#消费问题#报警电话:138****5800,消费纠纷,消费纠纷,0.9
GLOW202505110006,我在这里买假发，现在不想买了，双方有纠纷，报警人电话132****7425 #非警务#纠纷事项#消费问题#报警电话:132****7425,消费纠纷,消费纠纷,0.9
GLOW202505110007,有客人拿店里东西引起纠纷，电话183****3251。 #非警务#纠纷事项#消费问题#报警电话:183****3251,消费纠纷,消费纠纷,0.9
GLOW202505110008,有客人拿店里东西引起纠纷，电话183****3251。 #非警务#纠纷事项#消费问题#报警电话:183****3251,消费纠纷,消费纠纷,0.9
GLOW202505120001,2025-05-12 02:06:26接110指令：在新江桥江厦街旁，有个电瓶车差点撞到我的车，现在电瓶车的人还在这里骂我，双方有纠纷。民警钱阳林到达现场，两辆电瓶车没有碰到，双方发生指责，因口角引起纠纷，未受伤未打架，后一方道歉，双方自行离开。报警人罗智林，3625*****4515，158****5933。当事人计雪林，3304*****0937，139****2020,经济纠纷,交通事故纠纷,0.9
GLOW202505120002,2025-05-11 20:27:13接110指令：在海曙新江桥和江厦桥附近，这里有唱歌的声音很大，噪音扰民，需要民警处理。民警到现场，已告知相关人员将音响关小，并会注意自己的声音。,邻里纠纷,噪声污染,0.9
GLOW202505120301,我应聘骑手，因没做满一个月要扣费不退押金，引发纠纷137****7344 #非警务#纠纷事项#物流（快递）问题#报警电话:137****7344,劳动人事（就业）纠纷,劳动人事（就业）纠纷,0.9
GLOW202505120302,我在这里租房子，现在这个房子有很多问题，我想退租，对方只退一半押金，并且一些物业费什么都不退给我，需要协调188****7517 #非警务#纠纷事项#租赁问题#报警电话:188****7517,经济纠纷,消费纠纷,0.9
GLOW202505120303,昨天，有人忽悠我们去青岛看房，我们看不中房子没有买，后面我们其中一个人还被销售员拖了打了报过警，现在我们来对方公司要求赔偿有纠纷。158****4984 #非警务#纠纷事项#经济（债务）问题#报警电话:158****4984,房地产纠纷,消费纠纷,0.9
GLOW202505120304,前几天，一个顾客买的药要退掉，我们这里不允许，对方在这里吵闹130****7962 #非警务#纠纷事项#消费问题#报警电话:130****7962,消费纠纷,消费纠纷,0.9
GLOW202505130001,昨晚酒吧工作人员给我灌酒，喝的我胃难受，我叫了120，付了170元，现在酒吧工作人员也不给报销，产生纠纷，报警人187****7703 #非警务#纠纷事项#其他纠纷事项#报警电话:187****7703,消费纠纷,消费纠纷,0.9
GLOW202505130002,联通公司说是给我改套餐结果给我办了卡，现在我来退卡联通公司不给我退卡，有纠纷138****3529 #非警务#纠纷事项#消费问题#报警电话:138****3529,消费纠纷,消费纠纷,0.9
GLOW202505130003,回拨：我买手机，开始说分期付款，但是现在要让我用零售机的价格买合约机，电话195****0024 #非警务#纠纷事项#消费问题#报警电话:195****0024,消费纠纷,消费纠纷,0.9
GLOW202505130004,150****9690报：因工资问题与老板有纠纷 #非警务#纠纷事项#劳资问题#报警电话:150****9690,劳动人事（就业）纠纷,劳动人事（就业）纠纷,0.9
GLOW202505130005,对方线下买了我的产品，但是不给钱，引起纠纷158****7690 #非警务#纠纷事项#消费问题#报警电话:158****7690,经济纠纷,消费纠纷,0.9
GLOW202505130006,130****3909工作人员说我拍了她照片，现在一直在骂我，有纠纷需要处理 #非警务#纠纷事项#其他纠纷事项#报警电话:130****3909,消费纠纷,口角琐事纠纷,0.9
GLOW202505130007,工作人员报警：顾客在这里拍照，现费用协商不下。180****4800 #非警务#纠纷事项#消费问题#报警电话:180****4800,消费纠纷,消费纠纷,0.9
GLOW202505130008,135****4287，我买了药后医生说这个药可以退的，现在药店老板说不能退，引起纠纷 #非警务#纠纷事项#消费问题#报警电话:135****4287,消费纠纷,消费纠纷,0.9
GLOW202505130401,王美（3713*****1169 177****9256）来所反映家暴问题，已报告辖区民警。,家庭婚姻纠纷,家庭婚姻纠纷,0.9
GLOW202505130402,2025-05-13 11:57:39接110指令：在世纪城地下停车场，我去物业公司处理资产的事情，保安拦着我还说要打我，报警人要求派出所出警。民警张添添出警到达现场，经了解系银亿公司人员(蔡方波 3302*****3613 183****8397)要进入小区处置房产，与保安（陈奇 4223*****0018  135****7044）发生口角纠纷，未发生打架行为，已现场调解，现银亿公司员工已离开。,治安隐患纠纷,公共秩序纠纷,0.9
GLOW202505140401,我找了一个护工，护工一定要我买下她带来的东西，我不愿意，双方引起纠纷，报警电话139****9461 #非警务#纠纷事项#消费问题#报警电话:139****9461,消费纠纷,消费纠纷,0.9
GLOW202505150001,我来办理贷款，工作人员非要用我的手机操作，还不肯让我看着，我不办贷款了，要让对方赔偿。137****3752 #非警务#纠纷事项#金融问题#报警电话:137****3752,金融纠纷,消费纠纷,0.9
GLOW202505150002,因为产品问题和顾客起争执。138****4091 #非警务#纠纷事项#消费问题#报警电话:138****4091,消费纠纷,消费纠纷,0.9
GLOW202505150003,这个酒店拖欠我女儿工资，我现在找到对方，双方发生纠纷，报警人电话153****6002（酒吧是英文名，报警人不会念） #非警务#纠纷事项#消费问题#报警电话:153****6002,劳动人事（就业）纠纷,劳动人事（就业）纠纷,0.9
GLOW202505150401,2025-05-15 09:27:49接110指令：在平安大厦1508-1，对方来我这办业务，我是前台，对方推我，还拍我视频。没有拿工具，人没事。民警李爱斌到达现场，她说已联系指挥中心，叫我们不用来了，自己已解决，无需民警处理了，现场未打架未受伤。报警人黎秋月，5325*****2928，182****4609。当事人已离开,经济纠纷,口角琐事纠纷,0.9
GLOW202505160201,2025-05-15 23:10:58接110指令：在鼓楼门口，我车辆在行驶过程中朝对方按了声喇叭，现在对方不让我走，双方产生纠纷。民警蒋海余到达现场，一方举报出租车按喇叭，交警到现场，处理完双方离开，现场未打架未受伤。 报警人胡君，3302*****7171，138****8949。当事人葛盛源，3302*****3413，132****7777。旁人翁浩哲，3302*****0011，178****6277,经济纠纷,公共秩序纠纷,0.9
GLOW202505160202,2025-05-15 21:44:19接110指令：在呼童街175号中山宾馆门口，路人报警称这里有很多人在打架，具体原因不清楚，有无拿工具未说，只说快点过来，不需要救护车。民警李雁飞到达现场，因和女朋友吵架，女朋友离开后遂报警有人打架，到现场经询问没有人打架，对报警人报警信息不实予以批评，报警人自书检讨书悔过。报警人顾宜鹏，5227*****1913，166****7836。当事人李显雷，3412*****5294，150****8681,治安隐患纠纷,口角琐事纠纷,0.9
GLOW202505160203,2025-05-16 00:59:23接110指令：在魅KTV2007包厢，有个男用手打一个女的，不需要救护车，报警人比较着急，具体情况不愿告知，请民警处理。民警蒋海余到达现场，双方因酒喝多了引起纠纷，现场未打架未受伤，现场调解。报警人童幸之，3307*****6028，178****6907。当事人蔡行辉，3310*****1556，138****0235,经济纠纷,口角琐事纠纷,0.9
GLOW202505160401,昨天老人来买过东西了，现在今天过来闹事，需要报警，报警人电话：178****3667 #非警务#纠纷事项#消费问题#报警电话:178****3667,消费纠纷,消费纠纷,0.9
GLOW202505170001,155****1669租车公司说我把车弄坏了，要我多付钱，双方在一起需要处理 #非警务#纠纷事项#租赁问题#报警电话:155****1669,经济纠纷,消费纠纷,0.9
GLOW202505170002,我和老公找工作，老板让我签合同，后面因为有人投诉，老板不承认合同，工资也不给，引起纠纷  151****7381 #非警务#纠纷事项#劳资问题#报警电话:151****7381,劳动人事（就业）纠纷,劳动人事（就业）纠纷,0.9
GLOW202505170003,134****0625：我们寄存的物品被酒店的冷凝水泡坏，要赔偿，有纠纷需要处理 #非警务#纠纷事项#经济（债务）问题#报警电话:134****0625,消费纠纷,消费纠纷,0.9
GLOW202505170004,这里换了老板，现在这里不认我的会员卡，引起纠纷131****8211 #非警务#纠纷事项#消费问题#报警电话:131****8211,消费纠纷,消费纠纷,0.9
GLOW202505170005,我在这里拍照，效果不好，对方不肯承认有纠纷193****8461 #非警务#纠纷事项#消费问题#报警电话:193****8461,其他纠纷,消费纠纷,0.9
GLOW202505170101,2025-05-17 15:33:24接110指令：在中山西路2号9楼，我这里是学校，有人闹事，在我地方大吵大闹，电话里争吵声嘈杂，具体情况不清楚。民警许志岳出警到达现场，系工资问题导致双方产生口角纠纷，告知到劳动部门解决。报警人（许健、3401*****5833、182****7480）当事人（吴乃建、3412*****271X、138****2362）,治安隐患纠纷,劳动人事（就业）纠纷,0.9
GLOW202505180001,2025-05-18 15:42:43接110指令：在中山西路2号9楼，这里有人在闹事，具体情况报警人不肯说，只称昨天派出所处理过，现对方又过来了，需要再处理。（请出警单位或出警人员接到指令后5分钟内尽快联系报警人）。民警蒋海余到达现场，告知对方有问题向相关部门反映，不要影响其正常营业秩序，对方离开。报警人（许健、3401*****5833、182****7480）当事人（吴乃建、3412*****271X、138****2362）,治安隐患纠纷,公共秩序纠纷,0.9
GLOW202505180002,2025-05-18 16:16:10接110指令：在西河街洗浴中心旁边的水果店楼上402，前夫要让我去贷款，我不肯去，他就打了我，120不需要，报警人情绪激动，一直哭，请民警电话联系报警人。民警江伟亮到达现场，经了解，系家庭纠纷，过程中有推搡，未发生打架，现对洪卫东（3428*****5317，136****1809）进行批评教育，并开具家暴告诫书。报警人汪正凤3428*****5343，186****0192,治安隐患纠纷,家庭婚姻纠纷,0.9
GLOW202505180003,2025-05-18 19:43:40接110指令：在阿毛饭店，一女子来电称与爸爸，未说完挂断。回拨我带着5个月小孩与我爸爸60多岁打了个出租车，然后来了2个男的抢了我们的车，对方还动手了，我被推倒了，手擦伤，120不要。民警江伟亮到达现场，经了解，系双方（徐伟3302*****0019，135****1037）（周建新3623*****1752，131****6882）因拦出租车，发生纠纷，未发生打架，带回所里进行调解，经民警调解，现已调解完毕，双方互相赔礼道歉。,经济纠纷,公共秩序纠纷,0.9
GLOW202505180004,2025-05-18 19:43:40接110指令：在阿毛饭店，一女子来电称与爸爸，未说完挂断。回拨我带着5个月小孩与我爸爸60多岁打了个出租车，然后来了2个男的抢了我们的车，对方还动手了，我被推倒了，手擦伤，120不要。民警江伟亮到达现场，经了解，系双方（徐伟3302*****0019，135****1037）（周建新3623*****1752，131****6882）因拦出租车，发生纠纷，未发生打架，带回所里进行调解，经民警调解，现已调解完毕，双方互相赔礼道歉。,经济纠纷,公共秩序纠纷,0.9
GLOW202505180005,2025-05-18 19:50:49接110指令：在和义路77号1楼，因为干活的事情，同事阿姨说我，我顶嘴了，对方就扇了我两巴掌，120不要。民警曹刚到达现场，经了解，系报警人代岐焱（4117*****9255，152****7376）因干活事情与周元红（4206*****2943，183****4727）发生口角纠纷，与周元红发生推搡，未打架，因代岐焱未成年，后其父亲代澎辉（4128*****4917，198****8601）到场，现场调解。,治安隐患纠纷,口角琐事纠纷,0.9
GLOW202505190401,我是卖水果的，对方把我水果碰掉了，因为赔偿问题有纠纷。158****7996 #非警务#纠纷事项#经济（债务）问题#报警电话:158****7996,经济纠纷,消费纠纷,0.9
GLOW202505190402,我之前在这上班，前老板给我发微信说让我不见棺材不掉泪，地址未说，报警人自行挂断，回拨称我在恒隆中心1楼，老板说要给我发律师函。138****2362 #非警务#纠纷事项#劳资问题#报警电话:138****2362,劳动人事（就业）纠纷,劳动人事（就业）纠纷,0.9
GLOW202505190403,我们四个人来讨工资，老板不肯给，有纠纷158****0729 #非警务#纠纷事项#劳资问题#报警电话:158****0729,劳动人事（就业）纠纷,劳动人事（就业）纠纷,0.9
GLOW202505190404,我是骑手，因为工作上的事情与站长有纠纷，我现在在回站里的路上，我担心站长会打我，要求报警处理，报警人电话：198****1025 #非警务#纠纷事项#其他纠纷事项#报警电话:198****1025,消费纠纷,劳动人事（就业）纠纷,0.9
GLOW202505190405,我是骑手，因为工作上的事情与站长有纠纷，我现在在回站里的路上，我担心站长会打我，要求报警处理，报警人电话：198****1025 #非警务#纠纷事项#其他纠纷事项#报警电话:198****1025,消费纠纷,劳动人事（就业）纠纷,0.9
GLOW202505190501,2025-05-19 09:26:00接110指令：在白衣小区白衣巷7号楼，有人无缘无故打我一拳，不需要120。民警闻刚到达现场，系因问路引起口角纠纷，现场未打架未受伤，现场调解处理后离开。报警人蒋诗俊，3302*****1015，132****6799。当事人孙德明，3302*****031X，181****3332,经济纠纷,口角琐事纠纷,0.9
GLOW202505190502,2025-05-19 11:27:27接110指令：在开明街与和义路太平洋保险公司，来电称想要打架，不肯说具体事情，只说民警过来就行。民警王德华到现场，未发现打架行为，未受伤，报警人与保险公司有合同纠纷，要求派出所立案（已多次到多部门反映过），后带回派出所了解情况，已告知其可走法律途径。报警人卓瑛，3302*****2027，153****0357,经济纠纷,经济纠纷,0.9
GLOW202505200001,2025-05-20 05:09:46接110指令：在府桥街与孝闻街交叉路口，我和我朋友因醉酒而吵架，现需要处理。民警闻刚到达现场，系双方因骑车事项产生纠纷，现场未打架未受伤，带回派出所进行调解，经民警调解后双方自行离开。报警人石元胜，4331*****1815，166****1470。当事人陈凯凯，5202*****0018，180****3962,经济纠纷,口角琐事纠纷,0.9
GLOW202505200203,孝闻街73弄16号604反映603晚上播放音乐声音太大，双方发生矛盾纠纷，网格员调解没有成功，请街道协助处理。,公共秩序纠纷,噪声污染,0.9
GLOW202505200204,文昌社区网格员在走访中，发现缸桥巷5号楼101室居民和102室居民因为102室经常家门口公共场地乱放生活垃圾，未能及时扔掉，天气热了家门臭气熏天。两户居民发生口角。网格员调解没有成功，请街道协助处理。,口角琐事纠纷,公共秩序纠纷,0.9
GLOW202505200702,我在这里办电焊证，交了4000元，对方说包过的，现在却没有过，起纠纷151****5213 #非警务#纠纷事项#消费问题#报警电话:151****5213,消费纠纷,消费纠纷,0.9
GLOW202505200801,在这里交了学电焊证，当时对方说能包过，现在没有过，又不退学费引起纠纷。138****6689 #非警务#纠纷事项#消费问题#报警电话:138****6689,消费纠纷,消费纠纷,0.9
GLOW202505200802,医生报警：有患者对我治疗有意见，影响我看别的病人，135****8182 #非警务#纠纷事项#医患问题#报警电话:135****8182,医疗纠纷,医疗纠纷,0.9
GLOW202505200803,我们有20多个人没有拿到工资，老板也不接电话，152****4574 #非警务#纠纷事项#劳资问题#报警电话:152****4574,劳动人事（就业）纠纷,劳动人事（就业）纠纷,0.9
GLOW202505210001,我应聘骑手，因没做满一个月要扣费不退押金，引发纠纷137****7344 #非警务#纠纷事项#物流（快递）问题#报警电话:137****7344,劳动人事（就业）纠纷,劳动人事（就业）纠纷,0.9
GLOW202505210104,费家巷16号104反映楼上204的空调水到104家里了，204不采取措施处理，发生矛盾纠纷，网格员调解没有成功。请街道协助处理。,公共秩序纠纷,邻里纠纷,0.9
GLOW202505210301,"2025-05-20 18:48:40接110指示称西北街41号，18:47接12345转警：市民孩子11岁，5月20日晚上市民孩子头摔伤了，出血了，市民将孩子送到宁波市第二医院急诊（海曙区西北街41号），医院拒绝接诊14岁以下的孩子，让市民送到宁波妇儿医院，对此市民不认可，现来电要求给予合理的解释。
民警李雁飞出警，到达现场，经了解报警人郑杏来，3302*****6511，139****9216已离开现场，带小孩到妇儿医院就诊，目前小孩已被医生接诊，民警已对报警人言语的内容进行劝阻和批评，报警人提出要求宁波二院或卫健部门对宁波二院夜间不接诊14岁以下儿童的规定进行解释，对医院不救治紧急情况下患儿表示不满和不理解，要求医院或卫健部门回电说明。请指挥中心对12345热线反馈报警人诉求。报警人居住在江北庄桥天合家园1期21幢806室，报警人提出需要见面的话可以同庄桥派出所民警碰面，请指挥中心流转江北庄桥派出所知晓。",经济纠纷,医疗纠纷,0.9
GLOW202505210302,2025-05-21 10:09:45接110指令：在中山西路128号天宁大厦2303室，租客报：有个陌生人突然闯进我房间，具体情况不清楚。民警郑辉出警到达现场，经了解系报警人（shuyongtu ra618520 180****0003）与当事人（李志成 1423*****1210 137****6463）公司之间有债务纠纷，告知当事人可向法院起诉解决。,公共秩序纠纷,债务纠纷,0.9
GLOW202505210303,2025-05-21 11:20:09接110指令：在中山西路2号6楼太平人寿柜面，太平人寿工作人员报：顾客（女的）要退保，因为退保的金额太少，手里拿出了一把小刀，现在情绪比较激动，人没受伤。民警李鹰出警到达现场，经了解双方因保险退款问题产生纠纷，客户（胡秀君 5110*****7287 138****3041）拿出包里的头发刷子，非刀具，无打架情况，无人员受伤，已口头警告教育，现场已平息，双方自行协商保险退款问题。报警人（葛利群 3302*****2407 135****7727）,经济纠纷,消费纠纷,0.9
GLOW202505210304,2025-05-21 16:47:52接110指令：在永丰路216号华慈医院一楼，这边有个病人被狗咬了，现和对方狗主人因为赔偿问题吵架了，需要民警到场处理。民警李鹰出警达到现场，经了解双方因赔偿问题产生口角纠纷，关于被狗咬伤一事已报过警， 告知到事发地江北甬江派出所辖区处理。报警人（戚颖颖 3302*****1327 158****8861）当事人（方广清 3426*****5956 130****2668）,经济纠纷,损害赔偿纠纷,0.9
GLOW202505210305,2025-05-21 16:55:25接110指令：在中央花园D座12C，刚刚，因买车债务纠纷对方想拉着我跳楼撞到了下巴，轻伤，不需要120，现在在房间里，人安全。民警张添添出警到达现场，经了解，双方因债务纠纷导致情绪激动，一起跳楼系双方说的气话，并无跳楼想法和行为，当事人系自己不小心撞到墙壁，未发现殴打或故意伤害行为。后续双方就债务问题自行协商处理。报警人（赵俊、3405*****0037、157****4300）当事人（章思涛、3302*****5619、180****8505）当事人（李冬升、3424*****0532、137****0490）当事人（韩兵海、3412*****3357、159****9578）,经济纠纷,债务纠纷,0.9
GLOW202505210306,2025-05-21 17:33:58接110指令：在孝闻街73弄38号，有人欠4000块钱不还，后电话中大喊大叫电话挂断，复听录音疑似说现在把对方困住了，要把对方抓住，回拨报警人情绪激动喊了两句又挂断，回拨不接，请民警帮助到场核实并处理。民警张添添出警到达现场，经了解，系小学生跟同学有矛盾，老是让其请客，引发其不满报警。家长（乔跃辉、4103*****5073、137****1943）到场后，表示不用公安机关处理，自己会向老师了解情况协商处理。报警人（乔骏骐、3302*****2316、137****1943）,经济纠纷,债务纠纷,0.9
GLOW202505210307,2025-05-21 21:35:31接110指令：在公园路103号甬物产，我爸拿皮带抽我，不需要120。民警李鹰出警到达现场，经了解，报警人（周钇澄、4209*****3331、159****8050）是在读初三学生，因拿手机玩，家长（周琦、4222*****3472、134****8148）准备拿皮带管教，未抽打，无伤势，民警已对父子双方警告教育。,经济纠纷,口角琐事纠纷,0.9
GLOW202505210601,#邻里纠纷#网格员接居民投诉，反映屠园小区北门近期一直有人为破坏门禁，一直开着，劝说无用，引起邻里矛盾，需要协助处理。,经济纠纷,邻里纠纷,0.9
GLOW202505210801,有个客户因为保费的问题，在我们地方闹，电话135****7727 #非警务#纠纷事项#消费问题#报警电话:135****7727,消费纠纷,消费纠纷,0.9
GLOW202505210802,店里打包的餐食不被允许加饭，客人不认可，双方有纠纷，需要调解152****8828 #非警务#纠纷事项#消费问题#报警电话:152****8828,消费纠纷,消费纠纷,0.9
GLOW202505210803,我买了一部手机后发现货不对版，我现在要退款，与老板引起纠纷182****1093 #非警务#纠纷事项#消费问题#报警电话:182****1093,消费纠纷,消费纠纷,0.9
GLOW202505210804,159****0937因为之前接到骚扰电话，抖音上认识的人加了我微信说可以帮我处理这个问题，我转了对方一万元，现在怀疑有问题，需要退款，报警人在店门口等 #非警务#纠纷事项#消费问题#报警电话:159****0937,消费纠纷,消费纠纷,0.9
GLOW202505210805,我打了顺风车，现在我不坐了行李箱还在车上，现在司机问我们要160元，不然就把行李拉到上海去。187****4444 #非警务#纠纷事项#司乘（代驾）问题#报警电话:187****4444,消费纠纷,消费纠纷,0.9
GLOW202505210806,打了顺风车苏EDR3699回江苏，上车后发现接送的和平台接单的不是同一个，半路对方又带了一个人，还让我们线下把钱私发给对方，觉得不安全，要下车，对方把我们行李带走了，还让我们转160元才能给送过来。电话：181****6886 #非警务#纠纷事项#司乘（代驾）问题#报警电话:181****6886,消费纠纷,消费纠纷,0.9
GLOW202505210807,"辅助单：打了顺风车苏EDR3699回江苏，上车后发现接送的和平台接单的不是同一个，半路对方又带了一个人去上海，还让我们线下把钱私发给对方，觉得不安全，要下车，对方把我们行李带走了，还让我们转160元才能给送过来。电话：181****6886
重复报警:报警时间:2025-05-21 21:33:39, 报警电话:181****6886, 联系电话:181****6886, 报警内容:打了顺风车苏EDR3699回江苏，上车后发现接送的和平台接单的不是同一个，半路对方又带了一个人去上海，还让我们线下把钱私发给对方，觉得不安全，要下车，对方把我们行李带走了，还让我们转160元才能给送过来。电话：181****6886 #非警务#纠纷事项#司乘（代驾）问题#报警电话:181****6886",消费纠纷,消费纠纷,0.9
GLOW202505220101,我跟车行的人发生纠纷，我租了一个车，现在还回去，对方要我赔偿50元，我不愿意现发生纠纷。155****0116 #非警务#纠纷事项#租赁问题#报警电话:155****0116,经济纠纷,消费纠纷,0.9
GLOW202505220102,我觉得这家医院乱收费，现在双方在一起有纠纷183****9774 #非警务#纠纷事项#消费问题#报警电话:183****9774,医疗纠纷,消费纠纷,0.9
GLOW202505220103,我是员工，和顾客因为办理业务有纠纷133****4606 #非警务#纠纷事项#消费问题#报警电话:133****4606,消费纠纷,消费纠纷,0.9
GLOW202505220201,2025-05-22 08:22:46接110指令：在二院7号楼10楼30床，二院总值班室报警：昨天晚上9-10点，医院的护士被病人打了，手上没有工具，具体原因不清楚，现要报警。民警范学武到达现场，经了解，昨天30床的病人（陈苗均3302*****3551，135****3763）切除胆囊手术，术后2小时，全麻药效未过，在护士（方璐3302*****3165，150****8428）帮助插尿管时用手打了护士耳颈部一下，当天护士看了伤无碍，颈部有些许红，民警到场后当事人院方（袁玲玲3302*****0626，135****6878）和病人家属（任伟红3302*****3024，137****3048）协商解决，由病人及家属郑重向护士本人道歉即可，不追究法律责任了,经济纠纷,医疗纠纷,0.9
GLOW202505230001,"【预警信息：民转刑】问题描述：网上事项:浙江省宁波市海曙区鼓楼街道【胡亚芬】通过【领导信箱】向刘捷反映：关于投诉浙江省信访局处理事项不力的投诉信
尊敬的中央第十六巡视组、国家信访局：
本人胡亚芬，身份证号：************253529，现就浙江省信访局对民呼我为网络平台 事项编号 LD********9A5X65M0的处理结果提出强烈投诉。该事项系本人投诉海曙区人民政府信访复查小组行政不作为，然而浙江省信访局仅将办理状态标注为 “已备查”，未采取任何实质性督办措施，致使本人合理诉求仍未得到解决，行政不作为问题持续存在，现恳请贵部门予以彻查。
本人最初因不服海曙区民政局于 2022 年 11 月 25 日作出的《信访。当事人信息：胡亚芬，常住人口，64，158****3130，国医街39弄5号712室。信访系统2025-05-20已调处，请对矛盾纠纷调处后续情况进行跟踪回访,对后续可能存在的矛盾做进一步排查化解,切实将矛盾纠纷化解在萌芽状态,确保辖区稳定和谐。（来源：信访）",公共秩序纠纷,其他纠纷,0.9
GLOW202505230002,"5月21日16时20分许，经过视频巡查发现县前街61号区政府北门口有人员聚集，现场有5人维权。民警张添添已到场了解情况，上述人员因想要解除西河街74号房屋租赁合同，与对方（胡淑怡 3302*****4824 130****4442）产生纠纷。
带回鼓楼派出所进行协商。",公共秩序纠纷,债务纠纷,0.7
GLOW202505230003,2025-05-23 08:34:46接110指令：在乌含巷9号，鼓楼街道办事处来电：有一个居民来办事情，因为不符合条件，现想要打我们工作人员，还威胁我们工作人员。民警钱阳林到达现场，了解系一低保户因病申请街道就助，因需动手术审批时间长，情绪激动，在争执中推了工作人员一下，没有打架，没有受伤，带回所训诫并签订保证书。当事人王民乐，3302*****0355，151****9112,经济纠纷,公共秩序纠纷,0.9
GLOW202505230004,2025-05-23 10:36:44接110指令：在鼓楼派出所警车停放处，乘客可能酒喝多，一直在骂人，还打了我，没拿工具，人没事。民警钱阳林到达现场，出租车与乘客在车内发生口角，没有发生打架，未受伤，现场调解。报警人朱庆同，3412*****1335，158****4488。当事人陈安斌，3302*****3312，153****4567,经济纠纷,口角琐事纠纷,0.9
GLOW202505230005,2025-05-23 12:50:40接110指令：在呼童街138号，工作人员来电称客人打我，未持械，手好痛，不需要救护车。民警钱阳林到达现场，系保安与顾客因进进VIP厅发生争执，顾客不小心将保安右手背碰了下，未受伤未打架，现场调解赔礼道歉。报警人游圆英，3625*****2844，150****8987。当事人孙立斌，3302*****3317，137****4456,经济纠纷,口角琐事纠纷,0.9
GLOW202505230006,2025-05-23 14:55:42接110指令：在海曙恒隆中心6楼太平人寿，我是保险公司的柜台工作人员，有顾客退保好几年，现要之前的保单，在这里大吵大闹的，影响我们的秩序。民警钱阳林到达现场，了解，系二年前提前退保的客户40万元被扣费15万，现女儿觉得不合理，来保险公司索要原合同，查看依据，工作人员称找不到了，告知工作人员让领导出面解释，也让顾客向保监会反映情况，但不能影响办公，现场未打架未受伤。报警人陆静，3304*****3822，152****6281。当事人张梦瑶，3302*****2828，182****0320,经济纠纷,消费纠纷,0.9
GLOW202505230101,#损害赔偿纠纷#巡查过程中发现西河街74号有多人聚集且大声喧哗，走近了解情况发现是因为合同纠纷引起的聚众讨要赔偿事件，主要原因是房屋用途变更使用审批不通过，无法达成租客预期，故寻房屋管理者要求赔偿损失。因为事发地为人员密集场所，造成不好的社会影响。,经济纠纷,损害赔偿纠纷,0.9
GLOW202505230301,"来电称关于培训费之间有纠纷,双方都在现场。159****9590 #非警务#纠纷事项#消费问题#报警电话:159****9590",消费纠纷,消费纠纷,0.9
GLOW202505230302,老板拖欠工资，有纠纷。188****3856 #非警务#纠纷事项#劳资问题#报警电话:188****3856,劳动人事（就业）纠纷,劳动人事（就业）纠纷,0.9
GLOW202505230303,来电我对保单处理不满意，现在要求看保单，保险公司不给我看保单有纠纷。报警人电话：158****6739 #非警务#纠纷事项#其他纠纷事项#报警电话:158****6739,,消费纠纷,0.9
GLOW202505230304,来电喂了一声后无声，回拨称工作人员不给我合同，有纠纷。138****1957 #非警务#纠纷事项#其他纠纷事项#报警电话:138****1957,消费纠纷,劳动人事（就业）纠纷,0.9
GLOW202505230305,今天公司前员工不干了还呆在宿舍里不走，引起纠纷159****9172 #非警务#纠纷事项#其他纠纷事项#报警电话:159****9172,劳动人事（就业）纠纷,劳动人事（就业）纠纷,0.9
GLOW202505240001,我在这里拍照，效果不好，对方不肯承认有纠纷193****8461 #非警务#纠纷事项#消费问题#报警电话:193****8461,消费纠纷,消费纠纷,0.9
GLOW202505240101,#长效关注#我们在这里施工，楼下邻居上来就骂我们，起纠纷151****8308 #非警务#纠纷事项#邻里问题#报警电话:151****8308,邻里纠纷,邻里纠纷,0.9
GLOW202505240102,有人闹事，因为合同纠纷引起，上次还拉着我跳楼，把我脸部磕破 #非警务#纠纷事项#经济（债务）问题#报警电话:180****8505,其他纠纷,其他纠纷,0.9
GLOW202505240103,我早上8点多来这里取号要拆机取消，我等了一天了，还是没有叫到我的号，我去问，工作人员都不理我，起纠纷135****2725 #非警务#纠纷事项#消费问题#报警电话:135****2725,消费纠纷,消费纠纷,0.9
GLOW202505250001,联通公司说是给我改套餐结果给我办了卡，现在我来退卡联通公司不给我退卡，有纠纷138****3529 #非警务#纠纷事项#消费问题#报警电话:138****3529,消费纠纷,消费纠纷,0.9
GLOW202505250002,这个酒店拖欠我女儿工资，我现在找到对方，双方发生纠纷，报警人电话153****6002（酒吧是英文名，报警人不会念） #非警务#纠纷事项#消费问题#报警电话:153****6002,劳动人事（就业）纠纷,劳动人事（就业）纠纷,0.9
GLOW202505250101,"2025-05-24 09:36:42接110指示称鼓楼移动营业厅楼上，老人报警：一直说有人骗其钱，问其什么都只说骗他的钱，其他都不说。
民警孙洪波出警，到达现场，经了解系报警人刘祖良3302*****0635，195****7769因智能手机不会操作要求商家退手机，工作人员华琛3302*****3026，137****4799以手机完好无故障不予退回，双方因此发生纠纷，现场无诈骗情况，民警告知双方可自行协商解决。",治安隐患纠纷,消费纠纷,0.9
GLOW202505250102,2025-05-25 14:26:38接110指令：在西北路与西河街第二医院，我和我妈妈在走路，有一车司机他停车，冲过来动手把我妈妈推倒了，120不要。民警李爱斌出警到达现场，经了解系当事人（朱海龙、3302*****4014、159****3140）不小心撞倒报警人（陈俊慧、3302*****003X、158****9625）导致手臂擦伤，已现场调解，当事人已赔偿道歉。,经济纠纷,损害赔偿纠纷,0.9
GLOW202505250103,2025-05-25 14:48:10接110指令：在中山东路93号中山大厦1014室，对方打我，具体原因不肯说，需要处理。民警钱阳林出警到达现场，经了解双方因之前约定的理财损失补偿问题发生口角纠纷，未发生打架情况，后双方约定分6期补偿约1.4万元，互不追究法律责任。报警人（赵其双 3705*****1574 138****2116）当事人（王叶春 2323*****3916 158****0333）,经济纠纷,经济纠纷,0.9
GLOW202505250201,我来归还送外卖的电瓶车，现在对方不肯退电池，需要处理    177****3822 #非警务#纠纷事项#物流（快递）问题#报警电话:177****3822,消费纠纷,消费纠纷,0.9
GLOW202505250202,我在这里献完血后，医生让我2小时候在拆绷带，我现在就拆了，献血处在流血，双方因赔偿问题发生纠纷 159****1847 #非警务#纠纷事项#经济（债务）问题#报警电话:159****1847,医疗纠纷,消费纠纷,0.9
GLOW202505250203,我在这里献完血后，医生让我2小时后拆绷带，我现在就拆了，献血处在流血，双方因赔偿问题发生纠纷 159****1847（来电催促，重复下单）（关联警单：3302*****00277） #非警务#纠纷事项#经济（债务）问题#报警电话:159****1847,医疗纠纷,损害赔偿纠纷,0.9
GLOW202505250204,房产中介租了我的房子，并把我的房子转租给了别人，还不付我房租。双方有纠纷138****5540 #非警务#纠纷事项#租赁问题#报警电话:138****5540,经济纠纷,债务纠纷,0.9
GLOW202505250205,158****9925孩子（9岁）在培训班里摔倒了，赔偿问题和对方有纠纷 #非警务#纠纷事项#经济（债务）问题#报警电话:158****9925,经济纠纷,损害赔偿纠纷,0.9
GLOW202505250206,因对方被我家的狗咬伤了，现在医院打狂犬疫苗，因后续赔偿问题引起纠纷，报警人178****4718 #非警务#纠纷事项#经济（债务）问题#报警电话:178****4718,经济纠纷,损害赔偿纠纷,0.9
GLOW202505250207,我在这里吃饭，手被店家烫开，对方不处理182****6035 #非警务#纠纷事项#消费问题#报警电话:182****6035,消费纠纷,消费纠纷,0.9
GLOW202505250208,#长效关注#我妹妹说我偷了她的钱 家庭纠纷需要处理 ，报警人号码：136****8683 #非警务#纠纷事项#家庭婚姻感情问题#报警电话:136****8683,家庭婚姻纠纷,家庭婚姻纠纷,0.9
GLOW202505260001,我在朋友地方买了酒，因我没有喝过就走了，朋友上门找我让我道歉，还称要打我，需要处理，报警人电话199****5674 #非警务#纠纷事项#其他纠纷事项#报警电话:199****5674,消费纠纷,消费纠纷,0.9
GLOW202505260002,我在办理业务，前面有个老太太和工作人员有纠纷，影响我办理业务，报警人电话：139****2668 #非警务#纠纷事项#消费问题#报警电话:139****2668,公共秩序纠纷,消费纠纷,0.9
GLOW202505260003,这里有人吵架，具体原因说不清楚。131****9048 #非警务#纠纷事项#其他纠纷事项#报警电话:131****9048,口角琐事纠纷,口角琐事纠纷,0.9
GLOW202505260004,这里有人吵架，具体原因说不清楚。131****9048  （来电催促） #非警务#纠纷事项#其他纠纷事项#报警电话:131****9048,口角琐事纠纷,口角琐事纠纷,0.9
GLOW202505260005,这里有人吵架，具体原因说不清楚。131****9048   #非警务#纠纷事项#其他纠纷事项#报警电话:131****9048,口角琐事纠纷,口角琐事纠纷,0.9
GLOW202505260006,报警人称因交通事故双方发生口角有纠纷，电话185****2395。 #非警务#纠纷事项#其他纠纷事项#报警电话:185****2395,交通事故纠纷,交通事故纠纷,0.9
GLOW202505260007,老板不给工资，现引起纠纷，联系电话178****5406（请出警单位或出警人员接到指令后5分钟内尽快联系报警人）。 #非警务#纠纷事项#劳资问题#报警电话:178****5406,劳动人事（就业）纠纷,劳动人事（就业）纠纷,0.9
GLOW202505260202,2025-05-26 08:00:08接110指令：在甬丰公寓216号，电话里有吵架声，疑似男女朋友纠纷，电话里还说了要死，回拨不接，具体不清。民警李雁飞出警到达现场，双方系男女朋友，因琐事发生口角纠纷，有轻微肢体冲突，无受伤情况，双方互不追究，并称可以自行协商解决，不需要民警进一步介入。 报警人（邹涛、3305*****181x、133****1097） 当事人（陈思思、3302*****7427、183****5104）,经济纠纷,情感纠纷,0.9
GLOW202505260203,2025-05-19 20:19:17接110指令：在中山西路和望京路路口，刚刚路过的时候和快递员发生纠纷，对方就掐我喉咙，不要120。民警范学武到达现场，经了解，系双方（刘春祥3623*****559X，185****0468）（都均之6124*****6516，137****1270）因口角琐事引起纠纷，未发生打架，现双方自行协商解决。,治安隐患纠纷,口角琐事纠纷,0.9
GLOW202505270101,我有事情委托给律所，但是律所的营业执照都还没有下来，就收我钱，产生纠纷，电话155****1338 #非警务#纠纷事项#消费问题#报警电话:155****1338,其他纠纷,消费纠纷,0.9
GLOW202505270102,我在这里买了奶茶，喝出很多塑料片，现在奶茶店不承认，双方协商不下，没有矛盾。130****0307 #非警务#纠纷事项#消费问题#报警电话:130****0307,消费纠纷,消费纠纷,0.9
GLOW202505270103,我在这里买了奶茶，喝出很多塑料片，现在奶茶店不承认，双方协商不下，没有矛盾。130****0307 #非警务#纠纷事项#消费问题#报警电话:130****0307,消费纠纷,消费纠纷,0.9
GLOW202505270104,我在这里买了衣服，我想换一下，对方不愿意，双方有纠纷。159****4363 #非警务#纠纷事项#消费问题#报警电话:159****4363,消费纠纷,消费纠纷,0.9
GLOW202505270105,顾客因为吃饭时有食品安全问题，现在因为赔偿问题产生纠纷，报警人电话：191****0705 #非警务#纠纷事项#消费问题#报警电话:191****0705,消费纠纷,消费纠纷,0.9
GLOW202505270201,2025-05-19 20:19:17接110指令：在中山西路和望京路路口，刚刚路过的时候和快递员发生纠纷，对方就掐我喉咙，不要120。民警范学武到达现场，经了解，系双方（刘春祥3623*****559X，185****0468）（都均之6124*****6516，137****1270）因口角琐事引起纠纷，未发生打架，现双方自行协商解决。,治安隐患纠纷,口角琐事纠纷,0.9
GLOW202505280401,在这里培训学烘焙，付了钱，学了一个月，当时对方还让我贷款学，现在我来学习，工作人员也没有。151****7334 #非警务#纠纷事项#入学问题#报警电话:151****7334,消费纠纷,消费纠纷,0.9
GLOW202505280402,我从这里搬走了，但是对方押金不退我，双方在一起，有纠纷。159****9685 #非警务#纠纷事项#经济（债务）问题#报警电话:159****9685,经济纠纷,消费纠纷,0.9
GLOW202505290102,2025-05-29 18:59:39接110指令：在中央花园D12C，我和我朋友合租，朋友因为欠钱对方两个人上门要钱，我朋友可能气到了，120已通知，之前也报过警还要拉着他跳楼，就怕再出事，报警人现在不在现场具体不清楚。民警汪俊成出警到达现场，经了解系章思涛（3302*****5619 180****8505）与韩兵海（3412*****3357 159****9578）有经济纠纷，经调解，双方当事人会按照合同履行职责。,治安隐患纠纷,经济纠纷,0.9
GLOW202505290301,因办理业务与工作人员引起纠纷，报警人182****5333 #非警务#纠纷事项#消费问题#报警电话:182****5333,其他纠纷,消费纠纷,0.9
GLOW202505290302,因办理业务与工作人员引起纠纷，报警人182****5333（辅助下单） #非警务#纠纷事项#消费问题#报警电话:182****5333,其他纠纷,消费纠纷,0.9
GLOW202505290303,因电信扣费问题，来电信大厦投诉，和对方有纠纷177****4669 #非警务#纠纷事项#消费问题#报警电话:177****4669,消费纠纷,消费纠纷,0.9
GLOW202505290304,车辆停着旁边在施工，车漆被他们染黄了引起纠纷，报警人电话：191****5640 #非警务#纠纷事项#其他纠纷事项#报警电话:191****5640,环保纠纷,损害赔偿纠纷,0.9
GLOW202505290305,干活的地方倒闭了，老板不给结工资，来电需要处理。136****2192后报警人称现场有十多个人在这里僵持。 #非警务#纠纷事项#劳资问题#报警电话:136****2192,劳动人事（就业）纠纷,劳动人事（就业）纠纷,0.9
GLOW202505300001,2025-05-29 17:08:44接110指令：在海曙区青少年宫鼓楼分部门口，保安用手砸我的车，具体原因不清楚。民警孙洪波出警到达现场，报警人说保安用手拍了汽车车盖，保安说没有拍汽车车盖，双方因此产生口角纠纷，经查看汽车上没有损坏的痕迹，双方自行协调解决。报警人（滕意琦 3302*****1042 180****1718）当事人（杨能国 3302*****6812 132****3478）,经济纠纷,口角琐事纠纷,0.9
GLOW202505300002,2025-05-30 09:39:06接110指令：在中山东路181号门口，楼下有一男一女在吵架，男的动手打女的，女的才十几岁，具体情况不清楚。民警李爱斌到达现场，经了解，系是父女俩，女儿（胡雨涵3412*****1542，159****1151）不愿意读书，双方引起口角纠纷，未发生打架，经过心理开导，父亲（胡伟3412*****1551，158****5391）带回家。,治安隐患纠纷,口角琐事纠纷,0.9
GLOW202505300003,"我后爸动手打我妈妈，原因不清楚，120不要，我妈妈电话：131****7275 具体位置请与报警人联系(催促到场处置，120不要，请与报警人联系)，经了解，系（杨海林3302*****3827，131****7275）与（李朝飞3302*****1595,138****4289)，双方非夫妻，系前男女朋友，因口角琐事引起纠纷，过程中互有推搡，未发生打架，经民警调解，现已调解完毕。",治安隐患纠纷,口角琐事纠纷,0.9
GLOW202505300004,2025-05-30 19:29:44接110指令：在宁波二院住院部7楼29号床，合同纠纷，具体原因不肯说，双方在一起。报警人解释不通，称是因为该纠纷，才导致当事人被送进医院，现在他们还过来讨钱，一定要派出所处理。民警钱阳林到达现场了解，报警人的担保人因病住院，需要做造影手术，但前期因合同纠纷事宜，讨债人也跟到医院来了，现场劝解，将讨债人劝离，并告知讨债维权不能违法，具体还款事宜双方用电话或微信协商。报警人（赵俊、3405*****0037、157****4300）当事人（章思涛、3302*****5619、180****8505）当事人（李冬升、3424*****0532、137****0490）当事人（韩兵海、3412*****3357、159****9578）,消费纠纷,债务纠纷,0.9
GLOW202505300401,老板不发工资，现在产生纠纷，报警人电话： #非警务#纠纷事项#劳资问题#报警电话:185****0318,劳动人事（就业）纠纷,劳动人事（就业）纠纷,0.9
GLOW202505300402,这里的工作人员说我拿了他们东西，现在与对方产生纠纷，报警人情绪激动，报警人电话：130****1646 #非警务#纠纷事项#其他纠纷事项#报警电话:130****1646,其他纠纷,其他纠纷,0.9
GLOW202505300403,我因退业务的问题与营业厅工作人员有纠纷，报警人电话：131****7063 #非警务#纠纷事项#消费问题#报警电话:131****7063,消费纠纷,消费纠纷,0.9
GLOW202505310001,我在电信公司办理业务时，业务员说让我不要靠她太近，和业务员有纠纷，电话153****8235 #非警务#纠纷事项#其他纠纷事项#报警电话:153****8235,其他纠纷,消费纠纷,0.9
GLOW202505310002,我在电信公司办理业务时，业务员说让我不要靠她太近，和业务员有纠纷，电话153****8235 #非警务#纠纷事项#其他纠纷事项#报警电话:153****8235,其他纠纷,消费纠纷,0.9
GLOW202505310003,司机来电，乘客说我来的慢，和乘客产生纠纷，电话131****6899 #非警务#纠纷事项#司乘（代驾）问题#报警电话:131****6899,消费纠纷,消费纠纷,0.9
GLOW202505310004,我退货问题引起纠纷。159****8181 #非警务#纠纷事项#消费问题#报警电话:159****8181,消费纠纷,消费纠纷,0.9
GLOW202505310005,我在中国移动办了卡，工作人员扣了我很多话费，双方对价格问题有纠纷。158****5060 #非警务#纠纷事项#消费问题#报警电话:158****5060,消费纠纷,消费纠纷,0.9
GLOW202505310006,办理套餐有纠纷。151****9099 #非警务#纠纷事项#消费问题#报警电话:151****9099,消费纠纷,消费纠纷,0.9
GLOW202505310007,办理套餐有纠纷。151****9099（15:54来电催促） #非警务#纠纷事项#消费问题#报警电话:151****9099,消费纠纷,消费纠纷,0.9
GLOW202505310008,客人消费了一千元，现在不买单155****3741 #非警务#纠纷事项#消费问题#报警电话:155****3741,消费纠纷,消费纠纷,0.9
GLOW202505310009,我在这里办理业务，被强制消费了。报警人电话：182****9856 #非警务#纠纷事项#消费问题#报警电话:182****9856,消费纠纷,消费纠纷,0.9
GLW202505010001,#长效关注#来电有声音，未说事情电话挂断，回拨电话称我小孩（19岁）在网上贷款，被我发现发生纠纷。报警人电话：177****1251 #非警务#纠纷事项#家庭婚姻感情问题#报警电话:177****1251,其他纠纷,债务纠纷,0.9
GLW202505010002,#长效关注#因为邻里问题发生纠纷，需要协调，报警人电话133****4326 #非警务#纠纷事项#邻里问题#报警电话:133****4326,邻里纠纷,邻里纠纷,0.9
GLW202505010003,"出租车（浙B DT0520）司机：乘客人为车费价格不合理，现不愿意付车费，引起纠纷,电话136****5134 #非警务#纠纷事项#司乘（代驾）问题#报警电话:136****5134",消费纠纷,消费纠纷,0.9
GLW202505010004,我在这里卸货，对方一定要我先移车，现在拦着我不让我离开，双方有纠纷 #非警务#纠纷事项#其他纠纷事项#报警电话:159****8058,消费纠纷,交通事故纠纷,0.9
GLW202505010005,对方把车停在店门口（快递站）觉得没有挡住我的店门，但是车子挡住了我的店门，让对方开走对方不肯开引起纠纷，报警人199****6270（情绪平稳） #非警务#纠纷事项#其他纠纷事项#报警电话:199****6270,经济纠纷,街面秩序,0.9
GLW202505010006,132****4958房东报：租客把我房子的空调卖了，双方因赔偿问题有纠纷 #非警务#纠纷事项#经济（债务）问题#报警电话:132****4958,经济纠纷,经济纠纷,0.9
GLW202505010007,对方人肉占用车位，双方在一起有纠纷130****1690 #非警务#纠纷事项#其他纠纷事项#报警电话:130****1690,邻里纠纷,街面秩序,0.9
GLW202505010008,158****6641报：店家把我的电瓶维修坏了，引起纠纷 #非警务#纠纷事项#消费问题#报警电话:158****6641,经济纠纷,消费纠纷,0.9
GLW202505010009,我是跑外卖的，因为车辆租赁问题引起纠纷155****2806 #非警务#纠纷事项#租赁问题#报警电话:155****2806,消费纠纷,消费纠纷,0.9
GLW202505010010,（辅助下单来电催促处理）我是跑外卖的，因为车辆租赁问题引起纠纷155****2806 #非警务#纠纷事项#物流（快递）问题#报警电话:155****2806,消费纠纷,劳动人事（就业）纠纷,0.9
GLW202505010011,我问中介买的车，现在我不需要车了，想退押金，在现场与工作人员有纠纷，电话155****7111 #非警务#纠纷事项#消费问题#报警电话:155****7111,经济纠纷,消费纠纷,0.9
GLW202505010012,报过警来电催促处理，回拨后称租车纠纷已协调过，现在需要在出警协调185****8703 #非警务#纠纷事项#租赁问题#报警电话:185****8703,经济纠纷,消费纠纷,0.9
GLW202505010013,报过警来电催促处理，回拨后称租车纠纷已协调过，现在需要在出警协调185****8703（已电告海曙分局）（辅助下单，催促） #非警务#纠纷事项#租赁问题#报警电话:185****8703,经济纠纷,消费纠纷,0.9
GLW202505010014,137****8123房东报：租客不肯搬走，需要调解 #非警务#纠纷事项#租赁问题#报警电话:137****8123,经济纠纷,其他纠纷,0.9
GLW202505010015,租车纠纷，需要再次处理，报警人电话：185****8703 #非警务#纠纷事项#租赁问题#报警电话:185****8703,经济纠纷,消费纠纷,0.9
GLW202505010016,这里这个人货款一直不给我，现在被我碰到了，起纠纷130****9605 #非警务#纠纷事项#经济（债务）问题#报警电话:130****9605,债务纠纷,债务纠纷,0.9
GLW202505010017,跟房东因为200元租房押金的事情有纠纷  报警人号码：132****2617 #非警务#纠纷事项#租赁问题#报警电话:132****2617,债务纠纷,消费纠纷,0.9
GLW202505010018,客人吃了饭不肯给钱引起纠纷。180****5522 #非警务#纠纷事项#消费问题#报警电话:180****5522,消费纠纷,消费纠纷,0.9
GLW202505020001,网约车司机说我出来太慢了 ，双方有口角，现在对方要把我送回机场，报警人号码：199****9777 #非警务#纠纷事项#司乘（代驾）问题#报警电话:199****9777,消费纠纷,消费纠纷,0.9
GLW202505020002,152****2929，出租车（1697）司机报警，乘客不付钱有纠纷 #非警务#纠纷事项#司乘（代驾）问题#报警电话:152****2929,消费纠纷,消费纠纷,0.9
GLW202505020003,#长效关注#邻居把东西放在我的窗口，沟通无果，现引起纠纷，联系电话190****8665 #非警务#纠纷事项#邻里问题#报警电话:190****8665,邻里纠纷,邻里纠纷,0.9
GLW202505020004,对方欠了我房租不肯给，引起纠纷。报警人电话：150****9525 #非警务#纠纷事项#租赁问题#报警电话:150****9525,债务纠纷,债务纠纷,0.9
GLW202505020005,我和工作人员因为取消宽带引起纠纷189****0092 #非警务#纠纷事项#消费问题#报警电话:189****0092,消费纠纷,消费纠纷,0.9
GLW202505020006,双方因为挪车问题有纠纷139****5847 #非警务#纠纷事项#其他纠纷事项#报警电话:139****5847,其他纠纷,其他纠纷,0.9
GLW202505020007,双方因为挪车问题有纠纷139****5847 #非警务#纠纷事项#其他纠纷事项#报警电话:139****5847,其他纠纷,其他纠纷,0.9
GLW202505020008,#长效关注#邻居养的狗很吵扰民，沟通无果，现引起纠纷，联系电话134****6091 #非警务#纠纷事项#邻里问题#报警电话:134****6091,邻里纠纷,狗患纠纷,0.9
GLW202505020009,网约车司机来电称，有个女的坐进我车里不肯下车，不清楚情况。188****4778 #非警务#纠纷事项#司乘（代驾）问题#报警电话:188****4778,消费纠纷,消费纠纷,0.9
GLW202505020010,#长效关注#我茶叶晒在停车位上，有小区的住户停车把我茶叶挡住太阳，引起纠纷，后对方走了。130****0519 #非警务#纠纷事项#邻里问题#报警电话:130****0519,邻里纠纷,邻里纠纷,0.9
GLW202505020011,#长效关注#我跟邻居因琐事发生口角 131****3123 #非警务#纠纷事项#邻里问题#报警电话:131****3123,邻里纠纷,口角琐事纠纷,0.9
GLW202505020012,房间质量不好，商家不让我退房，双方有纠纷198****9541 #非警务#纠纷事项#消费问题#报警电话:198****9541,消费纠纷,消费纠纷,0.9
GLW202505030001,我是过来旅游的，酒店住宿条件差，工作人员称没有房间给我换，引起纠纷，132****1552 #非警务#纠纷事项#消费问题#报警电话:132****1552,消费纠纷,消费纠纷,0.9
GLW202505030002,我是代驾，客人觉得价格贵，不肯付钱，电话137****3544 #非警务#纠纷事项#司乘（代驾）问题#报警电话:137****3544,消费纠纷,消费纠纷,0.9
GLW202505030003,我同事上班发生了工伤，因为赔偿问题有纠纷。198****2921 #非警务#纠纷事项#劳资问题#报警电话:198****2921,劳动人事（就业）纠纷,劳动人事（就业）纠纷,0.9
GLW202505030004,有人欠钱不还有纠纷。电话：131****3398 #非警务#纠纷事项#经济（债务）问题#报警电话:131****3398,债务纠纷,债务纠纷,0.9
GLW202505030005,这边有车辆堵路，车主不肯移车，需要调解。159****3268 #非警务#纠纷事项#其他纠纷事项#报警电话:159****3268,公共秩序纠纷,街面秩序,0.9
GLW202505030006,买家来电因为购买东西的问题和卖家有纠纷。156****2791 #非警务#纠纷事项#消费问题#报警电话:156****2791,消费纠纷,消费纠纷,0.9
GLW202505030007,我是快递人员，因为快递丢失赔偿有纠纷。189****7825 #非警务#纠纷事项#物流（快递）问题#报警电话:189****7825,消费纠纷,消费纠纷,0.9
GLW202505030008,我是快递人员，因为快递丢失赔偿有纠纷。189****7825 #非警务#纠纷事项#物流（快递）问题#报警电话:189****7825,消费纠纷,消费纠纷,0.9
GLW202505030009,我们已经发了工资了，现在有人又过来讨要工资，产生纠纷，报警人电话：173****8398 #非警务#纠纷事项#劳资问题#报警电话:173****8398,劳动人事（就业）纠纷,劳动人事（就业）纠纷,0.9
GLW202505030010,报警人来电称因为租房问题有纠纷，报警人电话195****1914 #非警务#纠纷事项#租赁问题#报警电话:195****1914,经济纠纷,房地产纠纷,0.9
GLW202505030011,保安拔了我的钥匙，有纠纷，报警人电话：187****9256 #非警务#纠纷事项#物业管理问题#报警电话:187****9256,物业管理纠纷,物业管理纠纷,0.9
GLW202505040001,我与网约车司机因车费价格问题引起纠纷，186****0610. #非警务#纠纷事项#司乘（代驾）问题#报警电话:186****0610,消费纠纷,消费纠纷,0.9
GLW202505040002,153****2782：我打了一辆车子，绕路，双方引起纠纷。 #非警务#纠纷事项#司乘（代驾）问题#报警电话:153****2782,消费纠纷,消费纠纷,0.9
GLW202505040003,153****2782：我打了一辆车子，司机绕路，双方引起纠纷。（来电催促，称还没有人到场处理，并称知道督察组电话的） #非警务#纠纷事项#司乘（代驾）问题#报警电话:153****2782,消费纠纷,消费纠纷,0.9
GLW202505040004,报警人称这里有纠纷，具体情况不愿意说，195****1914 #非警务#纠纷事项#其他纠纷事项#报警电话:195****1914,其他纠纷,其他纠纷,0.9
GLW202505040005,报警人称这里有纠纷，具体情况不愿意说，195****1914 #非警务#纠纷事项#其他纠纷事项#报警电话:195****1914,其他纠纷,其他纠纷,0.9
GLW202505040006,租客不愿意搬走，产生纠纷，报警人电话：132****4958 #非警务#纠纷事项#租赁问题#报警电话:132****4958,债务纠纷,其他纠纷,0.9
GLW202505040007,浙BT2607出租车司机报警：乘客不肯支付车费，双方发生纠纷，报警人电话175****2615 #非警务#纠纷事项#司乘（代驾）问题#报警电话:175****2615,消费纠纷,消费纠纷,0.9
GLW202505040008,因为欠钱手机押在这里，现在因为我手机是监管手机，现在需要 解锁，老板不肯把手机还给我有纠纷。177****1336 #非警务#纠纷事项#经济（债务）问题#报警电话:177****1336,经济纠纷,债务纠纷,0.9
GLW202505040009,有个客户说昨天来办业务，但是没排到号，今天对方又排不上号，现在拍摄我们，影响我们工作，138****4093 #非警务#纠纷事项#消费问题#报警电话:138****4093,消费纠纷,消费纠纷,0.9
GLW202505040010,我来配钥匙，店里的人说我要是有问题，配不了，158****6895 #非警务#纠纷事项#消费问题#报警电话:158****6895,消费纠纷,消费纠纷,0.9
GLW202505040011,昨天买了一个270元的榴莲，后来回家发现质量有点问题，与店家协商不下，137****5472 #非警务#纠纷事项#消费问题#报警电话:137****5472,消费纠纷,消费纠纷,0.9
GLW202505040012,我在这买椅子，因为价格问题和老板有纠纷，老板不让我走。159****8907 #非警务#纠纷事项#消费问题#报警电话:159****8907,消费纠纷,消费纠纷,0.9
GLW202505040013,顾客买了一张流量卡，现对产品不满意，不让我们走，有纠纷。电话：191****2293 #非警务#纠纷事项#消费问题#报警电话:191****2293,消费纠纷,消费纠纷,0.9
GLW202505040014,因为插队，有电瓶车不让我过去157****8563 #非警务#纠纷事项#其他纠纷事项#报警电话:157****8563,公共秩序纠纷,公共秩序纠纷,0.9
GLW202505040015,有人欠我钱不还，需要调解。139****4036 #非警务#纠纷事项#经济（债务）问题#报警电话:139****4036,债务纠纷,债务纠纷,0.9
GLW202505040016,我委托朋友卖黄金，但朋友将价格卖低了，因为价格问题有纠纷，朋友不肯告知我他人在哪，也不肯告知金店位置151****6961 #非警务#纠纷事项#其他纠纷事项#报警电话:151****6961,经济纠纷,经济纠纷,0.9
GLW202505040101,2025年5月1日17时52分，接110指令称古林韩的女人工厂店我与老公因感情问题有纠纷。民警到现场，系报警人（郭灵芝，4127*****3145，134****9452）老公酒喝多了觉得这家店的店主（朱战东，4128*****1576，137****9500）一直让其老婆（张秀君，3302*****682X，136****3807）减肥买其店里好看的衣服会带坏其老婆引起纠纷，打了其老婆，现已将人带至所里。现该人已酒醒，态度良好，已写下保证书，并开具家暴告诫书。 该人住在集市港，请流转相关部门,经济纠纷,情感纠纷,0.9
GLW202505050001,顾客不肯付包厢费，双方协商不下。132****8411 #非警务#纠纷事项#消费问题#报警电话:132****8411,消费纠纷,消费纠纷,0.9
GLW202505050002,司机与乘客因为车费的问题引起纠纷，报警人156****5682 #非警务#纠纷事项#司乘（代驾）问题#报警电话:156****5682,消费纠纷,消费纠纷,0.9
GLW202505050003,物业来电，有辆车不付停车费堵在门口，电话139****7828 #非警务#纠纷事项#物业管理问题#报警电话:139****7828,消费纠纷,物业管理纠纷,0.9
GLW202505050004,物业来电，有辆车不付停车费堵在门口，电话139****7828（辅助下单：来电催促） #非警务#纠纷事项#物业管理问题#报警电话:139****7828,消费纠纷,物业管理纠纷,0.9
GLW202505050005,我给客户办理流量卡，现在对方不想要，引起纠纷，130****7976 #非警务#纠纷事项#消费问题#报警电话:130****7976,消费纠纷,消费纠纷,0.9
GLW202505050006,有劳资纠纷，需要调解。报警人说不清楚地址，请联系报警人131****6189 #非警务#纠纷事项#劳资问题#报警电话:131****6189,劳动人事（就业）纠纷,劳动人事（就业）纠纷,0.9
GLW202505050007,159****0839对方捡到了我的手机，找我要费用，双方在一起有纠纷需要处理 #非警务#纠纷事项#经济（债务）问题#报警电话:159****0839,其他纠纷,其他纠纷,0.9
GLW202505050008,#长效关注#这里有个厂，养了一条狗，也不系狗绳，人走过一直叫，把我鞋子也叼走了。139****8637 #非警务#纠纷事项#邻里问题#报警电话:139****8637,经济纠纷,狗患纠纷,0.9
GLW202505050009,对方酒喝多了，没有付钱，称其付过了引起纠纷。130****8752 #非警务#纠纷事项#消费问题#报警电话:130****8752,消费纠纷,消费纠纷,0.9
GLW202505050010,我是租客开车过来，物业不给我开门，说我没有车位133****4159 #非警务#纠纷事项#物业管理问题#报警电话:133****4159,经济纠纷,物业管理纠纷,0.9
GLW202505050011,辅助：我是租客开车过来，物业不给我开门，说我没有车位133****4159 #非警务#纠纷事项#物流（快递）问题#报警电话:133****4159,经济纠纷,物业管理纠纷,0.9
GLW202505050012,骑手私自把我的餐拿走，还电话辱骂我，来电需要处理。187****0130 #非警务#纠纷事项#物流（快递）问题#报警电话:187****0130,消费纠纷,消费纠纷,0.9
GLW202505050013,放高利贷的2个人在外面敲我们门，打扰我们休息了，158****8356 #非警务#纠纷事项#经济（债务）问题#报警电话:158****8356,治安隐患纠纷,债务纠纷,0.9
GLW202505050014,我几分钟前，让朋友买药，买错，对方不退，有纠纷138****8413 #非警务#纠纷事项#消费问题#报警电话:138****8413,消费纠纷,消费纠纷,0.9
GLW202505050015,交警拖车过来换轮胎，觉得价格高了，有纠纷177****9168 #非警务#纠纷事项#消费问题#报警电话:177****9168,经济纠纷,消费纠纷,0.9
GLW202505060001,#长效关注#同小区的车辆对方转弯，我是直行，因为行车问题引起没有相让，现在对方故意堵路有矛盾，188****5978 #非警务#纠纷事项#邻里问题#报警电话:188****5978,交通事故纠纷,邻里纠纷,0.9
GLW202505060002,#长效关注#同小区的车辆对方转弯，我是直行，因为行车问题引起没有相让，现在对方故意堵路有矛盾，188****5978 #非警务#纠纷事项#邻里问题#报警电话:188****5978,交通事故纠纷,邻里纠纷,0.9
GLW202505060003,有人把车停在路中间，把我们所有车堵在这里，现与其他车主有纠纷，需要处理158****2295 #非警务#纠纷事项#物业管理问题#报警电话:158****2295,交通事故纠纷,街面秩序,0.9
GLW202505060004,可能因为开车有纠纷，有人故意堵路，车主还骂了五到六人。 #非警务#纠纷事项#物业管理问题#报警电话:152****6681,交通事故纠纷,街面秩序,0.9
GLW202505060005,孩子的外婆强行要将孩子的疫苗接种本拿走，现引起纠纷，外婆一直在这里闹。183****3478 #非警务#纠纷事项#医患问题#报警电话:183****3478,家庭婚姻纠纷,其他纠纷,0.9
GLW202505060006,我未拿到干活工资，引起纠纷。报警人电话：176****7672. #非警务#纠纷事项#劳资问题#报警电话:176****7672,劳动人事（就业）纠纷,劳动人事（就业）纠纷,0.9
GLW202505060007,我们是装修公司的，业主对我们装修的风格不满意，引起纠纷。134****9126 #非警务#纠纷事项#消费问题#报警电话:134****9126,消费纠纷,消费纠纷,0.9
GLW202505060008,有人来我单位骂我，具体情况不愿意说。138****6092 #非警务#纠纷事项#其他纠纷事项#报警电话:138****6092,口角琐事纠纷,其他纠纷,0.9
GLW202505060009,有两个客人因为装修协商不下，现一直在我们公司吵闹，要求处理，报警人电话：199****5024 #非警务#纠纷事项#消费问题#报警电话:199****5024,其他纠纷,消费纠纷,0.9
GLW202505060010,加油站不给我开去年的发票，双方产生纠纷，报警人电话135****8461 #非警务#纠纷事项#消费问题#报警电话:135****8461,消费纠纷,消费纠纷,0.9
GLW202505060011,我是顺风车司机，乘客不付高速费，引起纠纷。137****9192 #非警务#纠纷事项#司乘（代驾）问题#报警电话:137****9192,消费纠纷,消费纠纷,0.9
GLW202505060012,价格高 #非警务#纠纷事项#消费问题#报警电话:130****6380,消费纠纷,消费纠纷,0.9
GLW202505060013,牛肉面的价格高，与商家产生纠纷。130****6380 #非警务#纠纷事项#消费问题#报警电话:130****6380,消费纠纷,消费纠纷,0.9
GLW202505060014,我在这里买了水果，发现水果不好，现与店家有纠纷，报警人电话：157****4089 #非警务#纠纷事项#消费问题#报警电话:157****4089,消费纠纷,消费纠纷,0.9
GLW202505060015,我在这里买了水果，发现水果不好，现与店家有纠纷，报警人电话：157****4089（报警人来电催促） #非警务#纠纷事项#消费问题#报警电话:157****4089,消费纠纷,消费纠纷,0.9
GLW202505060016,我们买二手车，现在因为服务费问题和店家产生纠纷。167****2196 #非警务#纠纷事项#消费问题#报警电话:167****2196,消费纠纷,消费纠纷,0.9
GLW202505060017,我在这里买二手车，现在引起纠纷。152****6963 #非警务#纠纷事项#消费问题#报警电话:152****6963,经济纠纷,消费纠纷,0.9
GLW202505060018,老板不发工资，我现在找到对方，双方发生纠纷，报警人电话134****1147 #非警务#纠纷事项#劳资问题#报警电话:134****1147,劳动人事（就业）纠纷,劳动人事（就业）纠纷,0.9
GLW202505060019,我叫了一辆货拉拉，但是我临时取消订单，现在司机和我们有纠纷，联系电话183****7173 #非警务#纠纷事项#物流（快递）问题#报警电话:183****7173,消费纠纷,消费纠纷,0.9
GLW202505060020,给老板干了五天活，老板不给工资，双方在一起。136****5671 #非警务#纠纷事项#劳资问题#报警电话:136****5671,劳动人事（就业）纠纷,劳动人事（就业）纠纷,0.9
GLW202505060021,有个人拿了我家的牛奶没付钱，但是他一定要说付了，电话132****6370 #非警务#纠纷事项#消费问题#报警电话:132****6370,消费纠纷,消费纠纷,0.9
GLW202505060022,138****8843：这里有一家工厂，工厂的人私自把门口村道上的公共车位安装了地锁，现在厂里有人，需要报警处理 #非警务#纠纷事项#其他纠纷事项#报警电话:138****8843,邻里纠纷,街面秩序,0.9
GLW202505060023,因顾客在这里受伤，因赔偿我们没有协商好，现在堵住出口159****0021 #非警务#纠纷事项#经济（债务）问题#报警电话:159****0021,消费纠纷,消费纠纷,0.9
GLW202505060024,#长效关注#因为家庭琐事，老公和我吵架，需要处理   183****3288 #非警务#纠纷事项#家庭婚姻感情问题#报警电话:183****3288,家庭婚姻纠纷,家庭婚姻纠纷,0.9
GLW202505060025,这里遛狗不牵狗绳吓到我们了，狗主人还骂我们，双方有纠纷  131****1321 #非警务#纠纷事项#其他纠纷事项#报警电话:131****1321,狗患纠纷,狗患纠纷,0.9
GLW202505060401,"2025年5月3日10时43分，接110指令称葑水港中通快递旁，经济纠纷。民警到现场，系（报警人代利，3412*****5362，158****5777；前夫张玉锋，3416*****0716，180****7226）报警人与前夫存在经济纠纷，现场没有吵架，已告知双方走司法途径解决，后双方离开现场。
",消费纠纷,经济纠纷,0.9
GLW202505060402,"2025年5月3日18时52分，接110指令称西洋港单家107号，我妈打我。民警到现场，系（报警人康亚飞，3302*****7527，133****0145；妈妈胡德利，3302*****752X，133****6452）因报警人在妈妈家干活导致家里很脏引起纠纷，后发生肢体冲突，经民警现场调解，已没事。
",治安隐患纠纷,家庭婚姻纠纷,0.9
GLW202505060403,2025年5月3日22时40分，接110指令称藕池新村29幢405室，扰民引起，对方拿菜刀把我家里人捅伤了。民警现场，系（报警人郑医婷，3611*****4526，192****7039；报警人老公伤者徐德斌，3623*****4535，188****8101；对方嫌疑人胡德州，3302*****1811，139****0806）因噪音扰民引起，伤者已送往第一医院，民警已将双方当事人带所处理。,经济纠纷,口角琐事纠纷,0.9
GLW202505060405,"2025年5月2日10时43分，接110指令称古林王家副食店，父女玩手机纠纷，民警到现场，系报案人（范格瑜，3310*****5844，173****8747）玩手机与父亲（范孝健，3310*****5873，187****5841）引起争吵，后父亲打了其，人没事，已对双方批评教育，现已调解。
",公共秩序纠纷,口角琐事纠纷,0.9
GLW202505060406,"2025年5月2日19时29分，接110指令称古林菜场门口老北京脆皮烤鸭店，接到陌生电话骚扰。民警到达现场，系报警人（李龙珠，3405*****3341，189****0798）称接到陌生电话骚扰，求助报警。后经了解，系对方（郑利琴，3306*****8828，138****3270）（人在绍兴）认为报警人与自己老公关系不正常，打给报警人质问时双方发生口角，已告知对方夫妻感情问题可以走司法程序，不要打电话影响他人休息。
",消费纠纷,情感纠纷,0.9
GLW202505060407,"2025年5月2日19时29分，接110指令称古林菜场门口老北京脆皮烤鸭店，接到陌生电话骚扰。民警到达现场，系报警人（李龙珠，3405*****3341，189****0798）称接到陌生电话骚扰，求助报警。后经了解，系对方（郑利琴，3306*****8828，138****3270）（人在绍兴）认为报警人与自己老公关系不正常，打给报警人质问时双方发生口角，已告知对方夫妻感情问题可以走司法程序，不要打电话影响他人休息。
",消费纠纷,情感纠纷,0.9
GLW202505060408,"2025年5月2日20时17分，接110指令称盛世华城10幢1单元501，系邻居之间因为门口装监控的事情发生纠纷。民警到达现场，系（章承业，3302*****6816，159****3788）（王靖，3302*****364X，159****7962）邻居之间因为门口装监控的事情发生纠纷引起口角，经调解，双方会各自联系安装人员整改拆除。
",公共秩序纠纷,邻里纠纷,0.9
GLW202505060410,"2025年5月6日02时01分，接110指令称博馨苑3期16幢2204，老公打我，无需120，具体原因没有说，民警到现场，系报警人（张叶飞，3302*****7523，132****7251）与对方（张军，6205*****2890，178****0780）是夫妻，双方因经济问题引起纠纷，现已调解，已开家暴告诫书  
后期请相关部门跟进关注",消费纠纷,家庭婚姻纠纷,0.9
GLW202505060415,妻子报警说老公要放火，经我们调解，没有放火是因为老公买足彩输了钱,治安隐患纠纷,债务纠纷,0.9
GLW202505060416,因小孩玩耍扰民引起打架,治安隐患纠纷,口角琐事纠纷,0.9
GLW202505060417,励科3302*****4411.132****2085与邹学文4331*****813X，188****6369因停车问题引起纠纷，邹学文推了励科一下，经调解邹学文向励科赔礼道歉，双方和解。,经济纠纷,邻里纠纷,0.9
GLW202505060418,因老婆被不认识人搭讪,情感纠纷,情感纠纷,0.9
GLW202505070001,网约车司机报：乘客的钥匙掉在车上，我给其送过来，对方不付我路费，引起纠纷134****8568 #非警务#纠纷事项#司乘（代驾）问题#报警电话:134****8568,消费纠纷,消费纠纷,0.9
GLW202505070002,我的朋友因为经济纠纷跟干活的人在厂里吵架。188****5505 #非警务#纠纷事项#经济（债务）问题#报警电话:188****5505,债务纠纷,经济纠纷,0.9
GLW202505070003,租客联系不上，拖欠房租，有纠纷。159****6808 #非警务#纠纷事项#租赁问题#报警电话:159****6808,经济纠纷,债务纠纷,0.9
GLW202505070004,租客联系不上，拖欠房租，有纠纷。159****6808 #非警务#纠纷事项#租赁问题#报警电话:159****6808,经济纠纷,债务纠纷,0.9
GLW202505070005,浙BAM7621货车停在我们仓库里面，司机在现场故意不肯开走，引起纠纷，不清楚原因。189****5206 #非警务#纠纷事项#其他纠纷事项#报警电话:189****5206,经济纠纷,街面秩序,0.9
GLW202505070006,电瓶车本来是让物流公司运到慈溪，结果运到了这里，对方还要我付100元自提费才愿意把车给我有纠纷。电话：198****9304 #非警务#纠纷事项#物流（快递）问题#报警电话:198****9304,消费纠纷,消费纠纷,0.9
GLW202505070007,浙BAM7621货车停在我们仓库里面，司机在现场故意不肯开走，引起纠纷，不清楚原因。189****5206。（11:36来电称对方还是不肯移，需要再次处理） #非警务#纠纷事项#其他纠纷事项#报警电话:189****5206,经济纠纷,街面秩序,0.9
GLW202505070008,有人放养狗没牵狗绳，狗差点咬到我，和狗主人有纠纷。152****1727 #非警务#纠纷事项#其他纠纷事项#报警电话:152****1727,狗患纠纷,狗患纠纷,0.9
GLW202505070009,我租了对方车，现车子退了，对方不退我押金，还扣我钱，报警人电话：181****2826 #非警务#纠纷事项#租赁问题#报警电话:181****2826,经济纠纷,消费纠纷,0.9
GLW202505070010,有两个人拦着我老板不让走，说是我老板欠钱不还，还想打他。173****7690 #非警务#纠纷事项#经济（债务）问题#报警电话:173****7690,治安隐患纠纷,债务纠纷,0.9
GLW202505070011,因为车辆维修引问题，引起纠纷。158****7377 #非警务#纠纷事项#消费问题#报警电话:158****7377,经济纠纷,消费纠纷,0.9
GLW202505070012,我在酒店工作，老板不给我结工资，电话180****6175 #非警务#纠纷事项#劳资问题#报警电话:180****6175,劳动人事（就业）纠纷,劳动人事（就业）纠纷,0.9
GLW202505070013,我是老板，跟顾客因为修车费用有纠纷，对方还威胁我，目前正在打电话叫人过来。180****6005 #非警务#纠纷事项#消费问题#报警电话:180****6005,经济纠纷,消费纠纷,0.9
GLW202505070014,烧烤店拖欠我一千多的货款不给。报警人电话：130****1523 #非警务#纠纷事项#经济（债务）问题#报警电话:130****1523,债务纠纷,债务纠纷,0.9
GLW202505070015,"烧烤店拖欠我一千多的货款不给。报警人电话：130****1523（16:31分来电催促）
重复报警:报警时间:2025-05-07 16:31:38, 报警电话:130****1523, 联系电话:130****1523, 报警内容:催促
重复报警:报警时间:2025-05-07 16:21:37, 报警电话:130****1523, 联系电话:130****1523, 报警内容:烧烤店拖欠我一千多的货款不给。报警人电话：130****1523 #非警务#纠纷事项#经济（债务）问题#报警电话:130****1523",债务纠纷,债务纠纷,0.9
GLW202505070016,我就来这里停车场调个头，管理的工作人员不让我出去，双方协商不下。156****7872 #非警务#纠纷事项#物业管理问题#报警电话:156****7872,公共秩序纠纷,物业管理纠纷,0.9
GLW202505070017,我是物流公司的工作人员，把顾客的一批货弄丢了（50美金），现因为赔偿有纠纷。195****7686（16:50集士港反馈：在海曙聚才路融辉物流公司，属于古林） #非警务#纠纷事项#物流（快递）问题#报警电话:195****7686,消费纠纷,消费纠纷,0.9
GLW202505070018,因为装修问题，装修公司和业主有纠纷，电话158****7245 #非警务#纠纷事项#消费问题#报警电话:158****7245,消费纠纷,消费纠纷,0.9
GLW202505070019,未说事情就挂断，回拨：主人与装修工人因为设计方面有纠纷，请处理131****1162（请分局通知四平台） #非警务#纠纷事项#其他纠纷事项#报警电话:131****1162,其他纠纷,其他纠纷,0.9
GLW202505070020,房东报警，租客不付我租金，双方产生纠纷，报警人电话152****9872 #非警务#纠纷事项#租赁问题#报警电话:152****9872,经济纠纷,债务纠纷,0.9
GLW202505070021,我的车被对方堵住了，不肯移开，有纠纷，报警人电话：180****9791 #非警务#纠纷事项#其他纠纷事项#报警电话:180****9791,经济纠纷,街面秩序,0.9
GLW202505070301,"2025年4月29日9时52分，接110指令称联丰中路227号理发店我来讨要工资，店长打我。民警到现场，报警人（张鸿帅，5202*****5870，135****0728），店长（邓勇明，3625*****6019，137****5789），系理发店员工和店长因工作上的事情发生口角，有肢体接触，无伤，民警到现场已口头调解，员工工资当场结清并拿行李走人，双方不再有纠葛发生，已汇报分局指挥部
",经济纠纷,劳动人事（就业）纠纷,0.9
GLW202505070302,"2025年4月29日12时59分，接110指令称布政老卫生院旁林祥服饰2楼老板因为工资问题用手打我的肩膀。民警到现场，报警人（胡敬梅，3421*****7420，198****9373），系因讨工资与对方（李远平，5137*****3151，188****8711）引起肢体冲突，人没事，现双方自行协商，不要求处理了，已开具结案单
",治安隐患纠纷,劳动人事（就业）纠纷,0.9
GLW202505070304,"2025年4月29日14时11分，接110指令称我老公多次打我，刚才还拿杯子砸我。民警到现场，报警人（方雪英，3302*****2725，198****5811），系两夫妻因为老公（卢金福，3302*****7734，188****8176）经常去打麻将，老婆唠叨了几句，老公就拿被子做出要砸她的动作，未砸到报警人，报警人故报警，现已找到老公，对其批评教育，告知双方离婚走司法途径
",家庭婚姻纠纷,家庭婚姻纠纷,0.9
GLW202505070306,"2025年4月29日19时14分，接110指令称我和我老公在闹离婚。民警到达现场，报警人彭琳馨（5227*****5828，131****2896）和蔡必超（3326*****2774，130****9662）是二婚夫妻，有一个11岁小孩，近期因感情问题多次吵架，女的闹着离婚，男的不肯，女的要搬离（他们住在包家大桥下收废旧轮胎的厂房里），男的跟踪威胁，无伤，经民警调解现已回家，但此家庭矛盾无法调解。已开具结案单。
",经济纠纷,家庭婚姻纠纷,0.9
GLW202505070308,"2025年4月29日20时47分，接110指令称双方都已离开现场。民警到达现场，碰见报警人（向亚林，4331*****0107，176****1497），因景邓涛（4113*****5830，176****5552，不在现场）被解雇后喝了酒，厂里人跟报警人称该人要去找她，但事情未发生，报警人因害怕故报警，报警人目前没什么事，已告知其如果碰到该情况及时报警。
",劳动人事（就业）纠纷,劳动人事（就业）纠纷,0.9
GLW202505070309,"2025年4月29日21时54分，接110指令称我被人打了。民警到达现场，经了解因五一假期父亲（报警人杨磊，3424*****1697，187****0678）提了一句有空带儿子（杨叶青，3401*****551X，187****0678）去上海玩，后小孩不依不饶问其父亲什么时候去，父亲称有空了会带儿子去引起小孩不满，无人受伤，已现场调解。
",经济纠纷,家庭婚姻纠纷,0.9
GLW202505070311,"2025年4月29日22时16分，接110指令称有个男的家暴老婆。民警到达现场，没有发生家暴情况，因孩子喝王老吉引发两夫妻（报警人吴亚芬，3623*****1642，134****4339；男方陈星，3623*****1712，158****5299）吵架，扔了东西，无人员受伤，已现场调解。
",经济纠纷,家庭婚姻纠纷,0.9
GLW202505070314,"2025年4月30日1时05分，接110指令称方家耷超市旁边小路里男朋友不让我走，双方发生纠纷。民警到达方家耷妞妞超市旁的小路上巡逻未发现报警人（陈满娥，3623*****6183，132****8663），多次电话联系报警人不接听，已撤回，后续有情况再处理。现已联系上报警人，其称是和男友吵架了未发生打架，不要求处理了。
",治安隐患纠纷,情感纠纷,0.9
GLW202505070316,"2025年4月30日5时15分，接110指令称启运路311号四季青藤酒店201房间我和男朋友要分手，他现在打我。民警到现场，报警人（苏克娜，2301*****2242，135****1678），报警人系与男友吵架，现场男的已离开，无打架，现场也未发现刀具，报警人称已经自行解决，不需要处理了
",治安隐患纠纷,家庭婚姻纠纷,0.9
GLW202505070319,"2025年5月5日21时50分，接110指令称藕池天地11幢305放高利贷的人讨债很吵。民警到现场，系债主（张新跃，3203*****1299，139****6958）上门讨债，已告知对方晚上不要影响附近住户。报案人信息：张雷，5113*****7615，158****8356
",金融纠纷,债务纠纷,0.9
GLW202505070320,"2025年5月6日02时47分，接110指令称古林镇农业银行门口，两个人在打架，持械不清，具体不清。我住在小区内远远看过去看到的，他们叫的声音把我们吵醒了。民警到现场，系双方（王浩，4127*****1113，176****0050，蒋威，3302*****7119，152****1000）酒喝多了拌嘴，没有打架，现已调解，双方都已离开。报警人，刘自力，4127*****3510，190****2312
",治安隐患纠纷,口角琐事纠纷,0.9
GLW202505070322,"2025年5月2日8时32分，接110指令称有一个人因为和我爸妈之前闹了矛盾现在小区闹事。民警到达现场，电话联系报警人其称人在奉化，系对方与其父母有纠纷，对方（陈传芝，3426*****5966，138****5687）跑到他家（都市家园10幢）楼下骂人。报警人要求对方离开，到现场后，已让对方离开现场，已没事。
",治安隐患纠纷,口角琐事纠纷,0.9
GLW202505070323,"2025年5月3日08时54分，接110指令称对方用手打我一巴掌。民警到达现场，系外卖员认为肯德基员工（报警人杨涛，5113*****7615，181****4894）出餐慢，互骂，后外卖员打了肯德基员工后脑勺一下，碰到员工右眼，现场调解不下，带所处理，现双方已调解。
",口角琐事纠纷,消费纠纷,0.9
GLW202505070324,"2025年5月3日10时43分，接110指令称葑水港中通快递旁，经济纠纷。民警到现场，系（报警人代利，3412*****5362，158****5777；前夫张玉锋，3416*****0716，180****7226）报警人与前夫存在经济纠纷，现场没有吵架，已告知双方走司法途径解决，后双方离开现场。
",消费纠纷,经济纠纷,0.9
GLW202505070325,"2025年5月3日12时21分，接110指令称有人跟我吵架。民警到达现场，报警人（刘利康，3302*****6337，177****2061）酒喝多了，老婆（杨孝英，3302*****2726，132****3478）让其少喝点，后两个人发生口角纠纷，自行协商解决。已开具结案单。
",消费纠纷,口角琐事纠纷,0.9
GLW202505070326,"2025年5月3日13时31分，接110指令称我小孩被打了。民警到达现场，经了解报警人（张景洋，3412*****4034，180****3774）的孩子（张少熠，3412*****4013）跟曹平平（4127*****504X，150****1566）的儿子（邵壁煊，4116*****5075）和刘春容（4302*****6525，158****4972）的儿子（顾轶豪，4302*****0352）在玩耍中语言上发生争吵，后发展称肢体冲突，调解中，现已调解。
",治安隐患纠纷,口角琐事纠纷,0.9
GLW202505070327,"三轮车与行人刮擦，人没事，已离开现场。（后报警人来电称自己的爸爸被打了，交警已在现场，需要民警处理，称在茂兴村旅游景区门口等）
.民警到现场，系（当事人王式海，3326*****6218,159****9700；当事人陈建达，3302*****2816,135****7951）交通事故引起纠纷，后发生肢体冲突，双方自行来所处理，现双方已调解。
",经济纠纷,交通事故纠纷,0.9
GLW202505070328,"2025年5月3日18时52分，接110指令称西洋港单家107号，我妈打我。民警到现场，系（报警人康亚飞，3302*****7527，133****0145；妈妈胡德利，3302*****752X，133****6452）因报警人在妈妈家干活导致家里很脏引起纠纷，后发生肢体冲突，经民警现场调解，已没事。
",治安隐患纠纷,家庭婚姻纠纷,0.9
GLW202505070329,2025年5月3日22时40分，接110指令称藕池新村29幢405室，扰民引起，对方拿菜刀把我家里人捅伤了。民警现场，系（报警人郑医婷，3611*****4526，192****7039；报警人老公伤者徐德斌，3623*****4535，188****8101；对方嫌疑人胡德州，3302*****1811，139****0806）因噪音扰民引起，伤者已送往第一医院，民警已将双方当事人带所处理。,经济纠纷,口角琐事纠纷,0.9
GLW202505070330,"2025年5月3日23时20分，接110指令称科创路88号，厂里人员用手打我。民警到现场，系（报警人赵浩凯，4127*****2617，195****2774；对方路其会，4129*****7117,188****8901）两员工因停车问题引起纠纷，后报警人被对方打了一巴掌，现场调解不下，带所处理。
",公共秩序纠纷,治安隐患纠纷,0.9
GLW202505070331,"报警人邬梅园与她老公孙伟因儿童座椅问题发生口角。后经我们现场调解,老公向老婆道歉，双方达成和解。",家庭婚姻纠纷,口角琐事纠纷,0.9
GLW202505070332,"2025年5月6日9时31分，接110指令称天德电商园1幢-227三楼，经济纠纷。民警到达现场，系报警人（顾敏君，3304*****0075，133****8855）因货款的事情与对方（王怡翔，4203*****583x，188****5422）发生口角引起纠纷，未打架，经调解，双方会自行走司法程序。
",治安隐患纠纷,经济纠纷,0.9
GLW202505070336,"2025年5月6日22时10分，接110指令称古林葑里村何家129号，离婚纠纷，老婆出走。民警到现场，系夫妻（报案人赵永想，3412*****2514，183****3778与老婆武星，3412*****4041，173****9091）之间因离婚的事情双方引起的纠纷，后老婆离开家找不到了，怕老婆有轻生念头，现老婆已回家人没事，已告知好好沟通。
",消费纠纷,家庭婚姻纠纷,0.9
GLW202505070338,"报警人称派出所处理不好这个事情，现在已经和民警分开了，我想不开要自杀，报警人称自己有刀，要么就跳河跳楼，反正总有死法.
与3:44同一警情，民警到达现场，报警人（李吉成，3310*****6594，198****9063）人已走掉，现我所工作人员在寻找中。后在塘西佳苑门口与李吉成碰面，现石碶所民警已将李吉成带到石碶所，我所民警处理中。
",经济纠纷,其他纠纷,0.9
GLW202505070339,"2025年4月30日8时28分，接110指令称段梅路阿飞汽车服务中心，同事纠纷。民警到现场，系（报警人王达飞，3209*****5111，135****8201；对方唐条双，4331*****1030，139****7731）结算工资的事情引起纠纷，未发生打架情况，被对方推了一下，现场调解不下，带所处理。现已调解。
",治安隐患纠纷,劳动人事（就业）纠纷,0.9
GLW202505070340,"2025年4月30日15时13分，接110指令称海曙布政欧德隆超市卖肉摊位买卖牛肉纠纷 ，对方拿了菜刀威胁我，报警人称现在再回去事发地。民警到现场，系（波警人解文深，3416*****5612，195****5099；对方戴锁人，3326*****2478，134****6898）买卖牛肉纠纷，未拿刀，已现场调解，已对对方批评教育，让店方加强管理。
",公共秩序纠纷,消费纠纷,0.9
GLW202505070341,"2025年4月30日19时24分，接110指令称联丰路美澳商务大厦门口盛世华城对面，报警人儿子被对方打了。民警到现场，经了解，系（报警人黄海昌，6123*****4771，191****8265；报警人儿子黄博恩，6107*****4716，191****8265；对方家长时启伍，3422*****151X，159****3191；对方孙子时子晨，3413*****1576，159****3191）因报警人的儿子在学校说了对方的坏话，被对方知道了，故对方在美澳商务大厦门口碰到后打了报警人的儿子，双方已自行来所，经调解，已没事，对方已向报警人儿子赔礼道歉，并保证以后不再发生类似事情。
",经济纠纷,治安隐患纠纷,0.9
GLW202505070342,"2025年4月30日20时23分，接110指令称铭豪观樾花园1幢1单元2101，男女感情纠纷。民警到现场，男方（李勇，4130*****101X，133****2717）要分手女方（报警人：赵利颖，3421*****2320，189****0369）不同意引起的纠纷，没有发生肢体冲突，已将女方劝走。
",治安隐患纠纷,情感纠纷,0.9
GLW202505070343,"2025年4月30日21时12分，接110指令称科创南路220号，有纠纷。民警到现场，（报警人戴招辉，3310*****2477，139****1615；对方何建平，3302*****6816,133****1617）债务纠纷，未发生肢体冲突，已告知法院起诉处理。
",治安隐患纠纷,债务纠纷,0.9
GLW202505070344,"2025年4月30日22时58分，接110指令称启运路清一阁门口，我老公打我，无工具，头晕，不需要救护车。民警到现场，报警人（蒋燕燕，3302*****1881，189****6613）要求丈夫（徐曙，3302*****1812,151****6667）早点回家对方不肯引起的纠纷，没有发生肢体冲突，现报警人已先离开，丈夫表示自己也会早点回去。
",治安隐患纠纷,家庭婚姻纠纷,0.9
GLW202505070345,"2025年4月30日22时58分，接110指令称不明（地图台：包家新村鄞州银行附近），来电有争吵声，问话无应答，回拨联系报警人电话无人接听，后再次回拨联系报警人电话仍无人接听。请派出所与其联系核实情况。电话联系报警人（崔烨，3302*****8218，178****5453），其称误触，没事，不需要派出所处理。
",口角琐事纠纷,其他纠纷,0.9
GLW202505070346,"2025年5月1日2时05分，接110指令称礼嘉桥九八宾馆，一对夫妻在吵架。民警到现场，系（报警人杨玲，5113*****7264，159****9861；当事人虞慧琳，4524*****2127，198****3055；当事人林浩，3412*****4410，157****5672）两夫妻因酒喝多了因口角引起纠纷，未发生打架情况，已没事。
",治安隐患纠纷,口角琐事纠纷,0.9
GLW202505070348,"2025年5月1日3时54分，接110指令称礼嘉桥牌楼楼下，夫妻口角纠纷。民警到现场，系（当事人刘雪，3412*****3986，150****5758；老公汪洋，2202*****0313，135****7996）酒后夫妻吵架，未发生打架，老公已不在现场，老婆酒喝多了，已被婆婆和朋友接走，已没事。
",治安隐患纠纷,家庭婚姻纠纷,0.9
GLW202505070350,烤肉店两夫妻，住在高桥镇藕缆桥397－5，因家庭纠纷，其丈夫邹波3412*****5339，电话167****1188，扇了老婆焦丽:3412*****2766两个耳光，经过调解，給于邹波开具告诫书后，双方和解,公共秩序纠纷,家庭婚姻纠纷,0.9
GLW202505070351,双方因为东西挡路引起纠纷已调解,公共秩序纠纷,邻里纠纷,0.9
GLW202505070352,"2025年5月1日8时34分，接110指令称仲一村郑家漕小区37号我妈妈给我打电话，称被我爸爸家暴了。民警到现场，系老太太（王爱贞，3302*****7523，155****7010）把电瓶车卖掉，老头子（陈国良，3302*****7552，130****6694）生气了，两人吵了几句嘴，没有打架情况，现已没事。
",治安隐患纠纷,家庭婚姻纠纷,0.9
GLW202505070353,"2025年5月1日9时52分，接110指令称云林东路吉祥馄饨店附近有人打我。民警到现场，报案人（张雪芬,4113*****4948,130****5709）称与男朋友（王文信,5227*****1731,139****6165）因为洗衣服声音吵有矛盾，男朋友人不在，后称不要处理了。 
",消费纠纷,口角琐事纠纷,0.9
GLW202505070354,"2025年5月1日14时37分，接110指令称薛家南路和新典路路口保利明州臻悦售楼处有个工人自称做过心脏病手术，现在来讨薪。民警到现场，报案人（钟科，3302*****6031，135****7963）与对方（潘茂兵，3408*****1031，159****5857）因为工资差了230元引起纠纷，现已将钱结清，已对对方批评教育。
",公共秩序纠纷,劳动人事（就业）纠纷,0.9
GLW202505070355,"2025年5月1日15时39分，接110指令称薛家新家园11幢开车压到布吵架。民警到现场，系报案人（段飞，3413*****9133，158****8118）与对方（计洪波，3412*****373X，130****1828）车子压到了布引起的口角纠纷，现已调解好。
",口角琐事纠纷,口角琐事纠纷,0.9
GLW202505070356,"2025年5月1日16时36分，接110指令称古林俞家公共厕所边上来电称有人吵架打架。民警到现场，系一个邻居（赵水珠，3302*****752X，186****7226）说对方（汪美芬，3302*****7528，134****4145）坏话引起口角纠纷，现双方已调解好。
",经济纠纷,口角琐事纠纷,0.9
GLW202505070357,"2025年5月1日17时06分，接110指令称古林菜市场门口我的车子停在菜场门口被偷了。民警到现场，报警人（张友品，3302*****751X，138****1950）车子停在菜场门口把出入口堵住了，工作人员（姚宏伟，3302*****7539，135****0133）把车子移动到旁边了，车已找到报警人走了。
",治安隐患纠纷,公共秩序纠纷,0.9
GLW202505070358,"2025年5月1日18时06分，接110指令称古林礼嘉桥村幼儿园对面，29日我家狗咬到对方，现在对方堵着我不让我做生意，有纠纷，民警到现场，系报警人（姜儒，3421*****5659，131****9623）的狗咬到对方（陈大廷，4127*****3430，152****7565），因赔偿问题双方引起纠纷，现已带所处理。现双方已调解好。
",经济纠纷,损害赔偿纠纷,0.9
GLW202505070359,"2025年5月1日19时08分，接110指令称云林东路唐师工厂店，顾客闹事，问其什么事，只说顾客在我这里吸烟，后来问话不理采了，电话里面很吵，后回拨电话说是2个人在我这里吸烟，我不让他们吸烟，他们把我衣服扔的一塌糊涂，还要打我的样子。民警到现场，系因顾客（顾客不愿意配合登记身份）在买衣服店吸烟引起口角纠纷，没有打架，顾客人已离开。报警人，王苗苗，3412*****8221，188****4410
",治安隐患纠纷,消费纠纷,0.9
GLW202505070360,"2025年5月1日19时10分，接110指令称轻纺城段梅路977号时宜酒店，因为两个小孩闹别扭，另外一个小孩的母亲打我和我孩子，民警到现场，系喝喜酒时两个小孩打闹引起纠纷，报警人（贺珍，3624*****0028，195****2829）被对方（瞿小敏，4331*****282X，159****0885）打了一耳光，现双方已带所处理。现双方已调解好。
",公共秩序纠纷,口角琐事纠纷,0.9
GLW202505070361,"2025年5月1日19时52分，接110指令称古林鄞县大道775号，说了110吗后挂断，回拨称对方骂人，因为行车，对方还想打人，民警到现场，系报警人（董达塞，3623*****6336，159****2700）与对方（鲜红，5102*****551X，188****7170）因行车问题发生口角纠纷，互相骂了几句，没有打架，现双方都已离开，已没事
",经济纠纷,口角琐事纠纷,0.9
GLW202505070362,"2025年5月1日22时05分，接110指令称古林藕池绿荷苑15-2门口，酒喝多了，老公和姐夫打架，手上无工具，民警到现场，系两姐妹（马帮妹，3422*****1346，152****2621，马方珍，3422*****1349，131****0097）一起喝酒，酒喝多了多说了几句引起口角纠纷，未打架，现已调解，已没事
",治安隐患纠纷,口角琐事纠纷,0.9
GLW202505070363,"2025年5月2日0时28分，接110指令称古林俞家小区219号夫妻吵架。民警到现场，系报案人（张大平，5226*****2428，199****2991）与其老公（王关全，3729*****5179，156****9195）因为男的女的喝多了，女的要先回家，男的不让其回去引起的纠纷，现已调解好了。
",物业管理纠纷,家庭婚姻纠纷,0.9
GLW202505070403,#邻里纠纷#村民因停车位发生口角，请村里处理,公共秩序纠纷,邻里纠纷,0.9
GLW202505080001,"出租车司机雷明东报警称乘客张先维拒付车费,引起纠纷，后经我们现场调解,乘客同意支付司机车费230元，双方达成和解。",消费纠纷,消费纠纷,0.9
GLW202505080002,2025年5月5日21时37分，接110指令称古林鹅颈村28幢129号两夫妻吵架。民警到现场，系两夫妻（王海燕，3422*****0723，177****0710、田士杰，4127*****651X，173****5219）因为谁倒垃圾引起的吵架，现已将双方带至所里。现双方已调解好，已开具家暴告诫书。 后续请相关部门跟进,土地森林草场水利等纠纷,家庭婚姻纠纷,0.9
GLW202505080003,"2025年5月7日14时00分，接110指令称我老公家暴我，民警到现场，报警人（焦丽，3412*****2766，131****1983），其丈夫（邹波，3412*****5339，167****1188），系两夫妻因感情问题发生争吵，期间丈夫用手卡了妻子的脖子，用手打了妻子的脸两巴掌，造成妻子脸颊和脖子红肿，现已对报警人丈夫批评教育，已对其开具家暴告诫书，现双方已劝解  
该人暂住高桥，请流转相关部门",消费纠纷,家庭婚姻纠纷,0.9
GLW202505080301,这里不给我结算工资，引起纠纷，报警人电话：186****0157。 #非警务#纠纷事项#劳资问题#报警电话:186****0157,劳动人事（就业）纠纷,劳动人事（就业）纠纷,0.9
GLW202505080302,因为酒店丢失了我的东西，还不承认，引发纠纷 #非警务#纠纷事项#消费问题#报警电话:159****1714,消费纠纷,消费纠纷,0.9
GLW202505080303,办业务引发纠纷159****1389 #非警务#纠纷事项#消费问题#报警电话:159****1389,其他纠纷,消费纠纷,0.9
GLW202505080304,我遇到一个联通推销员，后来我不办了，对方不给我退钱，180****1102 #非警务#纠纷事项#消费问题#报警电话:180****1102,消费纠纷,消费纠纷,0.9
GLW202505080305,我公司向一家公司租了车，此车不能开，我们不想租了，现在车开到他们指定的洗车店来洗车，对方不肯来验收。134****5762 #非警务#纠纷事项#租赁问题#报警电话:134****5762,经济纠纷,消费纠纷,0.9
GLW202505080306,我是业主我来拿快递 ，我跟物业工作人员有口角纠纷，报警人号码：155****1261 #非警务#纠纷事项#物业管理问题#报警电话:155****1261,邻里纠纷,口角琐事纠纷,0.9
GLW202505080307,购买商品对方无货，现在不退款，双方在一起需要处理。183****5718 #非警务#纠纷事项#消费问题#报警电话:183****5718,消费纠纷,消费纠纷,0.9
GLW202505080308,有人在网上买了我们的车，现在28700尾款没付， #非警务#纠纷事项#消费问题#报警电话:186****7772,经济纠纷,消费纠纷,0.9
GLW202505080309,我是出租车司机，乘客不支付车费。158****4818 #非警务#纠纷事项#司乘（代驾）问题#报警电话:158****4818,消费纠纷,消费纠纷,0.9
GLW202505080310,房东不退押金，有纠纷。183****1987 #非警务#纠纷事项#租赁问题#报警电话:183****1987,经济纠纷,债务纠纷,0.9
GLW202505080311,老板克扣工资。133****5439 #非警务#纠纷事项#劳资问题#报警电话:133****5439,劳动人事（就业）纠纷,劳动人事（就业）纠纷,0.9
GLW202505080603,#邻里纠纷#邻居因为门口停车位发生纠纷，需要派人处理,公共秩序纠纷,邻里纠纷,0.9
GLW202505090001,我是网约车司机，乘客说我绕路，产生纠纷，报警人135****7374 #非警务#纠纷事项#司乘（代驾）问题#报警电话:135****7374,消费纠纷,消费纠纷,0.9
GLW202505090002,#长效关注#因为小区施工噪音的问题，楼下住户来踢我们家的门，现我和楼下住户沟通称他们家孩子有精神分裂症，需要帮助。报警人电话：139****9585 #非警务#纠纷事项#邻里问题#报警电话:139****9585,邻里纠纷,邻里纠纷,0.9
GLW202505090003,去年10月份左右，我付了3万元定金购买机器，双方碰过面了，对方一直没有发货，也不肯退定金。183****6885 #非警务#纠纷事项#消费问题#报警电话:183****6885,经济纠纷,消费纠纷,0.9
GLW202505090004,滴滴司机报：乘客说还未到目的地，不肯下车引起纠纷，报警人电话：133****6990 #非警务#纠纷事项#司乘（代驾）问题#报警电话:133****6990,消费纠纷,消费纠纷,0.9
GLW202505090005,装修公司欠工人钱，工人把我们的电拉了，有纠纷153****2859 #非警务#纠纷事项#其他纠纷事项#报警电话:153****2859,其他纠纷,劳动人事（就业）纠纷,0.9
GLW202505090006,老板不给我工资，有纠纷，153****1665，报警人不清楚几号，具体地址请和报警人确认 #非警务#纠纷事项#劳资问题#报警电话:153****1665,劳动人事（就业）纠纷,劳动人事（就业）纠纷,0.9
GLW202505090007,136****8081有个工人因为工资问题，有纠纷需要处理 #非警务#纠纷事项#劳资问题#报警电话:136****8081,劳动人事（就业）纠纷,劳动人事（就业）纠纷,0.9
GLW202505090008,139****5477：我来提货，店员说没有货，双方吵架了 #非警务#纠纷事项#消费问题#报警电话:139****5477,消费纠纷,消费纠纷,0.9
GLW202505090009,喊了维修师傅，现因维修费用要加价引起纠纷，报警人159****0966 #非警务#纠纷事项#消费问题#报警电话:159****0966,物业管理纠纷,消费纠纷,0.9
GLW202505090010,我买的手机有问题和商家有纠纷155****5719 #非警务#纠纷事项#消费问题#报警电话:155****5719,消费纠纷,消费纠纷,0.9
GLW202505090011,抵押赎车问题，引起纠纷    136****7051 #非警务#纠纷事项#经济（债务）问题#报警电话:136****7051,经济纠纷,债务纠纷,0.9
GLW202505090012,190****7786送货司机报：我拉了一车货，现在货主不给我卸货也不给我钱，有纠纷需要处理 #非警务#纠纷事项#物流（快递）问题#报警电话:190****7786,消费纠纷,消费纠纷,0.9
GLW202505090013,139****7840报：货车司机不肯把货卸下来，要我们加钱引起纠纷 #非警务#纠纷事项#物流（快递）问题#报警电话:139****7840,消费纠纷,消费纠纷,0.9
GLW202505090014,以租代购的网约车月供是我在交的，三年月供交满车就成了我的了，月供没有逾期的，因为保险费多少的纠纷，公司的人把我的车钥匙从修理厂拿走了不给我。我现在就在修理厂。153****5905 #非警务#纠纷事项#租赁问题#报警电话:153****5905,消费纠纷,消费纠纷,0.9
GLW202505090015,因为运费问题，对方把车堵了我们公司的门，有纠纷。158****3207 #非警务#纠纷事项#物流（快递）问题#报警电话:158****3207,消费纠纷,经济纠纷,0.9
GLW202505090016,#长效关注#楼下1804有事没事找人过来敲门说我们家吵。180****7313 #非警务#纠纷事项#邻里问题#报警电话:180****7313,邻里纠纷,邻里纠纷,0.9
GLW202505090017,我们租车干活，现在不干了，对方不给解绑车子，早上也报过警了187****5257 #非警务#纠纷事项#租赁问题#报警电话:187****5257,经济纠纷,消费纠纷,0.9
GLW202505090018,这边乱扣我的工资发生纠纷183****6936 #非警务#纠纷事项#劳资问题#报警电话:183****6936,劳动人事（就业）纠纷,劳动人事（就业）纠纷,0.9
GLW202505090019,这边乱扣我的工资发生纠纷183****6936（报警人不认可打劳动局电话的处理方式，需要换两个工作人员到场） #非警务#纠纷事项#劳资问题#报警电话:183****6936,劳动人事（就业）纠纷,劳动人事（就业）纠纷,0.9
GLW202505090020,网约车司机：称因为行车问题，这边不能掉头，乘客就骂我，有纠纷，电话：188****7949 #非警务#纠纷事项#司乘（代驾）问题#报警电话:188****7949,消费纠纷,消费纠纷,0.9
GLW202505090021,之前和代驾说好了代驾费，现又要多收钱，双方起纠纷，报警人：157****7850 #非警务#纠纷事项#司乘（代驾）问题#报警电话:157****7850,消费纠纷,消费纠纷,0.9
GLW202505090405,通达社区恒江小区别墅因房子装修，17号别墅业主与2号别墅业主发生纠纷，居委会工作人员上门进行调解-#邻里纠纷#,物业管理纠纷,邻里纠纷,0.9
GLW202505090601,"2025年5月7日19时31分，接110指令称启运路礼嘉桥警务室，我母亲被打了，具体情况我不清楚，我是接到我母亲电话后赶过来的，现我需要报警处理。民警到现场，（报警人黄海波，3302*****1316，186****9917；报警人母亲温小英，3625*****190X，159****0100；对方程栾修，5107*****3616,187****6968）事发在公寓楼，二人因感情问题发生纠纷，后二人到警务室报警。现经调解，双方同意和解，以后不往来了，已开具现场处结单。后报警人带其母亲到所称仍需要处理，已将对方叫到所里。现经协商，程栾修赔偿温小英2000元，无涉。
",经济纠纷,情感纠纷,0.9
GLW202505090602,"2025年5月7日19时58分，接110指令称古林戴家新村门口等，报警人情绪激动，称下午对方打我的事情我报过警，现在对方放出来了还要来打我，现双方不在一起，请处理。民警到现场，下午因打麻将的事情报过警，调解好各自离开后又发生了争吵，对方（蒋彩国，3326*****1995，130****6699）目前不在现场，已对报警人（俞建良，3302*****7530，158****9339）进行教育。
",口角琐事纠纷,口角琐事纠纷,0.9
GLW202505090606,"接110指令有个不认识的人在我们公司闹事，还把电闸给拉掉了，原因不清楚。 有个不认识的人在我们公司闹事，还把电闸给拉掉了，原因不清楚。 * 民警到现场，系对方代表（曹西锋，3412*****3139,159****1159）因为包工头钱没有给其结算而引起的纠纷，但是公司方（袁琳3309*****1329,138****3140）已将百分之95的钱结算清了，是系包工头欠了钱，告知对方去劳工局。该人今天下午就去劳动局，请跟进。",治安隐患纠纷,劳动人事（就业）纠纷,0.9
GLW202505090607,因为早上6点20分左右装修房子扰民引起纠纷，已调解,邻里纠纷,噪声污染,0.9
GLW202505090608,高学胜3412*****17179  158****7061  ，	庞君飞	3310*****3142   130****1605，	双方因恋爱时的产生花费产生纠纷。请相关部门跟进关注,消费纠纷,情感纠纷,0.9
GLW202505100001,我是网约车，乘客喝多了不下车。报警人：138****2198 #非警务#纠纷事项#司乘（代驾）问题#报警电话:138****2198,消费纠纷,消费纠纷,0.9
GLW202505100002,滴滴司机不让我下车有纠纷159****3394 #非警务#纠纷事项#司乘（代驾）问题#报警电话:159****3394,消费纠纷,消费纠纷,0.9
GLW202505100003,打了滴滴车，因为绕路，费用问题与司机有纠纷，电话：189****3063 #非警务#纠纷事项#司乘（代驾）问题#报警电话:189****3063,消费纠纷,消费纠纷,0.9
GLW202505100004,乘客报：打了网约车，因为价格问题有纠纷。187****3199 #非警务#纠纷事项#司乘（代驾）问题#报警电话:187****3199,消费纠纷,消费纠纷,0.9
GLW202505100005,秒挂，回拨昨天报过警，我来电找充电宝，昨天的同一个人又骂我，我担心他打我，双方在场。187****5257 #非警务#纠纷事项#其他纠纷事项#报警电话:187****5257,家庭婚姻纠纷,口角琐事纠纷,0.9
GLW202505100006,双方因为移车问题引起纠纷139****9151 #非警务#纠纷事项#其他纠纷事项#报警电话:139****9151,邻里纠纷,其他纠纷,0.9
GLW202505100007,这里有车主故意不挪车，现在产生纠纷，报警人电话：159****0143 #非警务#纠纷事项#其他纠纷事项#报警电话:159****0143,经济纠纷,街面秩序,0.9
GLW202505100008,#长效关注#报警人来电称隔壁装修弄坏我的顶棚，还导致我受伤，我人还好，现双方引起纠纷，需要处理，报警人电话：189****1867 #非警务#纠纷事项#邻里问题#报警电话:189****1867,邻里纠纷,损害赔偿纠纷,0.9
GLW202505100009,我种在田里的玉米被对方的牛吃掉了，对方还说跟他没关系，双方发生纠纷，报警人电话150****6233 #非警务#纠纷事项#其他纠纷事项#报警电话:150****6233,邻里纠纷,损害赔偿纠纷,0.9
GLW202505100010,我的车子在修理厂维修，修理厂给我提供了代步车，现代步车故障了，现修理厂让我赔偿费用，双方引起纠纷，需要处理，报警人电话：190****1329 #非警务#纠纷事项#消费问题#报警电话:190****1329,经济纠纷,消费纠纷,0.9
GLW202505100011,我在这里办的etc卡，但是不能正常使用，现引起纠纷186****9368 #非警务#纠纷事项#消费问题#报警电话:186****9368,消费纠纷,消费纠纷,0.9
GLW202505100012,我这里应聘滴滴司机，我现在不想开了，这里不退定金，引起纠纷。195****6058 #非警务#纠纷事项#其他纠纷事项#报警电话:195****6058,消费纠纷,消费纠纷,0.9
GLW202505100013,有个孩子撞上我，导致手机破损，对方家长不承认，有纠纷186****6973 #非警务#纠纷事项#其他纠纷事项#报警电话:186****6973,其他纠纷,损害赔偿纠纷,0.9
GLW202505100014,快递员报：对方东西没有给我，还投诉我，现在还叫我给钱，有纠纷180****3763 #非警务#纠纷事项#物流（快递）问题#报警电话:180****3763,消费纠纷,消费纠纷,0.9
GLW202505100015,我欠了对方的钱，对方现在想把我的车开走，双方发生纠纷 139****6147 #非警务#纠纷事项#经济（债务）问题#报警电话:139****6147,债务纠纷,债务纠纷,0.9
GLW202505110001,因为工资问题，有一个驾驶员不愿意给我们车钥匙150****1109 #非警务#纠纷事项#劳资问题#报警电话:150****1109,消费纠纷,劳动人事（就业）纠纷,0.9
GLW202505110002,我车子停在有人管理停车场里面被贴了小广场。159****6069 #非警务#纠纷事项#物业管理问题#报警电话:159****6069,经济纠纷,物业管理纠纷,0.9
GLW202505110003,有三个人在我店里要装修工钱，我们已经给装修公司，是装修公司没有给钱。现在在我店里闹事不肯走。报警人电话：152****3520 #非警务#纠纷事项#劳资问题#报警电话:152****3520,消费纠纷,劳动人事（就业）纠纷,0.9
GLW202505110004,#长效关注#邻居把我房客赶走了，发生纠纷。131****3123 #非警务#纠纷事项#邻里问题#报警电话:131****3123,邻里纠纷,邻里纠纷,0.9
GLW202505110005,我车子开出去的时候，停车杆掉下砸我的车玻璃，我车子没事，现在对方物业让我赔钱，现在不让我走。137****5681 #非警务#纠纷事项#物业管理问题#报警电话:137****5681,经济纠纷,经济纠纷,0.9
GLW202505110006,顾客把矿泉水瓶放在我车上，导致车漆受损，139****3559 #非警务#纠纷事项#消费问题#报警电话:139****3559,经济纠纷,消费纠纷,0.9
GLW202505110007,#长效关注#楼上漏水到我家，现在一直联系不上对方。130****5978 #非警务#纠纷事项#邻里问题#报警电话:130****5978,邻里纠纷,邻里纠纷,0.9
GLW202505110008,#长效关注#楼上漏水到我家，现在一直联系不上对方。130****5978 #非警务#纠纷事项#邻里问题#报警电话:130****5978,邻里纠纷,邻里纠纷,0.9
GLW202505110009,我是快递员，收件人需要退货，对方不给取件码还骂人。188****6496 #非警务#纠纷事项#物流（快递）问题#报警电话:188****6496,消费纠纷,消费纠纷,0.9
GLW202505110010,我在这里买到过期变质的蛋糕，引起纠纷，报警人电话：198****0599 #非警务#纠纷事项#消费问题#报警电话:198****0599,消费纠纷,消费纠纷,0.9
GLW202505110011,租客不肯支付水电费，引起纠纷，报警人电话130****7728 #非警务#纠纷事项#租赁问题#报警电话:130****7728,经济纠纷,债务纠纷,0.9
GLW202505110012,租客不肯支付水电费，引起纠纷，报警人电话130****7728 #非警务#纠纷事项#租赁问题#报警电话:130****7728,经济纠纷,其他纠纷,0.9
GLW202505110013,有人欠我工资，我在这里找到了老板的车，需要处理，报警人电话193****0688 #非警务#纠纷事项#劳资问题#报警电话:193****0688,劳动人事（就业）纠纷,劳动人事（就业）纠纷,0.9
GLW202505110014,对方认为我没有礼让，现在引起纠纷，对方一直骂我。155****8302 #非警务#纠纷事项#其他纠纷事项#报警电话:155****8302,交通事故纠纷,口角琐事纠纷,0.9
GLW202505110015,我是顾客，与老板因为榴莲的生熟问题有纠纷151****8058（请分局通知四平台） #非警务#纠纷事项#消费问题#报警电话:151****8058,消费纠纷,消费纠纷,0.9
GLW202505120001,浙BT0020出租车司机报警，和乘客因为价格问题有纠纷，报警人电话155****5465 #非警务#纠纷事项#司乘（代驾）问题#报警电话:155****5465,消费纠纷,消费纠纷,0.9
GLW202505120002,我和同事因工作上的事情有纠纷，具体情况报警人说不清楚，报警电话153****0607 #非警务#纠纷事项#其他纠纷事项#报警电话:153****0607,其他纠纷,劳动人事（就业）纠纷,0.9
GLW202505120003,老板不给我发工资有纠纷，现在双方都在。182****8329 #非警务#纠纷事项#劳资问题#报警电话:182****8329,劳动人事（就业）纠纷,劳动人事（就业）纠纷,0.9
GLW202505120004,报警人系拖车司机，车子到4S店后保险服务人员态度不好，有纠纷，136****8357 #非警务#纠纷事项#消费问题#报警电话:136****8357,经济纠纷,消费纠纷,0.9
GLW202505120005,网拍了一辆车，现在在办理过户，对方不给公司资料，有纠纷，电话：138****1211 #非警务#纠纷事项#消费问题#报警电话:138****1211,经济纠纷,消费纠纷,0.9
GLW202505120006,我租了房子，房东不退钱，有纠纷188****2752 #非警务#纠纷事项#租赁问题#报警电话:188****2752,经济纠纷,消费纠纷,0.9
GLW202505120007,我租房装修了，但是现在三个月不到房东就让我走177****1336 #非警务#纠纷事项#租赁问题#报警电话:177****1336,经济纠纷,房地产纠纷,0.7
GLW202505120008,我在这里修车，三氧催化被老板偷了，对方不承认有纠纷159****3486 #非警务#纠纷事项#消费问题#报警电话:159****3486,经济纠纷,消费纠纷,0.9
GLW202505120009,因为经济纠纷引起吵架。130****2858 #非警务#纠纷事项#经济（债务）问题#报警电话:130****2858,债务纠纷,经济纠纷,0.9
GLW202505120010,我给老板拉货，对方不给运费，需要处理135****6977 #非警务#纠纷事项#物流（快递）问题#报警电话:135****6977,消费纠纷,劳动人事（就业）纠纷,0.9
GLW202505120011,对方不给我运费，有纠纷。177****0043 #非警务#纠纷事项#经济（债务）问题#报警电话:177****0043,消费纠纷,劳动人事（就业）纠纷,0.9
GLW202505120012,有人卖假酒132****3035 #非警务#纠纷事项#消费问题#报警电话:132****3035,消费纠纷,消费纠纷,0.9
GLW202505120013,我在网上购买了两部全新的手机，叫我朋友去海曙都市港湾西南门找对方拿了手机后，交了一万元，发现手机是租赁机。现在想要退钱。报警人电话：158****7071 #非警务#纠纷事项#消费问题#报警电话:158****7071,消费纠纷,消费纠纷,0.9
GLW202505120014,我朋友欠我钱，现在双方在一起，需要调解。134****9306 #非警务#纠纷事项#经济（债务）问题#报警电话:134****9306,债务纠纷,债务纠纷,0.9
GLW202505120015,我买了二手电动平衡车，有质量问题，导致我妹妹摔倒了，对方不愿意赔偿，有纠纷。155****1701 #非警务#纠纷事项#消费问题#报警电话:155****1701,消费纠纷,消费纠纷,0.9
GLW202505120016,我买了二手电动平衡车，有质量问题，导致我妹妹摔倒了，对方不愿意赔偿，有纠纷。155****1701（20:15来电称需要电话联系。） #非警务#纠纷事项#消费问题#报警电话:155****1701,消费纠纷,消费纠纷,0.9
GLW202505120017,我受工伤，老板不赔偿，有纠纷。158****7257 #非警务#纠纷事项#劳资问题#报警电话:158****7257,劳动人事（就业）纠纷,劳动人事（就业）纠纷,0.9
GLW202505120018,我买了酒，服务员称不让退酒有纠纷。158****6605 #非警务#纠纷事项#消费问题#报警电话:158****6605,消费纠纷,消费纠纷,0.9
GLW202505120019,#长效关注#我的邻居经常把车停在线外，我们说了几句，对方就要来打我们。189****3052 #非警务#纠纷事项#邻里问题#报警电话:189****3052,邻里纠纷,邻里纠纷,0.9
GLW202505120020,出租车（浙BT4230）司机来电有个乘客手机坏了付不了钱，有纠纷。131****1518 #非警务#纠纷事项#司乘（代驾）问题#报警电话:131****1518,消费纠纷,消费纠纷,0.9
GLW202505120408,藕池村绿荷苑西18幢106小区居民，因二楼厕所渗漏，造成一楼车棚里面杂物透水！产生口角！-#邻里纠纷#,口角琐事纠纷,邻里纠纷,0.9
GLW202505120506,"2025年5月10日8时16分，接110指令称古林盛垫前虞段三线公交车站，违停纠纷。民警到现场，系报案人周夏琪（3302*****3010，180****9400）与对方协管员杨佳根（4203*****1537，150****8731）因劝离违停车辆产生口角纠纷，后发生推搡，未发生打架，经现场调解，双方认识到自身态度不好，以相互道歉，已握手言和。
",治安隐患纠纷,公共秩序纠纷,0.9
GLW202505120507,"2025年5月10日11时50分，接110指令称古林金龙佳苑1幢6单元504室，停车纠纷，民警到现场，停车问题引起纠纷，后对方（疑似精神有问题，不愿登记身份信息）将其（报案人张美军，4309*****3263，188****5036）的手机不小摔到地上，未损坏，报案人称算了，对方已离开。
",经济纠纷,公共秩序纠纷,0.9
GLW202505120508,"2025年5月10日16时28分，接110指令称宁波西收费站出口，取消ETC纠纷，民警到现场，经了解系其（郝玉洁，2301*****1723，176****2432）觉得办理的ETC不好想退款取消双方（对方杜晶，5113*****4620，188****4698）引起的纠纷，现已协商好会给其取消ETC和办理退款，已没事。
",公共秩序纠纷,消费纠纷,0.9
GLW202505120509,"2025年5月10日19时06分，接110指令称通达路114号，经济纠纷。民警到达现场，系报警人（朱松林，4114*****7015，153****4271）欠对方（高永胜，3412*****8014，159****9015）钱，今天对方来找报警人讨要，报警人称没钱，要用手机抵押，对方就将报警人手机拿走了，非盗窃，现手机已归还，已告知双方经济纠纷走司法程序。
",治安隐患纠纷,债务纠纷,0.9
GLW202505120510,"2025年5月11日3时09分，接110指令称绿荷苑西18-5号，家庭琐事纠纷，民警到现场，老公（身份信息不愿告知）已离开，经了解系夫妻（老婆应秀英，3623*****6181，158****4559）之间因家庭琐事引起的口角纠纷，未发生打架，已没事。
",治安隐患纠纷,家庭婚姻纠纷,0.9
GLW202505120511,"2025年5月11日6时46分，接110指令称施家一村15-57-59，狗被车撞死。民警到现场，系其（金岳智，3302*****7515，131****8919）的狗被路边的汽车撞死了，对方曹泗红，3422*****855X，132****2829误以为狗无狗主人就拿走了被其发现引起纠纷，一场误会，现报案人表示不追究。
",经济纠纷,狗患纠纷,0.9
GLW202505120512,"2025年5月11日6时56分，接110指令称俞家北街766号，停车纠纷，民警到现场，系停车问题双方（报案人汪晟，3302*****7336，130****5077与谢林根，3302*****0018，130****6951）引起的纠纷，现已调解
",公共秩序纠纷,街面秩序,0.9
GLW202505120514,"2025年3月30日13时10分，接110指令称礼嘉桥村267号扬言单挑，要你死我亡。民警到达该人（李国忠，3302*****7538，133****5202）家中。现住：浙江省宁波市海曙区古林镇布政张家潭村西王漕9号，该人不在家里，联系李国忠，其称在外面送货，目前不回来，问其现在在哪里不肯说，之前因扬言已多次到其家中，其拒绝与我所碰面，已对其劝导，让其好好讲话。
",经济纠纷,治安隐患纠纷,0.9
GLW202505120515,"2025-02-25 21:28:11有人报警称：之前我跟对方合伙做生意，对方欠我钱一直不给我，刚才还发信息威胁我说要杀了我。民警到达望春青林闲庭小区门口电瓶车店，了解情况，将报警人带到派出所。经了解系报警人与对方存有经济纠纷，且对方称报警人调戏其女友，威胁报警人，双方于2月24日发生矛盾时事发在白云天景家园，且白云派出所已经在处理了。今天对方发消息给报警人要去报警人店里，拿刀砍其，故报警人报警，现我所大堂民警已与对方沟通，对方已删除言论，其明日来我所制作笔录处理。当事人：刘正斌 5136*****075****57407888 报警人：白兆振 3412*****4011 130****1999。
刘正斌（5136*****0752）与妻子蒋志琴及合伙人白兆振因经济及情感纠纷，自2024年以来共报警8次，其中刘振斌怀疑白兆振与其妻子有染，并伴有持刀、发信息威胁称要弄死白兆振，对妻子有家暴史，蒋志琴曾有跳桥自杀等过激行为，市局先后下发3次预警核查线索，省厅1次，最新一次报警2025年4月3日。请相关部门跟进关注",经济纠纷,债务纠纷,0.9
GLW202505120516,"何娟(4211*****3084)与丈夫钱文成因家庭婚姻情感纠纷自2023年共报警5次，其中男方多次上女方单位闹事，并有过激言论（2025.4），省厅先后3次下发预警核查线索，市局1次。最新一次报警2025年4月17日。
请相关部门跟进关注",治安隐患纠纷,家庭婚姻纠纷,0.9
GLW202505120517,"陈见新（4114*****843X）与女朋友白薇因情感纠纷自2022年以来报警4次，其中双方存在疑似使用车辆冲撞行为（2025.4）、男方扬言持刀杀害对方（2023.8）、女方扬言跳楼（2022.6）等过激行为，市局先后下发2次预警核查线索，最新一次报警2025年4月14日。请相关单位跟进关注
",治安隐患纠纷,情感纠纷,0.9
GLW202505120519,双方因为办理高速etc卡不好使用注销卡号退还金额引起纠纷，经调解，双方在平台上处理好了,消费纠纷,消费纠纷,0.9
GLW202505120522,徐昭剑（手机130****7976）与戴靖峰（手机153****1663）因堵车引起纠纷，戴靖峰已把车开走，已调解,邻里纠纷,街面秩序,0.9
GLW202505130001,浙BD80518吉利故意堵路，车主在现场不肯开走，引起纠纷。199****3670 #非警务#纠纷事项#其他纠纷事项#报警电话:199****3670,经济纠纷,街面秩序,0.9
GLW202505130002,#长效关注#因为有点矛盾，邻居用电瓶车把我的车库门堵住了，双方在一起175****2751 #非警务#纠纷事项#邻里问题#报警电话:175****2751,邻里纠纷,邻里纠纷,0.9
GLW202505130003,#长效关注#因为有点矛盾，邻居用电瓶车把我的车库门堵住了，双方在一起175****2751（辅助下单） #非警务#纠纷事项#邻里问题#报警电话:175****2751,邻里纠纷,邻里纠纷,0.9
GLW202505130004,昨晚晚上被这户人家的狗咬住了，需要对方承担打针的费用，184****9411 #非警务#纠纷事项#经济（债务）问题#报警电话:184****9411,经济纠纷,损害赔偿纠纷,0.9
GLW202505130005,我打了一辆滴滴车，司机走的是高速，对方让我付高速费用，我不付，其就让我下车，引起纠纷195****4050 #非警务#纠纷事项#司乘（代驾）问题#报警电话:195****4050,消费纠纷,消费纠纷,0.9
GLW202505130006,我在路上接了一个电话，有个人说我手机是其的，双方在一起有纠纷。报警人：139****0479 #非警务#纠纷事项#其他纠纷事项#报警电话:139****0479,其他纠纷,其他纠纷,0.9
GLW202505130007,有个不认识的男人不知道什么原因不让我们出去，有纠纷198****3721 #非警务#纠纷事项#其他纠纷事项#报警电话:198****3721,邻里纠纷,其他纠纷,0.9
GLW202505130008,对方工人不给电焊费引起纠纷157****7158 #非警务#纠纷事项#劳资问题#报警电话:157****7158,劳动人事（就业）纠纷,劳动人事（就业）纠纷,0.9
GLW202505130009,老板叫来对方工人干活，对方不会电焊，我们就找了电焊工，因为后其电焊费问题引起纠纷157****7158 #非警务#纠纷事项#其他纠纷事项#报警电话:157****7158,其他纠纷,劳动人事（就业）纠纷,0.9
GLW202505130010,我在这里等了一个小时，工作人员还不给我办业务，引起纠纷156****5130 #非警务#纠纷事项#消费问题#报警电话:156****5130,消费纠纷,消费纠纷,0.9
GLW202505130011,我在这里等了一个小时，工作人员还不给我办业务，引起纠纷156****5130 #非警务#纠纷事项#消费问题#报警电话:156****5130,消费纠纷,消费纠纷,0.9
GLW202505130012,来电称有个女人闹事，租房不租房的，具体没说完挂断，后回拨补充完地址又挂断，请核实，电话:158****2393 #非警务#纠纷事项#租赁问题#报警电话:158****2393,经济纠纷,物业管理纠纷,0.9
GLW202505130013,#长效关注#我自己种的桑叶树被小区的人摘掉了，对方不承认有纠纷133****1501 #非警务#纠纷事项#邻里问题#报警电话:133****1501,邻里纠纷,邻里纠纷,0.9
GLW202505130014,我拉了轮胎，对方不给我运费，具体情况不肯说155****8699 #非警务#纠纷事项#物流（快递）问题#报警电话:155****8699,消费纠纷,消费纠纷,0.9
GLW202505130015,一直争吵中，因为房租的事情，房东和房客有纠纷153****9300 #非警务#纠纷事项#租赁问题#报警电话:153****9300,经济纠纷,其他纠纷,0.9
GLW202505130016,我在这里买了冰糖，冰糖里面有线，商家不承认，158****2003 #非警务#纠纷事项#消费问题#报警电话:158****2003,消费纠纷,消费纠纷,0.9
GLW202505130301,"报警人张可明与张智恺因废品买卖生纠纷，后经我们调解,家里废品事情等他回宁波再处理，双方达成谅解。",消费纠纷,消费纠纷,0.9
GLW202505130302,2025年5月12日22时03分，接110指令称古林方家耷家家福超市对面，家庭纠纷，民警到现场，系（报警人张立平，5135*****6628，153****5895；老公杨正勤，5135*****6619，183****0081）家庭琐事引起纠纷，后双方发生冲突。老公已不在现场，我所民警帮其找老公，将老公带所，报警人朋友会带报警人来所处理。报警人已到所内。经了解，双方因搓麻将的事情引起纠纷，现双方已调解。已开具家暴告诫书。 ,消费纠纷,家庭婚姻纠纷,0.9
GLW202505130304,"""2025年5月11日12时54分，接110指令称对方电瓶车逆行，产生口角纠纷。民警到达现场，系报警人被打了，现已将人带所处理中。现已受案。2025年5月11日12时54分，报案人王龙（男，41岁，安徽省滁州市凤阳县武店镇西圩村小东门队286号）向110报警称：2025年5月11日12时30分许，其驾驶红色货车（车牌号：浙BR0A23）在古林镇古林村中心路147号宁波银行门口时遇到逆向过来的电瓶车（白衣男子驾驶），然后就摆手让对方先过去，突然一个红衣男子拉开其车门说其骂人，其否认骂过人，争执后红衣男子和白衣男子对其进行殴打，接着就互相推搡。
A3302*****25055068（治安涉案未知）王龙，3411*****233X，152****8852  现已调解。""
",治安隐患纠纷,口角琐事纠纷,0.9
GLW202505130305,"2025年5月11日20时12分，接110指令称有吵架声，后称有两个人打架了，民警到现场，报警人（盛松林，3602*****4737，130****1031）与对方（杨方全，5107*****0815，133****0524），因打麻将引起纠纷，后有肢体冲突，现带所处理，现已调解好
",治安隐患纠纷,口角琐事纠纷,0.9
GLW202505130306,"2025年5月11日20时33分，接110指令称维科馨苑门口电话接通后报警人情绪激动，只称被打了一拳，民警到现场，报警人系外卖员（黄孝泉，3602*****6432，195****5092），系保安（卜俊生，2308*****1238，151****3924）和外卖员纠纷，外卖员拿了保安钥匙后发生口角引起误会冲突，带所处理，现双方已调解好了。
",治安隐患纠纷,消费纠纷,0.9
GLW202505130308,对方因手机丢了，跟报警人手机有点像，双方引起纠纷，对方手机就在包里没有丢，已调解,治安隐患纠纷,口角琐事纠纷,0.9
GLW202505130514,#（一件事）矛盾纠纷#占道纠纷 卡车停在道路办事 车门未关紧风把车门吹开 导致路过的轿车刮擦到  引起纠纷,经济纠纷,街面秩序,0.9
GLW202505140002,2025年5月13日22时21分，接110指令称同德路胜德公寓旁边有两个人打架。民警到现场，系两夫妻（潘海兰，3209*****7146，183****2846、周发光，3209*****0110，136****2703）酒喝多了因为乱讲话引起吵架，现已将双方带至所里。现双方已调解，已开具家暴告诫书 。该对夫妻暂住石碶辖区，请流转,治安隐患纠纷,家庭婚姻纠纷,0.9
GLW202505140201,我们有10几个人来这里要工资，需要工作人员处理，报警人电话：159****1159 #非警务#纠纷事项#劳资问题#报警电话:159****1159,劳动人事（就业）纠纷,劳动人事（就业）纠纷,0.9
GLW202505140202,我来讨工资，现在和经理有纠纷，报警人电话137****1426 #非警务#纠纷事项#劳资问题#报警电话:137****1426,劳动人事（就业）纠纷,劳动人事（就业）纠纷,0.9
GLW202505140203,#长效关注#我帮该手机用户报警：两个邻居吵架了，报警人：182****5068 #非警务#纠纷事项#邻里问题#报警电话:182****5068,邻里纠纷,邻里纠纷,0.9
GLW202505140204,因为工程上的事情引起，现客户在这里吵闹，影响我们工作。199****5024 #非警务#纠纷事项#其他纠纷事项#报警电话:199****5024,工程施工纠纷,工程施工纠纷,0.9
GLW202505140205,货拉拉司机称我骂他，产生纠纷。186****2260 #非警务#纠纷事项#其他纠纷事项#报警电话:186****2260,消费纠纷,口角琐事纠纷,0.9
GLW202505140206,对方欠我工资不给我，有纠纷，电话186****5476。 #非警务#纠纷事项#劳资问题#报警电话:186****5476,劳动人事（就业）纠纷,劳动人事（就业）纠纷,0.9
GLW202505140207,有10几个工人在这里讨薪，手上没有工具，工人情绪比较激动，报警人电话：189****6566 #非警务#纠纷事项#劳资问题#报警电话:189****6566,劳动人事（就业）纠纷,劳动人事（就业）纠纷,0.9
GLW202505140208,因为工程上的事情引起，现客户在这里吵闹，影响我们工作。报警人称需要民警过来处理199****5024 #非警务#纠纷事项#其他纠纷事项#报警电话:199****5024,工程施工纠纷,工程施工纠纷,0.9
GLW202505140209,这里房子没有交付，我要进小区，保安不让我进去，引起纠纷。199****5067 #非警务#纠纷事项#物业管理问题#报警电话:199****5067,物业管理纠纷,物业管理纠纷,0.9
GLW202505140210,我上电瓶车时不小心弄倒了旁边的电瓶车导致其车受损，现因赔偿问题与对方协商不下，需要处理，报警人 电话：150****8165 #非警务#纠纷事项#经济（债务）问题#报警电话:150****8165,经济纠纷,损害赔偿纠纷,0.9
GLW202505140211,150****7323：我卖土豆，对方要我把好的土豆当差的土豆的价格卖给他，引起吵架。 #非警务#纠纷事项#消费问题#报警电话:150****7323,消费纠纷,消费纠纷,0.9
GLW202505140212,150****7323：我卖土豆，对方要我把好的土豆当差的土豆的价格卖给他，引起吵架。 #非警务#纠纷事项#消费问题#报警电话:150****7323,消费纠纷,消费纠纷,0.9
GLW202505140213,回拨中与老板因算工资引起纠纷。报警人称会自行来所，请联系报警人188****0240 #非警务#纠纷事项#劳资问题#报警电话:188****0240,劳动人事（就业）纠纷,劳动人事（就业）纠纷,0.9
GLW202505140214,两个不认识的人不知道为什么坐上我的车不下去，需要调解173****4252 #非警务#纠纷事项#其他纠纷事项#报警电话:173****4252,消费纠纷,其他纠纷,0.9
GLW202505140215,对方在我家门口停车，还要跟我吵架，双方在一起，需要处理132****5397 #非警务#纠纷事项#其他纠纷事项#报警电话:132****5397,邻里纠纷,邻里纠纷,0.9
GLW202505140301,#邻里纠纷#因为露天撒尿，邻居间发生矛盾，请镇矛盾调解。,邻里纠纷,邻里纠纷,0.9
GLW202505140405,"#劳动争议纠纷#市民来电反映劳动合同纠纷问题
(新就业群体)市民在(海曙区通达路客运中心旁)小象超市租赁电瓶车跑外卖，反映门店虚假招工宣传4.5元/单，但实际只有2元/单，并且诱导市民租赁电瓶车跑外卖，市民租期2个月，门店擅自开通了12期贷款，市民不认可，和网格员反映情况，要求职能部门查处门店虚假招工的行为。",公共秩序纠纷,劳动人事（就业）纠纷,0.9
GLW202505150001,蜃蛟村寺庙凌晨做佛事喇叭声音非常大，附近居民报警扰民。后经我们出警劝说寺院负责人将音响关毕以免影响附近居民休息。,邻里纠纷,噪声污染,0.9
GLW202505150002,2025年5月15日2时19分，接110指令称礼嘉桥牌楼1号，母子因琐事发生纠纷。民警到达现场，系（张青青，3412*****4024，132****5325）（刘子俊，3412*****4019，178****7287）母子二人因家里琐事发生口角，后刘子俊推了其母亲，现已对刘子俊开具家暴告诫书。 ,公共秩序纠纷,口角琐事纠纷,0.9
GLW202505150010,金色漂染厂因为工作问题产生纠纷，后拉扯。经现场调解后移交厂里自行解决，双方无异议,其他纠纷,劳动人事（就业）纠纷,0.9
GLW202505150011,修车漏油弄脏地面产生纠纷，经调解后把地擦干净，双方和解。,交通事故纠纷,环保纠纷,0.9
GLW202505150501,我在这停了10几分钟，因为停车费用的问题，引起纠纷。187****9618 #非警务#纠纷事项#消费问题#报警电话:187****9618,经济纠纷,消费纠纷,0.9
GLW202505150502,保安说我逃票，现不让我出去，后挂断。回拨称因为停车费用问题，引起纠纷。139****3938 #非警务#纠纷事项#消费问题#报警电话:139****3938,消费纠纷,消费纠纷,0.9
GLW202505150503,我们来这里干活，工时和工钱与说好的不一致，引起纠纷。报警人电话：133****4272 #非警务#纠纷事项#劳资问题#报警电话:133****4272,劳动人事（就业）纠纷,劳动人事（就业）纠纷,0.9
GLW202505150504,我们七个人过来讨薪，有纠纷156****9339 #非警务#纠纷事项#劳资问题#报警电话:156****9339,劳动人事（就业）纠纷,劳动人事（就业）纠纷,0.9
GLW202505150505,我们七个人过来讨薪，有纠纷156****9339 #非警务#纠纷事项#劳资问题#报警电话:156****9339,劳动人事（就业）纠纷,劳动人事（就业）纠纷,0.9
GLW202505150506,我要不到工资，需要调解。188****9802 #非警务#纠纷事项#劳资问题#报警电话:188****9802,劳动人事（就业）纠纷,劳动人事（就业）纠纷,0.9
GLW202505150507,有人租我们公司电池不换，现因为电池问题，保安不让我拿走，引起纠纷。159****6868 #非警务#纠纷事项#物业管理问题#报警电话:159****6868,经济纠纷,消费纠纷,0.9
GLW202505150508,因为查监控的事情我和物业有纠纷，需要帮助。139****6158 #非警务#纠纷事项#物业管理问题#报警电话:139****6158,物业管理纠纷,物业管理纠纷,0.9
GLW202505150509,我是维修工作人员，现在维修完成之后，对方不肯付钱，引起纠纷158****3209 #非警务#纠纷事项#消费问题#报警电话:158****3209,经济纠纷,消费纠纷,0.9
GLW202505150510,我是寄卖的，现在准备过户， 买家要求降价，现在对方把我车子扣下了有纠纷，156****3683 #非警务#纠纷事项#租赁问题#报警电话:156****3683,经济纠纷,消费纠纷,0.9
GLW202505150511,我是寄卖的，现在准备过户， 买家要求降价，现在对方把我车子扣下了有纠纷，156****3683 #非警务#纠纷事项#租赁问题#报警电话:156****3683,经济纠纷,消费纠纷,0.9
GLW202505150512,我本来找司机回老家，预付了400元，现我不要坐车了，对方说这钱是押金，不退我钱。189****4035 #非警务#纠纷事项#经济（债务）问题#报警电话:189****4035,经济纠纷,消费纠纷,0.9
GLW202505150513,有辆车漏油，把我们小区里的地面弄脏了，洗不掉因为赔偿问题产生纠纷，双方在一起，报警人158****3800 #非警务#纠纷事项#其他纠纷事项#报警电话:158****3800,经济纠纷,损害赔偿纠纷,0.9
GLW202505150514,这里的消防栓坏了，一直在喷水。189****7115 #非警务#纠纷事项#其他纠纷事项#报警电话:189****7115,其他纠纷,FAILED,0.0
GLW202505150515,房东私自把锁换了，有纠纷150****7444 #非警务#纠纷事项#租赁问题#报警电话:150****7444,经济纠纷,其他纠纷,0.9
GLW202505150516,我装修房子的时候把装修费都给过装修公司，现装修员工没拿到工资，现找到我家来不肯走，报警人电话：173****5386 #非警务#纠纷事项#经济（债务）问题#报警电话:173****5386,劳动人事（就业）纠纷,劳动人事（就业）纠纷,0.9
GLW202505150517,我买到有异味的肉，现商家不让我退，引起纠纷，报警人电话：186****6290. #非警务#纠纷事项#消费问题#报警电话:186****6290,消费纠纷,消费纠纷,0.9
GLW202505150518,因经济问题，对方跑到我家里来吵架，报警人电话：176****0980 #非警务#纠纷事项#经济（债务）问题#报警电话:176****0980,家庭婚姻纠纷,债务纠纷,0.9
GLW202505160001,我是代驾，司机不肯付钱，引起纠纷。178****2560 #非警务#纠纷事项#司乘（代驾）问题#报警电话:178****2560,消费纠纷,消费纠纷,0.9
GLW202505160002,"#长效关注#我（15岁）和父母有纠纷，需要帮助。158****3760
报警人一直在哭，情绪激动。 #非警务#纠纷事项#家庭婚姻感情问题#报警电话:158****3760",家庭婚姻纠纷,家庭婚姻纠纷,0.9
GLW202505160003,之前我和对方有纠纷，现在对方又来找我吵架，联系电话188****8827 #非警务#纠纷事项#其他纠纷事项#报警电话:188****8827,邻里纠纷,口角琐事纠纷,0.9
GLW202505160004,我帮老板在酒店搞装修，公司称把工资钱给了老板，但是老板没有给我们 ，也找不到人，我们现在在这里，需要处理。150****8030 #非警务#纠纷事项#劳资问题#报警电话:150****8030,劳动人事（就业）纠纷,劳动人事（就业）纠纷,0.9
GLW202505160005,市场保安说我车辆乱停给我贴了违章单，有纠纷。188****1330 #非警务#纠纷事项#物业管理问题#报警电话:188****1330,经济纠纷,物业管理纠纷,0.9
GLW202505160006,租赁车辆，还车时对方把押金扣完了，现在双方在一起有纠纷需要处理。150****1781 #非警务#纠纷事项#租赁问题#报警电话:150****1781,经济纠纷,消费纠纷,0.9
GLW202505160007,我今天来提车，现在要加价才能提，需要处理187****6126 #非警务#纠纷事项#消费问题#报警电话:187****6126,经济纠纷,消费纠纷,0.9
GLW202505160008,出租车（浙BT0892）司机报：因为车费问题引发纠纷159****3160 #非警务#纠纷事项#司乘（代驾）问题#报警电话:159****3160,消费纠纷,消费纠纷,0.9
GLW202505160009,我是客人，和商家有纠纷，因为买了3台空调保修1年，现在坏了不肯维修156****0935 #非警务#纠纷事项#消费问题#报警电话:156****0935,消费纠纷,消费纠纷,0.9
GLW202505160010,我之前订了车，现拿车时发现车漆有问题，但对方不肯退定金，起纠纷。报警人：134****0992 #非警务#纠纷事项#消费问题#报警电话:134****0992,经济纠纷,消费纠纷,0.9
GLW202505160011,"跑网约车付了200元服务费,我现在不想跑了,来退车,对方不同意,要求我赔付违约金132****0364 #非警务#纠纷事项#物流（快递）问题#报警电话:132****0364",消费纠纷,消费纠纷,0.9
GLW202505160012,我之前订了车，现拿车时发现车漆有问题，但对方不肯退定金，起纠纷。报警人：134****0992 #非警务#纠纷事项#消费问题#报警电话:134****0992,经济纠纷,消费纠纷,0.9
GLW202505160013,宾馆工作人员来电：顾客不付房费但是赖着不走，来电需要处理。178****6771 #非警务#纠纷事项#消费问题#报警电话:178****6771,消费纠纷,消费纠纷,0.9
GLW202505160014,155****9869，我们来干活，老板说我们吃饭慢还嫌我们干活不利索，现在有纠纷 #非警务#纠纷事项#劳资问题#报警电话:155****9869,劳动人事（就业）纠纷,劳动人事（就业）纠纷,0.9
GLW202505160015,5月11号，有人在我这推销一批假的槟榔，现在联系不上对方，187****7645 #非警务#纠纷事项#消费问题#报警电话:187****7645,消费纠纷,消费纠纷,0.9
GLW202505160016,老板给我发的工资不对，现报警人在公司门口，报警人称自己手机欠费，街道人员可以直接到现场137****2214 #非警务#纠纷事项#劳资问题#报警电话:137****2214,劳动人事（就业）纠纷,劳动人事（就业）纠纷,0.9
GLW202505160017,辅助单：老板给我发的工资不对，现报警人在公司门口，报警人称自己手机欠费，街道人员可以直接到现场137****2214 #非警务#纠纷事项#劳资问题#报警电话:137****2214,劳动人事（就业）纠纷,劳动人事（就业）纠纷,0.9
GLW202505160018,与网约车司机发生口角，对方踹我一脚后跑了135****2597 #非警务#纠纷事项#司乘（代驾）问题#报警电话:135****2597,消费纠纷,口角琐事纠纷,0.9
GLW202505160019,有两辆挂车（车牌号说不清楚）把我们车堵住了，对方车主在现场不肯移。报警人电话：183****5233 #非警务#纠纷事项#其他纠纷事项#报警电话:183****5233,交通事故纠纷,街面秩序,0.9
GLW202505160020,我在网上卖二手摩托车，卖家没给我钱，就想让货拉拉司机把车拉走，现我跟货拉拉司机因卸货问题有纠纷。166****4088 #非警务#纠纷事项#经济（债务）问题#报警电话:166****4088,消费纠纷,消费纠纷,0.9
GLW202505160106,#邻里纠纷#两村民因蔬菜种植土地位置发生口角，请村里处理,口角琐事纠纷,土地森林草场水利等纠纷,0.9
GLW202505160207,#邻里纠纷#在古林南街6号，6号的一家后面有点空地，他用一堆旧的轻质砖围起来了，有60到70厘米高，对邻居有影响，造成邻里纠纷，请调解！,公共秩序纠纷,邻里纠纷,0.9
GLW202505160208,在古林镇布政新村87幢404室里，蒲彬和罗中杰因生活琐事发生口角纠纷，后双发发展肢体冲突，造成蒲彬左手臂轻微受伤，请上级部门协助调解,经济纠纷,口角琐事纠纷,0.9
GLW202505160502,2025年5月15日19时38分，接110指令称老公用手打我。民警到达现场，夫妻（报警人杨金芝，4331*****8726，152****4307；男方彭志发，4331*****9110，138****8779）情感纠纷引起吵架后发展成肢体冲突，现场有刀，但没有拿刀。现已将人带所里处理中。现已调解，并对彭志发开具家暴告诫书。 ,治安隐患纠纷,情感纠纷,0.9
GLW202505160503,"靳玉芝 4127*****1048 184****8828 王华女 3621*****2329 178****1193  
两个职工为了产品引起纠纷，打架",治安隐患纠纷,劳动人事（就业）纠纷,0.9
GLW202505160506,"靳玉芝 4127*****1048 184****8828 王华女 3621*****2329 178****1193  
两个职工为了产品引起纠纷，打架经过我们调解，双方没有伤势，已握手言和",经济纠纷,劳动人事（就业）纠纷,0.9
GLW202505160507,"2025年5月15日0时46分，接110指令称杉杉路88号空港物流门口，打台球引起纠纷。民警到达现场，系（张馨，4308*****1319，150****5191）（闫志成，3413*****7913，193****5590）同事之间因打台球发生口角，未打架，现已调解好。
",治安隐患纠纷,口角琐事纠纷,0.9
GLW202505160510,"2025年5月15日15时05分，接110指令称市民来电反映2020年开始被冒名顶替注册了浙江海程区块链技术有限公司（宁波市海曙区通达路550-1号），且市民因为这家公司被拉入了黑名单，影响市民的正常生活，市民不认可，经核实该报警人为（陈浩，身份证：2302*****5635，手机号：130****0888），目前暂住：浙江省宁波市慈溪市浒山街道新江路680号金海湾公寓1205，其反映的事情在3月20日时已给过报警人答复，告知可走司法途径。今日其再次报警，慈溪浒山派出所已出警和其碰面，其反映自己本人身份证被盗用，被注册为公司法人，该公司监事（被顶替注册）跳楼正在抢救中，监事的父母表示会来宁波把市场监督管理局的工作人员杀掉，监事的父母目前人在东北。后续我所关注。
",治安隐患纠纷,其他纠纷,0.9
GLW202505160512,"2025年5月16日0时50分，接110指令称这里有4个人打1个人，民警到现场，在顺丰工业园区1号仓库后面，报警人（朱云超，5204*****2839，181****0275），经了解（卢家森，3424*****6599，186****8137）与（张志豪，5113*****6311，133****3697）（李自洋，5002*****7353，183****6848）（谭春发，5002*****5257，153****7331）（赵拥建，3422*****1119，173****7357）因工作原因发生冲突，双方发生肢体冲突，后双方称会自行协商处理，不需要公安机关处理了
",治安隐患纠纷,劳动人事（就业）纠纷,0.9
GLW202505170001,有人欠钱不还，有纠纷。186****1667 #非警务#纠纷事项#经济（债务）问题#报警电话:186****1667,债务纠纷,债务纠纷,0.9
GLW202505170002,我是网约车司机，乘客踹我车门，需要处理。185****7880 #非警务#纠纷事项#司乘（代驾）问题#报警电话:185****7880,消费纠纷,消费纠纷,0.9
GLW202505170003,我买酒使用1角钱硬币，老板不让我用，引起纠纷。137****7026 #非警务#纠纷事项#消费问题#报警电话:137****7026,消费纠纷,消费纠纷,0.9
GLW202505170004,租房的人房租没有交，现在联系不上对方。130****5608 #非警务#纠纷事项#租赁问题#报警电话:130****5608,经济纠纷,债务纠纷,0.9
GLW202505170005,199****6051租客来电房东不退押金，人在现场，有纠纷 #非警务#纠纷事项#租赁问题#报警电话:199****6051,经济纠纷,消费纠纷,0.9
GLW202505170006,对方上门装宽带，还有验证码，怀疑有问题，双方在一起有纠纷，需要调解135****7353 #非警务#纠纷事项#其他纠纷事项#报警电话:135****7353,其他纠纷,消费纠纷,0.9
GLW202505170007,有两个催债的人上门，报警人电话：130****9837 #非警务#纠纷事项#经济（债务）问题#报警电话:130****9837,债务纠纷,债务纠纷,0.9
GLW202505170008,外卖员报：因为买的东西退款有纠纷199****7776 #非警务#纠纷事项#消费问题#报警电话:199****7776,消费纠纷,消费纠纷,0.9
GLW202505170009,我找到拖欠我车辆维修的人了，现在对方躲在家里不肯开门，需要处理      158****5836 #非警务#纠纷事项#消费问题#报警电话:158****5836,经济纠纷,消费纠纷,0.9
GLW202505170010,我住在这里的酒店，因为垃圾清理不到位，我要退房，退房费有纠纷，电话189****1291 #非警务#纠纷事项#消费问题#报警电话:189****1291,消费纠纷,消费纠纷,0.9
GLW202505170011,因为货品的问题和客户有纠纷189****7778 #非警务#纠纷事项#经济（债务）问题#报警电话:189****7778,消费纠纷,消费纠纷,0.9
GLW202505170012,#长效关注#138****1527报：邻居占用我的私人车位，我在他家门口，他不肯移走引起纠纷 #非警务#纠纷事项#邻里问题#报警电话:138****1527,邻里纠纷,邻里纠纷,0.9
GLW202505170013,我孙子偷了我的钱买了320元的玩具，现在玩具店的店主不肯退引起纠纷。186****3679 #非警务#纠纷事项#消费问题#报警电话:186****3679,消费纠纷,消费纠纷,0.9
GLW202505170014,辅助：因为货品的问题和客户有纠纷189****7778，称现在对方又来了 #非警务#纠纷事项#经济（债务）问题#报警电话:189****7778,消费纠纷,消费纠纷,0.9
GLW202505170015,我儿子去年12月的工资还没有要到，我在儿子干活的地点等。188****1253 #非警务#纠纷事项#劳资问题#报警电话:188****1253,劳动人事（就业）纠纷,劳动人事（就业）纠纷,0.9
GLW202505170016,今天下午4：40我孩子（7岁）自己在游乐场玩耍时摔跤导致骨折，现在我要求对方赔偿，游乐场老板说不是他们的责任，现有纠纷，183****9606 #非警务#纠纷事项#经济（债务）问题#报警电话:183****9606,经济纠纷,消费纠纷,0.9
GLW202505170017,物业管理来电：业主拨我开水，业主坐在保安室，我提醒他这里不能一直坐着，不需要120，都在现场181****1889 #非警务#纠纷事项#物业管理问题#报警电话:181****1889,物业管理纠纷,口角琐事纠纷,0.9
GLW202505180001,滴滴司机来电：乘客吐车上了，双方协商不下，来电需要处理。183****5143 #非警务#纠纷事项#司乘（代驾）问题#报警电话:183****5143,消费纠纷,消费纠纷,0.9
GLW202505180002,租客报警，我被房东说不租房了，房东半夜私自开我们房门引起纠纷，182****6291 #非警务#纠纷事项#租赁问题#报警电话:182****6291,经济纠纷,物业管理纠纷,0.9
GLW202505180003,房东因为租金的问题，现在不让我儿子和老婆（电话185****0416）走，双方产生纠纷，报警人电话198****4831 #非警务#纠纷事项#租赁问题#报警电话:198****4831,经济纠纷,其他纠纷,0.9
GLW202505180004,邻居家的狗把我家老公咬了，现因赔偿问题，引起纠纷，报警人：150****7980 #非警务#纠纷事项#经济（债务）问题#报警电话:150****7980,经济纠纷,损害赔偿纠纷,0.9
GLW202505180005,我在这家4s店交了定金，但没有开票据，今天我来贴膜，现在商家无法保证能帮我贴好，不肯退我押金，产生纠纷，双方在一起156****0234 #非警务#纠纷事项#消费问题#报警电话:156****0234,经济纠纷,消费纠纷,0.9
GLW202505180006,我是租客，二房东跑路了，联系不上，现在我在租的房子里面，需要处理。173****4296 #非警务#纠纷事项#租赁问题#报警电话:173****4296,经济纠纷,其他纠纷,0.9
GLW202505180007,"我在这里租的电车，现在因为退车问题，引起纠纷。193****3986（报警人从修理厂跑到二手车店报警，店铺地址又不知道，告知弄清楚再来电）（576891高桥反馈：双方签合同是在途众二手车市场，目前报警人就在途众二手车，属于古林）
重复报警:报警时间:2025-05-18 15:21:47, 报警电话:193****3986, 联系电话:193****3986, 报警内容:报警人跑到二手车店报警，地址报不出来，告知弄清楚再来电3302*****00395
重复报警:报警时间:2025-05-18 13:18:49, 报警电话:193****3986, 联系电话:193****3986, 报警内容:我在这里租的电车，现在因为退车问题，引起纠纷。193****3986，3302*****00395 #非警务#纠纷事项#租赁问题#报警电话:193****3986",经济纠纷,消费纠纷,0.9
GLW202505180008,因买电瓶车价格问题引起，与商家有纠纷，电话188****9897 #非警务#纠纷事项#消费问题#报警电话:188****9897,消费纠纷,消费纠纷,0.9
GLW202505180009,#长效关注#亲戚因为一些矛盾一直敲我家门，报警人：133****6135 #非警务#纠纷事项#家庭婚姻感情问题#报警电话:133****6135,家庭婚姻纠纷,家庭婚姻纠纷,0.9
GLW202505180010,133****1656：我买的电瓶车配件不是全新的，老板说是新的，有纠纷 #非警务#纠纷事项#消费问题#报警电话:133****1656,消费纠纷,消费纠纷,0.9
GLW202505180011,我从杭州打车到宁波，费用高的离谱引起纠纷138****0318 #非警务#纠纷事项#司乘（代驾）问题#报警电话:138****0318,消费纠纷,消费纠纷,0.9
GLW202505180012,网约车（浙A.BM7965)司机报：乘客从杭州打车来这里，现在不肯支付返程的费用，双方有纠纷134****4866 #非警务#纠纷事项#司乘（代驾）问题#报警电话:134****4866,消费纠纷,消费纠纷,0.9
GLW202505180013,我从杭州打车到宁波，费用高的离谱引起纠纷138****0318(来电催促)（辅助） #非警务#纠纷事项#司乘（代驾）问题#报警电话:138****0318,消费纠纷,消费纠纷,0.9
GLW202505190001,领导要开除我们，双方有纠纷  159****0311 #非警务#纠纷事项#劳资问题#报警电话:159****0311,劳动人事（就业）纠纷,劳动人事（就业）纠纷,0.9
GLW202505190002,我从这里路过，有个人的手不小心碰到了我的脸，因此吵架了，电话182****8803 #非警务#纠纷事项#其他纠纷事项#报警电话:182****8803,口角琐事纠纷,口角琐事纠纷,0.9
GLW202505190003,我买了瑜伽活动卡，我现在来不了，店家不肯退款，引起纠纷。186****4561 #非警务#纠纷事项#消费问题#报警电话:186****4561,消费纠纷,消费纠纷,0.9
GLW202505190004,我送货到这里，老板不给我运费，双方协商不下，我不卸货了。138****7906 #非警务#纠纷事项#物流（快递）问题#报警电话:138****7906,消费纠纷,劳动人事（就业）纠纷,0.9
GLW202505190005,因为租房押金问题有纠纷150****8349 #非警务#纠纷事项#租赁问题#报警电话:150****8349,经济纠纷,消费纠纷,0.9
GLW202505190006,我进小区，物业把我东西扣了。177****6712 #非警务#纠纷事项#物业管理问题#报警电话:177****6712,物业管理纠纷,物业管理纠纷,0.9
GLW202505190007,这里总是有很多小溜自行车停在我们村里路上，影响我们正常生活和通行，联系小溜客服电话打不通。130****5119 #非警务#纠纷事项#其他纠纷事项#报警电话:130****5119,邻里纠纷,街面秩序,0.9
GLW202505190008,因为买二手车的事情起纠纷，139****4442 #非警务#纠纷事项#消费问题#报警电话:139****4442,经济纠纷,消费纠纷,0.9
GLW202505190009,昨天我在网上找了一家物流公司（鲲鹏物流），对方叫滴滴车把我的货拉走了，现我钱已经付给对方，对方一直不给我单号，也不愿意将货物送回，有纠纷，电话：189****1984 #非警务#纠纷事项#物流（快递）问题#报警电话:189****1984,消费纠纷,消费纠纷,0.9
GLW202505190010,因为买二手车的事情起纠纷，139****4442（14:44来电催促） #非警务#纠纷事项#消费问题#报警电话:139****4442,经济纠纷,消费纠纷,0.9
GLW202505190011,我租了一辆车，说好能跑300公里，现在公里数没开到，还叫我开到其他地方去，双方协商不下。180****4386 #非警务#纠纷事项#租赁问题#报警电话:180****4386,经济纠纷,消费纠纷,0.9
GLW202505190012,因为租房问题与房东发生纠纷。182****5759 #非警务#纠纷事项#租赁问题#报警电话:182****5759,经济纠纷,房地产纠纷,0.9
GLW202505190013,我在这里租车，现在要退车，现在租车公司收费不合理。197****8777 #非警务#纠纷事项#租赁问题#报警电话:197****8777,经济纠纷,消费纠纷,0.9
GLW202505190014,车子贴膜，因为价格问题，有纠纷。158****2932 #非警务#纠纷事项#消费问题#报警电话:158****2932,消费纠纷,消费纠纷,0.9
GLW202505190015,我租车，公司不肯退我押金，有纠纷。183****3833 #非警务#纠纷事项#租赁问题#报警电话:183****3833,经济纠纷,消费纠纷,0.9
GLW202505190016,工作人员没有经过我的同意给我办了卡，产生纠纷，报警人电话：139****5911 #非警务#纠纷事项#消费问题#报警电话:139****5911,消费纠纷,消费纠纷,0.9
GLW202505190017,出租车司机报警称：乘客喝多了吐在我车上需要赔偿，有纠纷，电话157****7520。 #非警务#纠纷事项#司乘（代驾）问题#报警电话:157****7520,消费纠纷,消费纠纷,0.9
GLW202505190018,吐脏车子，引起纠纷。150****2741 #非警务#纠纷事项#司乘（代驾）问题#报警电话:150****2741,消费纠纷,其他纠纷,0.9
GLW202505190019,老板结工资结一半，双方引起纠纷。报警人：152****2921 #非警务#纠纷事项#劳资问题#报警电话:152****2921,劳动人事（就业）纠纷,劳动人事（就业）纠纷,0.9
GLW202505190020,我车子停了一下，店老板说我堵住门了，拦着我不让走。153****7552 #非警务#纠纷事项#其他纠纷事项#报警电话:153****7552,经济纠纷,街面秩序,0.9
GLW202505190021,打了一辆网约车，吐脏车子，引起纠纷。150****2741 #非警务#纠纷事项#司乘（代驾）问题#报警电话:150****2741,消费纠纷,消费纠纷,0.9
GLW202505190108,在古林镇薛家南路652号海月甲第小区大门口处，小区业主裘列敏与陈大茂因5幢地下车库安装电瓶车充电桩之事与物业经理李永强发生口角纠纷，后互相拉扯。需相关部门处理,公共秩序纠纷,物业管理纠纷,0.9
GLW202505190203,枫园社区八网格上报，在薛家南路沿线靠近水岸枫情一期4幢处十字路口对面，有一烧烤摊在晚上播放音响噪音扰民引起居民矛盾，需要公安相关部门协助处理。-#矛调类其他#,邻里纠纷,噪声污染,0.9
GLW202505190220,#邻里纠纷#两村民因垃圾乱堆放发生口角，请村里处理,口角琐事纠纷,公共秩序纠纷,0.9
GLW202505190409,在古林镇布政村宁波市海曙宏成制衣厂车间里，外加工人田军华因工资被中间人扣压而向厂老板张笛讨要双方发生争执，后田军华随手拿车间内桌子上的小剪刀吓唬张笛，请上级部门协助处理。,土地森林草场水利等纠纷,劳动人事（就业）纠纷,0.9
GLW202505190501,2025年5月18日20时28分，接110指令称地图定位：古林华堂嘉园旁（薛家新家园16幢3楼302室），争吵声，说有人要跳楼，后挂断回拨停机。民警到达现场，系（杜萍萍，3421*****7422，183****4975）（乔同刚，3412*****5216，139****2433）夫妻之间家庭琐事发生口角，导致乔同刚打了杜萍萍，导致杜萍萍右脸被划，右手臂变肿，没有跳楼情况，现双方带所调解中。已开具家暴告诫书。 后续请妇联关注跟进,治安隐患纠纷,家庭婚姻纠纷,0.9
GLW202505190502,"2025年5月16日13时25分，接110指令称古林施家新村41号棋牌室，因打麻将引起的打架。民警到现场，（报警人单明宏，3302*****7518，139****3755；对方石中卫，3302*****7535，138****8238）系打麻将问题引起纠纷，后对方打了报警人头部，无明显伤，经民警现场调解，对方赔偿报警人2000元医药费，已没事。
",经济纠纷,治安隐患纠纷,0.9
GLW202505190503,"2025年5月16日14时16分，接110指令称隔壁公司的人未经同意拿走了我们的物料。民警到现场，（报警人杨靖波，4508*****1192，152****8022，对方马文博，6205*****0176，137****3657）系对方拿错了，经处理，双方的东西各自拿走，已没事。
",其他纠纷,经济纠纷,0.9
GLW202505190504,"2025年5月16日17时02分，接110指令称蜃蛟小学门口，债务纠纷。民警到现场，系（报警人于雅萍，3302*****3021，158****8249；对方张瑞，5002*****1818,183****7168）对方问其要钱引起纠纷，现场调解不下，双方自行来所处理。现双方已调解。
",公共秩序纠纷,债务纠纷,0.9
GLW202505190505,"2025年5月16日21时00分，接110指令称藕池恒家15幢，车棚里面有外来人员居住，影响我们正常生活，电话中有争吵声。民警到现场，报警人（王磊，3306*****0397，158****0680）将车辆停在对方（洪炎田，3623*****6358,158****1980）车库门口导致对方无法进出引起的纠纷，现车已挪开，没事了。
",公共秩序纠纷,街面秩序,0.9
GLW202505190506,"2025年5月16日21时22分，接110指令称科创南路167号铁州快运，打架。民警到现场，双方（报警人龚小龙，5107*****0830，180****5052；对方周玉城，3421*****0612，185****8999）因运费问题引起纠纷，后发展成肢体冲突，无明显伤，已带所处理。
",经济纠纷,消费纠纷,0.9
GLW202505190507,"2025年5月16日22时22分，接110指令称古林嘉丽丝公寓321宿舍抽烟纠纷。民警到现场，系（报警人安德夫，3708*****4735，181****3153；对方张永臣，2310*****0018,150****6624）因在宿舍抽烟引起纠纷，后双方发生肢体冲突，现报警人已去医院看医生，对方带所处理。
",治安隐患纠纷,公共秩序纠纷,0.9
GLW202505190508,"2025年5月16日22时27分，接110指令称聚才路荣归（音译）物流，打架。民警到现场，双方（报警人陈世均，5107*****0813，139****4600；对方孙向向，4114*****5556，158****1263）因工作问题发生争吵，后发展成肢体冲突，未发现明显伤势，已带回所处理。
",经济纠纷,劳动人事（就业）纠纷,0.9
GLW202505190509,"2025年5月16日22时35分，接110指令称求精路1010号顺丰快递里面装货场地，打架。民警到现场，双方（报警人张顺仪，5306*****0716，185****5325；对方逯胜廷，4113*****3310，130****6996）因行车问题引起的肢体冲突，未发现明显伤势，已带所处理。现已调解。
",经济纠纷,公共秩序纠纷,0.9
GLW202505200001,浙BT1195出租车司机报警，乘客不付车费，引起纠纷。134****6058 #非警务#纠纷事项#司乘（代驾）问题#报警电话:134****6058,消费纠纷,消费纠纷,0.9
GLW202505200002,报警人来电称因为车费原因与司机协商不下，现有纠纷需要处理，报警人电话：137****1192 #非警务#纠纷事项#司乘（代驾）问题#报警电话:137****1192,消费纠纷,消费纠纷,0.9
GLW202505200003,门禁自动关门时夹到我的手，保安还不理我131****5576 #非警务#纠纷事项#物业管理问题#报警电话:131****5576,消费纠纷,物业管理纠纷,0.9
GLW202505200004,#长效关注#我的钱被女儿拿走了，我被女婿赶出了家。说着说着挂断，请联系其电话再处理。177****2061 #非警务#纠纷事项#家庭婚姻感情问题#报警电话:177****2061,家庭婚姻纠纷,家庭婚姻纠纷,0.9
GLW202505200005,#长效关注#辅助：我的钱被女儿拿走了，我被女婿赶出了家。说着说着挂断，请联系其电话再处理。177****2061（催促，请联系） #非警务#纠纷事项#家庭婚姻感情问题#报警电话:177****2061,家庭婚姻纠纷,家庭婚姻纠纷,0.9
GLW202505200006,以前打牌欠了对方钱，现在他拦着不让我走，186****6906 #非警务#纠纷事项#经济（债务）问题#报警电话:186****6906,债务纠纷,债务纠纷,0.9
GLW202505200007,司机报警：把货送到这里后老板让我卸货，我不卸货对方把货压在这里，需要调解135****0808 #非警务#纠纷事项#物流（快递）问题#报警电话:135****0808,消费纠纷,消费纠纷,0.9
GLW202505200008,工作人员加错油有纠纷159****3244 #非警务#纠纷事项#消费问题#报警电话:159****3244,经济纠纷,消费纠纷,0.9
GLW202505200009,我是卖水泥的，该店老板欠我钱，（店名无）现在找不到对方老板，现在我在他店里，和店里的员工有纠纷159****3956 #非警务#纠纷事项#经济（债务）问题#报警电话:159****3956,债务纠纷,债务纠纷,0.9
GLW202505200010,因工资拿不到发生纠纷135****3983 #非警务#纠纷事项#劳资问题#报警电话:135****3983,劳动人事（就业）纠纷,劳动人事（就业）纠纷,0.9
GLW202505200011,我们在工地上干活，对方未给我们工资，182****3100 #非警务#纠纷事项#劳资问题#报警电话:182****3100,劳动人事（就业）纠纷,劳动人事（就业）纠纷,0.9
GLW202505200012,我是租客，房东卖了房子，押金给我退少了有纠纷183****2199 #非警务#纠纷事项#租赁问题#报警电话:183****2199,经济纠纷,消费纠纷,0.9
GLW202505200013,我在这里上班受了工伤这边不处理，报警人号码159****5675 #非警务#纠纷事项#劳资问题#报警电话:159****5675,劳动人事（就业）纠纷,劳动人事（就业）纠纷,0.9
GLW202505200014,对方没付我工资，有纠纷155****8835 #非警务#纠纷事项#劳资问题#报警电话:155****8835,劳动人事（就业）纠纷,劳动人事（就业）纠纷,0.9
GLW202505200015,我叔叔在工地上摔倒了，工地负责人不管，有纠纷。152****7891 #非警务#纠纷事项#劳资问题#报警电话:152****7891,劳动人事（就业）纠纷,劳动人事（就业）纠纷,0.9
GLW202505200016,有个人停车不付钱。报警电话：138****5700 #非警务#纠纷事项#消费问题#报警电话:138****5700,经济纠纷,消费纠纷,0.9
GLW202505200017,同事开车把我的车撞坏了，交警队已经处理完毕，我认为我汽车损坏的费用应该由他来承担，但是对方不同意，我现在他家门口。177****4345 #非警务#纠纷事项#经济（债务）问题#报警电话:177****4345,交通事故纠纷,损害赔偿纠纷,0.9
GLW202505200110,#-#（一件事）纠纷#村一酒店搞优惠活动给本村60周岁以上村民每人一百块代抵消费券，本村村民李某拿到劵后出酒店门口，忘了抬台阶，摔倒，后住院，家属要求酒店赔偿医疗费及误工费。,经济纠纷,消费纠纷,0.9
GLW202505200123,#邻里纠纷#李某姚某因车位停放问题发生矛盾，需要调解,邻里纠纷,邻里纠纷,0.9
GLW202505200212,#邻里纠纷#李某与陈某因房屋滴水问题发生争吵，需要调节,口角琐事纠纷,邻里纠纷,0.9
GLW202505200216,#婚姻家庭纠纷#翁某夫妻因琐事发生矛盾，需要调解,家庭婚姻纠纷,家庭婚姻纠纷,0.9
GLW202505200310,#婚姻家庭纠纷#翁某夫妻因婆媳关系不好发生矛盾，需要调解,家庭婚姻纠纷,家庭婚姻纠纷,0.9
GLW202505200321,厉某手机忘在超市，被张某拿走了。厉某打电话要求张某归还手机，张某索要报酬才肯归还。两人争执不下，村工作人员协调无果，请相关部门协助调解。-#邻里纠纷#,经济纠纷,其他纠纷,0.9
GLW202505200412,#邻里纠纷#瑞园13幢306与13幢206因外面粉刷的噪音引起误会，楼下以为是楼上一大早发出声音打扰休息，导致冲突。,邻里纠纷,噪声污染,0.9
GLW202505200417,#婚姻家庭纠纷#李某夫妻因孩子的教育问题产生矛盾，需要调解,家庭婚姻纠纷,家庭婚姻纠纷,0.9
GLW202505200418,#邻里纠纷#陈某宣某因外墙占地问题产生矛盾，需要调解,邻里纠纷,土地森林草场水利等纠纷,0.9
GLW202505200428,杨某因葑盛昉小区树叶、果实掉落，导致下方停放车辆脏污，难以清理，拿刀刨去树皮，导致树木受损，被小区保安巡逻时发现，双方起争执，村工作人员出面协调，无果，请相关部门处理。-#损害赔偿纠纷#,经济纠纷,损害赔偿纠纷,0.9
GLW202505200504,"2025年5月19日02时09分，接110指令称包家幸福家园21栋56单元附近，民警到现场，未发现大声喧哗扰民，已没事。报案人黄大鹏，3622*****2115，136****1894
",其他纠纷,其他纠纷,0.9
GLW202505200505,"2025年5月19日12时58分，接110指令称我老公喝多了，和我打架。民警到达现场，系报警人（竺荷飞，3302*****3928，88276065）因丈夫（姚伟龙，3302*****3930，153****9523）酒喝多了引发口角，没有发生打架情况，已开具结案单。
",治安隐患纠纷,口角琐事纠纷,0.9
GLW202505200506,"2025年5月19日13时33分，接110指令称对方喝酒闹事。民警到达现场，两人（报警人戴明杰，6201*****7271，187****9583；对方刘卫国，4127*****579X，158****9719）因吃饭问题发生争吵，后发生肢体冲突，经调解双方握手言和。已开具结案单。
",经济纠纷,公共秩序纠纷,0.9
GLW202505200507,"""2025年5月19号22时56分，接110指令称我的员工打我。到现场，系报警人（刘志水,3606*****2618,156****6706)和对方(卢林彪,5224*****9392,187****2741)是同事，因工作上的事情发生争吵，进而发生推搡，无明显伤势，现场调解，对方向报警人道歉，双方握手言和。（老板陈浩，3302*****6535，138****3066）已开具结案单。
""
",经济纠纷,劳动人事（就业）纠纷,0.9
GLW202505210001,酒店停电了我要退房，酒店不给我退房，双方协商不下。180****3100 #非警务#纠纷事项#消费问题#报警电话:180****3100,消费纠纷,消费纠纷,0.9
GLW202505210002,我坐车子过来，他送到半路不想送了，188****3470 #非警务#纠纷事项#司乘（代驾）问题#报警电话:188****3470,消费纠纷,消费纠纷,0.9
GLW202505210003,181****7253报警人来电称在这里干活，工钱一直没有拿到，现在工地负责人也在，需要调解 #非警务#纠纷事项#劳资问题#报警电话:181****7253,劳动人事（就业）纠纷,劳动人事（就业）纠纷,0.9
GLW202505210004,#长效关注#我（67岁）被女儿女婿赶出家了引起纠纷，还把我电话微信拉黑了，要过来调解，报警人177****2061 #非警务#纠纷事项#家庭婚姻感情问题#报警电话:177****2061,家庭婚姻纠纷,家庭婚姻纠纷,0.9
GLW202505210005,186****1600我在工地干了活，老板一直不给工钱，因为活比较少，没有办过考勤，现在项目部也不给我结钱，需要调解 #非警务#纠纷事项#劳资问题#报警电话:186****1600,劳动人事（就业）纠纷,劳动人事（就业）纠纷,0.9
GLW202505210006,156****9775报：因工资问题与老板有纠纷 #非警务#纠纷事项#劳资问题#报警电话:156****9775,劳动人事（就业）纠纷,劳动人事（就业）纠纷,0.9
GLW202505210007,我在这里买了一个煤气灶，拿回家后发现打不着，店家不肯退，电话152****0255 #非警务#纠纷事项#消费问题#报警电话:152****0255,消费纠纷,消费纠纷,0.9
GLW202505210008,#长效关注#来电女儿女婿把我的钱都拿走了，还不还给我因此发生纠纷，需要调解 177****2061 #非警务#纠纷事项#家庭婚姻感情问题#报警电话:177****2061,家庭婚姻纠纷,家庭婚姻纠纷,0.9
GLW202505210009,#长效关注#因女儿女婿把我的钱都拿走了，还不还给我因此发生纠纷，需要调解 177****2061（来电催促） #非警务#纠纷事项#家庭婚姻感情问题#报警电话:177****2061,家庭婚姻纠纷,家庭婚姻纠纷,0.9
GLW202505210010,昨天报过案，我是卖水泥的，该店老板欠我钱，昨天协商好会还钱，现在还没有看到人 159****3956 #非警务#纠纷事项#经济（债务）问题#报警电话:159****3956,债务纠纷,债务纠纷,0.9
GLW202505210011,我在这里卖空调，对方称效果不好，不付钱182****6155 #非警务#纠纷事项#消费问题#报警电话:182****6155,消费纠纷,消费纠纷,0.9
GLW202505210012,189****1224：这个店装修警戒线拉的不到位，导致我摔倒，需要店家赔偿，有纠纷需要处理 #非警务#纠纷事项#经济（债务）问题#报警电话:189****1224,消费纠纷,消费纠纷,0.9
GLW202505210013,我与加油站员工因为加油费用引起纠纷152****8005 #非警务#纠纷事项#消费问题#报警电话:152****8005,消费纠纷,消费纠纷,0.9
GLW202505210014,176****2750：运货拿不到运费，需要处理 #非警务#纠纷事项#物流（快递）问题#报警电话:176****2750,消费纠纷,劳动人事（就业）纠纷,0.9
GLW202505210015,#长效关注#报警人来电称自己老婆去世后找了人，但是女儿女婿把她赶出去了，自己现在只有一个人，想要相关部门来调节。与报警人解释不通，请与其联系。177****2061 #非警务#纠纷事项#家庭婚姻感情问题#报警电话:177****2061,家庭婚姻纠纷,家庭婚姻纠纷,0.9
GLW202505210016,下午报过警（非警务）现在来电称：下午装了空调，质量不好，又换了一个空调，还是不行，现在对方让我付工钱和拆装费有纠纷133****9775 #非警务#纠纷事项#劳资问题#报警电话:133****9775,其他纠纷,消费纠纷,0.9
GLW202505210017,我来买西红柿时被狗咬了，现在狗主人不肯承担医药费，引发纠纷158****0894 #非警务#纠纷事项#经济（债务）问题#报警电话:158****0894,经济纠纷,消费纠纷,0.9
GLW202505210018,我昨天买了外卖，店家没看我的备注，我和他说了一下，店家一直在平台上骂我，报警电话147****8785 #非警务#纠纷事项#消费问题#报警电话:147****8785,消费纠纷,消费纠纷,0.9
GLW202505210019,#长效关注#我哥哥不让我妈妈开空调引起纠纷。137****7811 #非警务#纠纷事项#家庭婚姻感情问题#报警电话:137****7811,家庭婚姻纠纷,家庭婚姻纠纷,0.9
GLW202505210020,#长效关注# 辅助下单，我哥哥不让我妈妈开空调，因为照顾老人引起的纠纷。137****7811 #非警务#纠纷事项#家庭婚姻感情问题#报警电话:137****7811,家庭婚姻纠纷,家庭婚姻纠纷,0.9
GLW202505210115,"在古林镇布政村洪佳手机店里 , 上述双方当事人因买卖手机卡之事发生口角纠纷 , 后陈军动手掐孙朋飞颈部并打一巴掌 , 造成孙朋飞颈部 . 右脸颊轻微受伤 ,请上级部门协助处理",经济纠纷,消费纠纷,0.9
GLW202505210313,在古林镇薛家南路652号海月甲第小区大门口处，小区业主裘列敏与陈大茂因5幢地下车库安装电瓶车充电桩之事与物业经理李永强发生口角纠纷，后互相拉扯，需要相关部门处理,公共秩序纠纷,物业管理纠纷,0.9
GLW202505210501,"2025年5月20日时分，接110指令称，儿子用手打我。民警到现场，系（报警人王全振，4127*****6278，150****8583；儿子王闯，4127*****6133,176****9569）报警人儿子酒喝多了，因家庭琐事引起口角纠纷，后报警人儿子情绪激动打了父亲，人未受伤，现儿子已搬出去住了，父亲由母亲照顾，已没事。已对其儿子开具家暴告诫书。 ",经济纠纷,口角琐事纠纷,0.9
GLW202505210502,双方因装修问题引起纠纷，经调解以后达成共识,物业管理纠纷,其他纠纷,0.9
GLW202505210601,报警人张宇泽（3310*****031X）称朋友吴新语（5222*****0042）在梅园小区门口打车离开，后在电话里称要去跳河。民警联系吴新语母亲向飞艳139****2418确认情况，其称女儿跟家里吵架，现在电话也不接，还没回家。经查监控吴新语于0时41分乘坐浙BD53733网约车从梅园小区离开，联系司机133****8282称该人在藕池新村靠启运路一侧下车。已将上述情况汇报指挥中心。3时许段塘所反馈已找到吴新语，由家属带回。吴新语暂住地：古林镇藕池新村启运路24幢4号门509，吴新语与父母（母亲：向飞艳，5222*****0082，139****2418；后爸：李怀安，3412*****4419，156****1517）存在家庭矛盾，请街道通过区社区治理中心流转属地古林镇关注掌握情况及协同处置。,疫情线索,家庭婚姻纠纷,0.9
GLW202505220114,#邻里纠纷#姚某夫妻因孩子等琐事发生争吵，需要调解,家庭婚姻纠纷,口角琐事纠纷,0.9
GLW202505220401,狗把人咬伤。,经济纠纷,狗患纠纷,0.9
GLW202505220402,有人要跳河。吴新语5222*****0042，189****6404,其他纠纷,其他纠纷,0.9
GLW202505220501,有个挂靠在我们公司的出租车司机拿了我们的卡不肯归还，引起纠纷，报警人电话：133****4090. #非警务#纠纷事项#租赁问题#报警电话:133****4090,消费纠纷,劳动人事（就业）纠纷,0.9
GLW202505220502,报警人称吵架了，具体事情不肯说189****1251 #非警务#纠纷事项#金融问题#报警电话:189****1251,口角琐事纠纷,口角琐事纠纷,0.9
GLW202505220503,我是卖水泥的，该店老板欠我材料费，产生纠纷。159****3956 #非警务#纠纷事项#经济（债务）问题#报警电话:159****3956,债务纠纷,债务纠纷,0.9
GLW202505220504,报警人称吵架了，具体事情不肯说189****1251，后报警人称对方不让他走，一定需要再处理 #非警务#纠纷事项#其他纠纷事项#报警电话:189****1251,口角琐事纠纷,口角琐事纠纷,0.9
GLW202505220505,货拉拉司机报警：货主不给我高速费，产生纠纷，报警人电话：188****1242 #非警务#纠纷事项#物流（快递）问题#报警电话:188****1242,消费纠纷,消费纠纷,0.9
GLW202505220506,我在这里租车后不想干了，公司让我支付违约金，双方引起纠纷，需要处理，报警人电话：180****5683 #非警务#纠纷事项#劳资问题#报警电话:180****5683,经济纠纷,劳动人事（就业）纠纷,0.9
GLW202505220507,交通事故 ，交警已处理好，现因赔偿问题与对方引起纠纷，报警人一定要民警到场。报警人：135****0703 #非警务#纠纷事项#经济（债务）问题#报警电话:135****0703,交通事故纠纷,损害赔偿纠纷,0.9
GLW202505220508,房东不退押金，引起纠纷。199****3898 #非警务#纠纷事项#租赁问题#报警电话:199****3898,经济纠纷,债务纠纷,0.9
GLW202505220509,我在厂里上班时被厂里的筐子砸到了，现厂里无人负责，引起纠纷，报警人电话：151****9519.（反馈属于古林辖区，请分局通知并处理） #非警务#纠纷事项#劳资问题#报警电话:151****9519,劳动人事（就业）纠纷,劳动人事（就业）纠纷,0.9
GLW202505220510,房东不退押金，双方有纠纷。具体位置说不清楚，请联系报警人189****7280 #非警务#纠纷事项#租赁问题#报警电话:189****7280,经济纠纷,消费纠纷,0.9
GLW202505220511,139****2953：我今天买的水过期还发霉，老板说能喝，有纠纷需要处理 #非警务#纠纷事项#消费问题#报警电话:139****2953,消费纠纷,消费纠纷,0.9
GLW202505220512,这边修车费价格高，引起纠纷。188****5899 #非警务#纠纷事项#消费问题#报警电话:188****5899,经济纠纷,消费纠纷,0.9
GLW202505230006,#（一件事）矛盾纠纷#因11幢402室装修开门灰尘很大，影响11幢401业主生活，故进行协调,邻里纠纷,邻里纠纷,0.9
GLW202505230007,#邻里纠纷#因35幢404室业主高空抛物线有安全隐患到现场双方业主一起协商。,邻里纠纷,公共秩序纠纷,0.9
GLW202505230008,#邻里纠纷#因43幢301室晚上声音过大，影响43幢401业主休息，双方需要进行协商。,邻里纠纷,口角琐事纠纷,0.9
GLW202505230101,有辆车停在我的私家车位上不愿意移车有纠纷。电话：182****3101 #非警务#纠纷事项#其他纠纷事项#报警电话:182****3101,邻里纠纷,邻里纠纷,0.9
GLW202505230102,好几天前，我接小孩回家，保安吹口哨调戏我，我跟物业反映了，一直没人给我处理。155****1228 #非警务#纠纷事项#物业管理问题#报警电话:155****1228,邻里纠纷,物业管理纠纷,0.9
GLW202505230103,因为物业费的问题，保安和物业不让我开车出去，引起吵架。138****1608 #非警务#纠纷事项#物业管理问题#报警电话:138****1608,物业管理纠纷,物业管理纠纷,0.9
GLW202505230104,老板乱扣我工资。187****6551 #非警务#纠纷事项#劳资问题#报警电话:187****6551,劳动人事（就业）纠纷,劳动人事（就业）纠纷,0.9
GLW202505230105,我是工人，现装修讨薪。132****8881 #非警务#纠纷事项#劳资问题#报警电话:132****8881,劳动人事（就业）纠纷,劳动人事（就业）纠纷,0.9
GLW202505230106,我从江苏来这里，现因为二手车买卖问题有纠纷。199****2350 （11:45集士港所190****5161反馈，属于古林） #非警务#纠纷事项#消费问题#报警电话:199****2350,经济纠纷,消费纠纷,0.9
GLW202505230107,24年6月10日我儿子在这医院，因为医护人员输错液，今天我们来这里检查，但是医院不给我赔偿我们的检查费用，引起纠纷。152****9799 #非警务#纠纷事项#医患问题#报警电话:152****9799,医疗纠纷,医疗纠纷,0.9
GLW202505230108,一个老板欠我修车的钱，我联系不上对方，我现在对方公司门口。报警人电话：198****3055 #非警务#纠纷事项#经济（债务）问题#报警电话:198****3055,经济纠纷,债务纠纷,0.9
GLW202505230109,老板不给我工资，引起纠纷，报警人电话：138****5306 #非警务#纠纷事项#劳资问题#报警电话:138****5306,劳动人事（就业）纠纷,劳动人事（就业）纠纷,0.9
GLW202505230110,为了在这里上班，我花2000元钱在这里租了房子，现做了一天，对方不让我做了，不可能赔偿我租房的损失，有纠纷，158****0815 #非警务#纠纷事项#经济（债务）问题#报警电话:158****0815,经济纠纷,劳动人事（就业）纠纷,0.9
GLW202505230111,我是代驾，车主不付我代驾费，引起纠纷。191****0707 #非警务#纠纷事项#物流（快递）问题#报警电话:191****0707,消费纠纷,劳动人事（就业）纠纷,0.9
GLW202505230306,#邻里纠纷#两村民因垃圾乱堆放发生口角，请村里处理,口角琐事纠纷,公共秩序纠纷,0.9
GLW202505230308,#损害赔偿纠纷#2025年5月22日上午古林村励江岸桥新村22幢住户的私家车停在自家门口，被小区的一位骑三轮车的伯伯刮到，在吵架。,经济纠纷,损害赔偿纠纷,0.9
GLW202505230405,绿荷苑西5幢1号与5幢2号房子漏水发生纠纷，希望上级部门帮助调解化解矛盾,邻里纠纷,邻里纠纷,0.9
GLW202505230407,#邻里纠纷#因11幢402业主电瓶车堵住了11幢502车库的门口，无法出行，双方需要进行协商。,公共秩序纠纷,邻里纠纷,0.9
GLW202505240001,我在这里买到不好的东西，老板不给我退，产生纠纷，报警人电话：132****9914 #非警务#纠纷事项#消费问题#报警电话:132****9914,消费纠纷,消费纠纷,0.9
GLW202505240002,房东不让我走，产生纠纷，报警人电话：159****6245 #非警务#纠纷事项#租赁问题#报警电话:159****6245,经济纠纷,其他纠纷,0.9
GLW202505240003,猫把我抓了，对方主人不赔偿，双方在一起需要处理。186****6792 #非警务#纠纷事项#经济（债务）问题#报警电话:186****6792,经济纠纷,损害赔偿纠纷,0.9
GLW202505240004,快递员态度不好，我跟快递员有纠纷，182****5582 #非警务#纠纷事项#物流（快递）问题#报警电话:182****5582,消费纠纷,消费纠纷,0.9
GLW202505240005,我们是修理店，因为车子的问题没解决好，一个车主不听解释堵我们的门139****4613 #非警务#纠纷事项#消费问题#报警电话:139****4613,经济纠纷,消费纠纷,0.9
GLW202505240006,#长效关注#报警人来电称自己老婆去世后找了人，但是女儿女婿总跟我吵架，需要调解处理，177****2061 #非警务#纠纷事项#家庭婚姻感情问题#报警电话:177****2061,家庭婚姻纠纷,家庭婚姻纠纷,0.9
GLW202505240007,顾客买了两瓶饮料中奖了，但是不付钱有纠纷，电话：130****3837 #非警务#纠纷事项#消费问题#报警电话:130****3837,消费纠纷,消费纠纷,0.9
GLW202505240008,#长效关注#辅助：报警人来电称自己老婆去世后找了人，但是女儿女婿总跟我吵架，需要调解处理，177****2061（后来电要找女儿，具体听不清说什么，请联系报警人） #非警务#纠纷事项#家庭婚姻感情问题#报警电话:177****2061,家庭婚姻纠纷,家庭婚姻纠纷,0.9
GLW202505240009,我向对方买了20万元的货，后对方没给我就联系不上了，现我在对方厂里，需要调解159****9838 #非警务#纠纷事项#经济（债务）问题#报警电话:159****9838,经济纠纷,消费纠纷,0.9
GLW202505240010,我是物业工作人员，有位业主不听我们物业指挥，故意把小区的大门锁了引起纠纷，原因不清。137****0733 #非警务#纠纷事项#物业管理问题#报警电话:137****0733,邻里纠纷,物业管理纠纷,0.9
GLW202505240011,我把电瓶车租出去了，租车的人把我的车卖给了收废品的人，现我在收废品这边，租车的人不在。197****5101 #非警务#纠纷事项#租赁问题#报警电话:197****5101,经济纠纷,消费纠纷,0.9
GLW202505250001,我多找钱给老太太，老太太不承认，有矛盾。188****8801 #非警务#纠纷事项#消费问题#报警电话:188****8801,口角琐事纠纷,消费纠纷,0.9
GLW202505250002,我摆摊卖水果，对方也是摆摊的不让我卖，还一直骂我老婆136****6340 #非警务#纠纷事项#其他纠纷事项#报警电话:136****6340,邻里纠纷,街面秩序,0.9
GLW202505250003,我在这里剪头发，洗头的时候耳环不小心掉了，店家不承认不负责，双方有纠纷176****2694 #非警务#纠纷事项#消费问题#报警电话:176****2694,消费纠纷,消费纠纷,0.9
GLW202505250004,156****1524报：给员工结清工资，员工觉得工价不对，与我们引起纠纷 #非警务#纠纷事项#劳资问题#报警电话:156****1524,劳动人事（就业）纠纷,劳动人事（就业）纠纷,0.9
GLW202505250005,客户要退货，但是不满意退货的金额，双方有纠纷155****8890 #非警务#纠纷事项#消费问题#报警电话:155****8890,消费纠纷,消费纠纷,0.9
GLW202505250006,156****7597：我送外卖，因为取消订单问题有纠纷，需要处理 #非警务#纠纷事项#消费问题#报警电话:156****7597,消费纠纷,消费纠纷,0.9
GLW202505250007,老板拖欠工资不给，还骂我，电话183****3626 #非警务#纠纷事项#劳资问题#报警电话:183****3626,劳动人事（就业）纠纷,劳动人事（就业）纠纷,0.9
GLW202505250008,本来想买二手车，付钱后发现二手车明显贵了，我想退车，现在对方不肯退钱有纠纷。151****1444 #非警务#纠纷事项#消费问题#报警电话:151****1444,消费纠纷,消费纠纷,0.9
GLW202505260401,打了一辆网约车，我想借用充电器，司机态度不好，还让我下车，来电需要处理。199****5678 #非警务#纠纷事项#司乘（代驾）问题#报警电话:199****5678,消费纠纷,消费纠纷,0.9
GLW202505260402,我是出租车司机，乘客喝酒了纠缠我，骂我。150****2965 #非警务#纠纷事项#司乘（代驾）问题#报警电话:150****2965,消费纠纷,口角琐事纠纷,0.9
GLW202505260403,132****8816：昨天报过警玻璃碎了把我孩子腿划开了，现在在现场，对方推诿不管，引起纠纷。 #非警务#纠纷事项#其他纠纷事项#报警电话:132****8816,交通事故纠纷,损害赔偿纠纷,0.9
GLW202505260404,我与对方因为经济原因现在产生纠纷，报警人电话：158****3086 #非警务#纠纷事项#经济（债务）问题#报警电话:158****3086,债务纠纷,经济纠纷,0.9
GLW202505260405,我的新车，将保险费交给了4S店，但4S店并未帮我保上，现在发生事故，4S店不愿负责，引起纠纷，交通事故已经报过警，无需交警处理。137****1798 #非警务#纠纷事项#消费问题#报警电话:137****1798,经济纠纷,消费纠纷,0.9
GLW202505260406,楼道上堆的东西着火了导致我家的空调和窗帘也被烧坏了，找物业处理不了，有纠纷，电话132****6773。 #非警务#纠纷事项#物业管理问题#报警电话:132****6773,物业管理纠纷,损害赔偿纠纷,0.9
GLW202505260407,我与对方因为经济问题现在产生纠纷，报警人电话：158****3086（来电催促，称一直没有人到场处理，报警时间为9:32分，已经快2个小时了，请分局催促并通知派出所处理） #非警务#纠纷事项#经济（债务）问题#报警电话:158****3086,其他纠纷,债务纠纷,0.9
GLW202505260408,我是给超市送鸭蛋的，现在有个人说我们送的鸭蛋是假货，双方有纠纷156****3456 #非警务#纠纷事项#消费问题#报警电话:156****3456,消费纠纷,消费纠纷,0.9
GLW202505260409,有工人来找我要工资，但是我已经把工资给了包工头，是包工头没有把工资给工人，现双方引起纠纷，报警电话135****5519 #非警务#纠纷事项#劳资问题#报警电话:135****5519,劳动人事（就业）纠纷,劳动人事（就业）纠纷,0.9
GLW202505260410,因为安装空调费用问题与雇主引起纠纷，需要处理，报警人电话：130****0507 #非警务#纠纷事项#劳资问题#报警电话:130****0507,经济纠纷,劳动人事（就业）纠纷,0.9
GLW202505260411,我让货车司机帮我带一条宠物狗过来，现在狗把其他货物咬坏了，双方有纠纷，报警人电话137****6606 #非警务#纠纷事项#物流（快递）问题#报警电话:137****6606,经济纠纷,消费纠纷,0.9
GLW202505260412,我交了买车的押金，现在不想买了，对方不把押金退给我，双方发生纠纷 130****5523 #非警务#纠纷事项#消费问题#报警电话:130****5523,经济纠纷,消费纠纷,0.9
GLW202505260413,店家报：顾客称我们不退给其车辆定金，现在在我的办公室赖着不走，引起纠纷135****9867 #非警务#纠纷事项#消费问题#报警电话:135****9867,经济纠纷,消费纠纷,0.9
GLW202505260414,对方的狗把我挠了，因为赔偿问题协商不下来，需要调解130****9000 #非警务#纠纷事项#其他纠纷事项#报警电话:130****9000,经济纠纷,损害赔偿纠纷,0.9
GLW202505260415,172****4729乘客来电我一口价叫了滴滴车，司机还让我加价，有纠纷 #非警务#纠纷事项#司乘（代驾）问题#报警电话:172****4729,消费纠纷,消费纠纷,0.9
GLW202505260416,（辅助下单）（来电催促）172****4729乘客来电我一口价叫了滴滴车，司机还让我加价，有纠纷 #非警务#纠纷事项#司乘（代驾）问题#报警电话:172****4729,消费纠纷,消费纠纷,0.9
GLW202505260417,这里有三个人在电鱼，我报警他们还和我起冲突158****4465 #非警务#纠纷事项#其他纠纷事项#报警电话:158****4465,其他纠纷,公共秩序纠纷,0.9
GLW202505260418,刚才报过案因买车问题有矛盾，现对方拦着不让我离开  130****5523 #非警务#纠纷事项#消费问题#报警电话:130****5523,经济纠纷,消费纠纷,0.9
GLW202505260501,"2025年5月25日1时16分，接110指令称薛家新家园103幢2303，家庭纠纷。民警到现场，系（报警人邵明慧，3429*****0626，187****1899；对方王志，3408*****0279,180****8552）因老公外面喝酒回家晚了引起纠纷，后双方发生肢体冲突，皮外伤，无大碍，现场调解不下，带所处理。已对其老公开具家暴告诫书。现双方已调解。 ",经济纠纷,家庭婚姻纠纷,0.9
GLW202505260502,"2025年5月22日14时33分，接110指令称云林东路77号，工作的事情吵架。民警到达现场，系报警人（章定保，3303*****1717，138****8880）和员工（高训，5321*****0718，183****0356）因为公司搬迁问题发生口角，对方推了下会议桌，未发生肢体冲突无人员受伤，经调解，双方握手言和。
",经济纠纷,劳动人事（就业）纠纷,0.9
GLW202505260505,"2025年5月23日0时42分，接110指令称浙海大酒店往西联丰路中国农业银行门口，打架。民警到达现场，系现场当事人（吴蔓琳，5224*****5620，175****9868）称自己朋友（安亮星，5224*****0218，132****0497）被人打了，造成自己朋友胳膊和手部擦伤，对方人已离开现场，现已受案。
",经济纠纷,治安隐患纠纷,0.9
GLW202505260507,"2025年5月24日9时11分，接110指令称西洋港老村里，停车纠纷。民警到现场，系（报警人郑依娜，3302*****6381，157****7417；对方李珍云，3303*****782X，137****8378）停车纠纷，经民警现场调解，已没事。
",公共秩序纠纷,邻里纠纷,0.9
GLW202505260511,"2025年5月24日13时59分，接110指令称陈横楼与机场路交叉口，行车纠纷，民警到现场，系（报警人吴勇锋，3410*****8916，158****2497；对方葛立清，3421*****5631，170****5184）行车纠纷，经民警现场调解，已没事。
",公共秩序纠纷,交通事故纠纷,0.9
GLW202505260512,"2025年5月24日17时10分，接110指令称西洋港工业区中介门口，停车纠纷。民警到现场，系（报警人徐建杰，3302*****7535，153****5552；对方李广福，3303*****5595,181****3686）停车纠纷，双方已劝和，已离开，未发生打架情况，已没事。
",治安隐患纠纷,街面秩序,0.9
GLW202505260513,"2025年5月24日17时41分，接110指令称聚才路布政 云熙里13栋908，感情纠纷。民警到现场，系（报警人蔡易轩，3311*****8330,189****5289；对方于小雅，2323*****274X，195****6099）感情问题引起纠纷，经民警现场调解，已没事。
",公共秩序纠纷,情感纠纷,0.9
GLW202505260514,"2025-05-24 21:50:17，接110指令称古林中心路24号，打架。民警到现场，双方（报警人张文明，4127*****6991，188****2151；报警人老婆李文华，4106*****3541,181****2322；对方武陈飞，3412*****4033，137****0655）因上厕所发生口角，有推搡无伤，把当事人双方带所。现已调解。
",经济纠纷,口角琐事纠纷,0.9
GLW202505260516,"2025-05-24 23:58:17，接110指令称事发地：浙海大酒店，我老婆在浙海大酒店被人用啤酒瓶打了。电话联系报警人（周磊，3302*****0356，137****2285）称老婆（潘玉兰，3303*****5608，136****1769）与朋友徐刚（3302*****0611,138****8882）喝酒被啤酒瓶碎片划伤，皮外伤，人没事，会自行来所处理。我所民警到达浙海大酒店310包厢了解情况，事发在包厢内，没有监控，吵架的当事人均已离开。进一步处理中。民警已对当事人潘玉兰制作笔录，已受案.",经济纠纷,口角琐事纠纷,0.9
GLW202505260519,"2025年5月25日1时06分，接110指令称海曙云熙里柚米小区13幢806，男女纠纷。民警到现场，系（报警人秦倩，6105*****4324，178****4830；对方杨长喜，4115*****7212,159****8017）报警人因男友脸上有其他女的粉底液引起纠纷，经民警现场调解，已没事。
",物业管理纠纷,情感纠纷,0.9
GLW202505260520,"2025年5月25日3时17分，接110指令称薛家欢迎你牌楼门口（高架桥旁边），男的在揪女的头发。民警到现场，双方（当事人王庆，3412*****2314,130****6758；当事人郭林演，5323*****052X，183****1950）系男女朋友关系，因感情纠纷引起口角纠纷，现场调解不下，双方带所处理。现已调解。
",公共秩序纠纷,情感纠纷,0.9
GLW202505270001,我从机场打了辆出租车（浙B T1033），我和司机说去古林中学， 司机给我送到了古林小学， 电话153****2072 #非警务#纠纷事项#司乘（代驾）问题#报警电话:153****2072,消费纠纷,消费纠纷,0.9
GLW202505270002,滴滴司机报：因乘客不满意我的服务不肯下车有纠纷130****0890 #非警务#纠纷事项#司乘（代驾）问题#报警电话:130****0890,消费纠纷,消费纠纷,0.9
GLW202505270003,因劳资问题，双方纠纷 130****6999 #非警务#纠纷事项#劳资问题#报警电话:130****6999,劳动人事（就业）纠纷,劳动人事（就业）纠纷,0.9
GLW202505270004,旅客把我眼镜坐坏了，不肯赔钱，137****1737 #非警务#纠纷事项#经济（债务）问题#报警电话:137****1737,经济纠纷,损害赔偿纠纷,0.9
GLW202505270005,我买东西，现在因为价格问题，双方协商不下，有矛盾。131****7200 #非警务#纠纷事项#消费问题#报警电话:131****7200,消费纠纷,消费纠纷,0.9
GLW202505270006,我租了房子退了，房东押金不退。153****4130 #非警务#纠纷事项#租赁问题#报警电话:153****4130,经济纠纷,消费纠纷,0.9
GLW202505270007,我在这买车，对方不给我合同，137****1798 #非警务#纠纷事项#消费问题#报警电话:137****1798,消费纠纷,消费纠纷,0.9
GLW202505270008,因赔偿问题有纠纷。153****2919 #非警务#纠纷事项#其他纠纷事项#报警电话:153****2919,其他纠纷,经济纠纷,0.9
GLW202505270009,我是送货的，饭店欠我货款好几个月没给，现我在店家门口，写着停业整顿。186****8867 #非警务#纠纷事项#物流（快递）问题#报警电话:186****8867,消费纠纷,债务纠纷,0.9
GLW202505270010,因为工资问题有纠纷.180****7969 #非警务#纠纷事项#劳资问题#报警电话:180****7969,劳动人事（就业）纠纷,劳动人事（就业）纠纷,0.9
GLW202505270011,我在这里买辆二手车，现在对方押金不退。188****7621 #非警务#纠纷事项#经济（债务）问题#报警电话:188****7621,经济纠纷,消费纠纷,0.9
GLW202505270012,#长效关注#隔壁在桶里种了菜还尿了尿，现放在我家门口，跟邻居商量了，对方不肯移走。057****95639 #非警务#纠纷事项#邻里问题#报警电话:057****95639,邻里纠纷,邻里纠纷,0.9
GLW202505270013,我的车子卖掉，买家不给我结尾款，引起纠纷。139****5015（四平台未签收，已电告分局） #非警务#纠纷事项#消费问题#报警电话:139****5015,经济纠纷,消费纠纷,0.9
GLW202505270014,我在这里上班，因为工作原因，车间主任骂人，老板也不管。报警人电话：180****1767 #非警务#纠纷事项#其他纠纷事项#报警电话:180****1767,劳动人事（就业）纠纷,劳动人事（就业）纠纷,0.9
GLW202505270015,我的车辆在停车场包月了，现工作人员还要我交停车费，有纠纷，189****0880 #非警务#纠纷事项#物业管理问题#报警电话:189****0880,经济纠纷,消费纠纷,0.9
GLW202505270016,我来收购西瓜，我要求对方摘下来的西瓜要留两片叶子，但对方没留，我现在不要了，对方拦着我的车子不让走，引起纠纷。152****3000 #非警务#纠纷事项#经济（债务）问题#报警电话:152****3000,经济纠纷,消费纠纷,0.9
GLW202505270017,来电称我是房东，租客不付房租还把我拉黑了，人刚刚也走掉了，我在现场等。138****6282 #非警务#纠纷事项#租赁问题#报警电话:138****6282,经济纠纷,债务纠纷,0.9
GLW202505270018,因经济问题对方来我家里吵架，有纠纷，电话159****5139。 #非警务#纠纷事项#经济（债务）问题#报警电话:159****5139,家庭婚姻纠纷,债务纠纷,0.9
GLW202505270019,我在这里租房子，房东称要额外收上网费，现我不想租了，房东不肯退押金，要求处理，报警人电话：131****2354 #非警务#纠纷事项#租赁问题#报警电话:131****2354,经济纠纷,消费纠纷,0.9
GLW202505270020,#长效关注#楼上608室漏水到我家，引起纠纷。131****6631 #非警务#纠纷事项#邻里问题#报警电话:131****6631,邻里纠纷,邻里纠纷,0.9
GLW202505270021,出租车(浙BDT1030)司机报警，乘客不肯付车费，双方有纠纷，报警人电话135****7671 #非警务#纠纷事项#司乘（代驾）问题#报警电话:135****7671,消费纠纷,消费纠纷,0.9
GLW202505270022,我是老板，有个客人吃饭不付钱，现引起纠纷，联系电话133****1482 #非警务#纠纷事项#消费问题#报警电话:133****1482,消费纠纷,消费纠纷,0.9
GLW202505270023,我点了外卖，觉得外卖馊了，现在与店家有纠纷。153****4617 #非警务#纠纷事项#消费问题#报警电话:153****4617,消费纠纷,消费纠纷,0.9
GLW202505270110,在古林镇布政村欧德隆超市门口处，出租司机梁金兄与乘客夏锦洪因壹元增值服务费双方发生矛盾纠纷，请上级部门协助处理,公共秩序纠纷,消费纠纷,0.9
GLW202505280101,我和对方合作拆房子，现在对方把押金全拿了，不肯把押金退我引起纠纷。133****2899 #非警务#纠纷事项#经济（债务）问题#报警电话:133****2899,经济纠纷,债务纠纷,0.9
GLW202505280102,酒店人员进入了我的房间，原因不肯说 #非警务#纠纷事项#消费问题#报警电话:158****9921,消费纠纷,消费纠纷,0.9
GLW202505280103,报警人25号和26号都报过警，玻璃碎了把我孩子腿划开了，之前有街道工作人员陪同看监控，现在称监控不完全需要再次陪同观看（报警人要求之前陪同过的两个街道工作人员到场） #非警务#纠纷事项#其他纠纷事项#报警电话:132****8816,交通事故纠纷,损害赔偿纠纷,0.9
GLW202505280104,辅助：报警人25号和26号都报过警，玻璃碎了把我孩子腿划开了，之前有街道工作人员陪同看监控，现在称监控不完全需要再次陪同观看（报警人要求之前陪同过的两个街道工作人员到场），报警人在这里等，请与报警人电话联系。 #非警务#纠纷事项#其他纠纷事项#报警电话:132****8816,交通事故纠纷,损害赔偿纠纷,0.9
GLW202505280105,我来讨薪，老板欠我1000多元，报警人去事发地路上，150****3619 #非警务#纠纷事项#劳资问题#报警电话:150****3619,劳动人事（就业）纠纷,劳动人事（就业）纠纷,0.9
GLW202505280106,#长效关注#邻居的一家人有家庭纠纷，我帮忙报警。150****5353 #非警务#纠纷事项#家庭婚姻感情问题#报警电话:150****5353,家庭婚姻纠纷,家庭婚姻纠纷,0.9
GLW202505280107,修理厂未经我允许私拆我车上的配件，需要协助查监控，191****6866 #非警务#纠纷事项#消费问题#报警电话:191****6866,经济纠纷,消费纠纷,0.9
GLW202505280108,我在外卖上买了沙县小吃（地址海曙高桥藕缆桥西路22-4号）买了肉，现肉是有问题的。187****9629 #非警务#纠纷事项#消费问题#报警电话:187****9629,消费纠纷,消费纠纷,0.9
GLW202505280109,我在外卖上买了沙县小吃（地址海曙高桥藕缆桥西路22-4号）买了肉，现肉是有问题的。187****9629 #非警务#纠纷事项#消费问题#报警电话:187****9629,消费纠纷,消费纠纷,0.9
GLW202505280110,网上买的猫，托运公司让我付600元才能把猫带走，有纠纷。173****9036 #非警务#纠纷事项#物流（快递）问题#报警电话:173****9036,经济纠纷,消费纠纷,0.9
GLW202505280111,我在这里租房，对方不退押金有纠纷。177****5536 #非警务#纠纷事项#租赁问题#报警电话:177****5536,经济纠纷,消费纠纷,0.9
GLW202505280112,#长效关注#同小区的一个人故意把我车堵上后走了，因为我把车停在一个没贴牌子的车位上，对方说是他的。报警人电话：157****4710 #非警务#纠纷事项#邻里问题#报警电话:157****4710,邻里纠纷,邻里纠纷,0.9
GLW202505290004,因为28幢101业主开门做菜，味道太大了遭到了28幢202业主的投诉，到现场双方进行协调。,物业管理纠纷,口角琐事纠纷,0.9
GLW202505290005,因为26幢502业主装修过晚，影响了26幢402业主的休息，到现场双方进行协商。,邻里纠纷,噪声污染,0.9
GLW202505290006,37幢303业主投诉卫生间漏水，到现场排查4楼和5楼，确定5楼居住的阳光平台接水严重影响4楼和3楼道住户的卫生间。三房一起协商处理。,物业管理纠纷,邻里纠纷,0.9
GLW202505290010,有居民反映花园新村22幢内有小作坊作业噪音扰民，请有关部门处理,邻里纠纷,噪声污染,0.9
GLW202505290103,因为23幢204业主车子被刮了到现场双方进行处理。,经济纠纷,其他纠纷,0.9
GLW202505290203,因28幢202业主不小心把7幢201的电瓶车刮蹭到，双方进行协商。,经济纠纷,损害赔偿纠纷,0.9
GLW202505290208,#（一件事）养犬-犬吠扰民#,狗患纠纷,狗患纠纷,0.9
GLW202505290301,因为9幢101业主把电瓶车停放楼道里影响该楼业主正常通行，与该业主进行沟通。,公共秩序纠纷,街面秩序,0.9
GLW202505290302,30幢503业主家里空调漏水影响了30幢303业主的正常生活，到现场双方进行协商。,邻里纠纷,邻里纠纷,0.9
GLW202505290401,158****9921：酒店人员昨晚一直给我房间打电话，有纠纷需要处理 #非警务#纠纷事项#其他纠纷事项#报警电话:158****9921,消费纠纷,消费纠纷,0.9
GLW202505290402,员工不服从安排做事，我辞退了他，双方发生纠纷 150****6556 #非警务#纠纷事项#劳资问题#报警电话:150****6556,劳动人事（就业）纠纷,劳动人事（就业）纠纷,0.9
GLW202505290403,合伙人把我店里的东西搬走了，现在双方在一起有纠纷，158****2194 #非警务#纠纷事项#经济（债务）问题#报警电话:158****2194,劳动人事（就业）纠纷,经济纠纷,0.9
GLW202505290404,不知道什么事情后挂断，我与对方因为修车问题引起纠纷135****1788 #非警务#纠纷事项#消费问题#报警电话:135****1788,经济纠纷,消费纠纷,0.9
GLW202505290405,甬城泊车车位上面停了很多电瓶车，他们在施工，我让对方把电瓶车移掉对方不肯引起纠纷159****1596 #非警务#纠纷事项#其他纠纷事项#报警电话:159****1596,邻里纠纷,街面秩序,0.9
GLW202505290406,158****5966：我在这里上班受伤了，去了劳动局，现在公司难看我，不让我进去，有纠纷 #非警务#纠纷事项#劳资问题#报警电话:158****5966,劳动人事（就业）纠纷,劳动人事（就业）纠纷,0.9
GLW202505290407,我在医院做了体检，医院不给我出书面体检报告，引起纠纷，138****0241 #非警务#纠纷事项#医患问题#报警电话:138****0241,医疗纠纷,医疗纠纷,0.9
GLW202505290408,店员报，因业务今天办不了，顾客拿手机拍我们，引起纠纷    183****6254 #非警务#纠纷事项#消费问题#报警电话:183****6254,消费纠纷,消费纠纷,0.9
GLW202505290409,老板不给我工资，报警人在现场，引起纠纷158****5773 #非警务#纠纷事项#劳资问题#报警电话:158****5773,劳动人事（就业）纠纷,劳动人事（就业）纠纷,0.9
GLW202505290410,我是货车司机，因货装超了，与货主有纠纷  185****9789 #非警务#纠纷事项#物流（快递）问题#报警电话:185****9789,经济纠纷,其他纠纷,0.9
GLW202505290411,我来这里换电瓶，觉得电瓶质量太差，和老板吵起来了，需要调解138****8093 #非警务#纠纷事项#消费问题#报警电话:138****8093,消费纠纷,消费纠纷,0.9
GLW202505290412,双方合作，现在工厂给我衣服做坏了，我着急出货，有纠纷需要处理。133****4105 #非警务#纠纷事项#经济（债务）问题#报警电话:133****4105,其他纠纷,消费纠纷,0.9
GLW202505290413,我是代驾，车主不付代驾费有纠纷，电话：156****5136 #非警务#纠纷事项#司乘（代驾）问题#报警电话:156****5136,消费纠纷,消费纠纷,0.9
GLW202505290414,邻居报警，有人在门口吵架，好像是经济纠纷，150****9858 #非警务#纠纷事项#经济（债务）问题#报警电话:150****9858,邻里纠纷,经济纠纷,0.9
GLW202505290415,出租车司机报警：跟乘客有口角纠纷对方赖着不肯下车也不付钱，报警人号码：137****5856 #非警务#纠纷事项#司乘（代驾）问题#报警电话:137****5856,消费纠纷,消费纠纷,0.9
GLW202505290416,房东报警：租客朋友之间的财务纠纷，对方踹开门，现做了物品损坏，不出来协商，电话：138****5004 #非警务#纠纷事项#租赁问题#报警电话:138****5004,经济纠纷,经济纠纷,0.9
GLW202505290417,出租车司机报警：乘客喝多了不付车费，报警人号码：150****8385 #非警务#纠纷事项#司乘（代驾）问题#报警电话:150****8385,消费纠纷,消费纠纷,0.9
GLW202505290418,对方之前想向我们购买车，后来不买了，现在车也不想给，在一起有纠纷，152****6882 #非警务#纠纷事项#消费问题#报警电话:152****6882,经济纠纷,消费纠纷,0.9
GLW202505290419,辅助：对方之前想向我们购买车，后来不买了，现在车也不想给，在一起有纠纷，152****6882 #非警务#纠纷事项#消费问题#报警电话:152****6882,经济纠纷,消费纠纷,0.9
GLW202505290420,我跟着中介干活，因为活没干完，中介就各种辱骂，还准备打我。132****0771 #非警务#纠纷事项#劳资问题#报警电话:132****0771,家庭婚姻纠纷,劳动人事（就业）纠纷,0.9
GLW202505290502,"2025年5月25日18时35分，接110指令称古林公园里面，因为摆摊问题双方有纠纷，双方均为摊贩，来电需要处理。民警到现场，系古林公园现在存在很多摊位摆放，有混乱情况，报警人（张超辉，4114*****2777，130****6673）与对方（李洪彪，3412*****5579，131****3232）今天就因抢摊位为摊位位置大小发生吵架，现已带所处理，但摊位的实际问题需要相关部门介入规范秩序，现双方已调解
",治安隐患纠纷,街面秩序,0.9
GLW202505290504,"2025年5月25日23时34分，接110指令称薛家新家园西门44栋，我和妹妹发生矛盾，妹妹的男朋友就用手打我，120不需要，民警到现场，系酒喝多了引起纠纷，报警人（冯佳英，3412*****5306，157****5836）妹妹（冯楠楠，3412*****522X，188****7476）的男朋友人已离开，现将二人带所处理
",消费纠纷,治安隐患纠纷,0.9
GLW202505290509,"2025年5月28日18时33分，接110指令称礼嘉桥苗瑞服饰，离婚问题发生口角。民警到达现场，系报警人（余海云，3623*****4182，137****1372）要离婚，她老公不肯离，来厂里骚扰她，未打架，现在报警人的老公已经走了，告知报警人去法院起诉。 已开具家暴告诫书， 请妇联跟进
",治安隐患纠纷,家庭婚姻纠纷,0.9
GLW202505300001,网约车司机报警：乘客说我绕路，现在不下车，双方有纠纷132****7085 #非警务#纠纷事项#司乘（代驾）问题#报警电话:132****7085,消费纠纷,消费纠纷,0.9
GLW202505300002,网约车司机报警：乘客说我绕路，现在不下车，双方有纠纷132****7085 #非警务#纠纷事项#司乘（代驾）问题#报警电话:132****7085,消费纠纷,消费纠纷,0.9
GLW202505300003,我是超市蔬菜区员工，另外超市的大姐，我们是同一个老板，因为老板没给她工资，把我堵在这边不让上班，电话：153****0578 #非警务#纠纷事项#劳资问题#报警电话:153****0578,劳动人事（就业）纠纷,劳动人事（就业）纠纷,0.9
GLW202505300004,辅助：我是超市蔬菜区员工，另外超市的大姐，我们是同一个老板，因为老板没给她工资，把我堵在这边不让上班，电话：153****0578 #非警务#纠纷事项#劳资问题#报警电话:153****0578,劳动人事（就业）纠纷,劳动人事（就业）纠纷,0.9
GLW202505300005,我是老板，有人拦着我店里的员工不让他买菜，具体情况不清楚，150****4145 #非警务#纠纷事项#其他纠纷事项#报警电话:150****4145,消费纠纷,消费纠纷,0.9
GLW202505300006,057****39009：昨天员工报警说我们不安排工作，现在对方不去工作，引起纠纷。 #非警务#纠纷事项#劳资问题#报警电话:057****39009,劳动人事（就业）纠纷,劳动人事（就业）纠纷,0.9
GLW202505300007,交通事故，交警已经处理好了，车子被拉到店里来维修，现发现本身好的零部件反而坏了，需要处理。报警人：158****8228 #非警务#纠纷事项#经济（债务）问题#报警电话:158****8228,经济纠纷,消费纠纷,0.9
GLW202505300008,我（在长沙，手机号：187****8460）老婆购买了辆车，我老婆是全款支付的，但是对方让我老婆贷款，称会帮我们代为归还，现现贷款逾期，双方引起纠纷，需要处理，报警人老婆在现场，老婆电话：186****7985 #非警务#纠纷事项#经济（债务）问题#报警电话:187****8460,经济纠纷,消费纠纷,0.9
GLW202505300009,房东来电称租客租了我的房子，但是不肯与我签订租房合同，现双方引起纠纷，需要处理，报警人电话：130****8423 #非警务#纠纷事项#租赁问题#报警电话:130****8423,经济纠纷,其他纠纷,0.9
GLW202505300010,秒挂，回拨：我与对方有经济纠纷，现在对方在这里影响我们工作，报警人电话：176****3401 #非警务#纠纷事项#经济（债务）问题#报警电话:176****3401,债务纠纷,经济纠纷,0.9
GLW202505300011,租房问题引起纠纷，要求处理，报警人电话：137****1082 #非警务#纠纷事项#租赁问题#报警电话:137****1082,经济纠纷,其他纠纷,0.9
GLW202505300012,三轮车挡在路上，对方人在，故意堵路，双方在一起。187****4838 #非警务#纠纷事项#其他纠纷事项#报警电话:187****4838,邻里纠纷,街面秩序,0.9
GLW202505300013,159****9798有车（白色的英菲尼迪，浙BUG611）堵在我家门口，对方车主人不在，这辆车经常停在我家门口，联系对方车主说不愿意来移车，报警人在现场需要处理 #非警务#纠纷事项#其他纠纷事项#报警电话:159****9798,邻里纠纷,街面秩序,0.9
GLW202505300014,我叫了一个代驾，9公里要收我100块，我不想付钱，电话139****7686 #非警务#纠纷事项#司乘（代驾）问题#报警电话:139****7686,消费纠纷,消费纠纷,0.9
GLW202505300304,#邻里纠纷#虞某因隔壁王某家的鸡随地大便引起矛盾纠纷，需要调解！,邻里纠纷,邻里纠纷,0.9
GLW202505300406,#邻里纠纷#邻里之间因养鸽子导致环境污染及噪音发生纠纷。,邻里纠纷,邻里纠纷,0.9
GLW202505310001,我一到这里，这里有个人就说我卖的东西都是他，引起纠纷，130****8337 #非警务#纠纷事项#其他纠纷事项#报警电话:130****8337,消费纠纷,消费纠纷,0.9
GLW202505310002,#长效关注#老人报警，称跟女婿吵架了，需要调解。177****2061 #非警务#纠纷事项#家庭婚姻感情问题#报警电话:177****2061,家庭婚姻纠纷,家庭婚姻纠纷,0.9
GLW202505310003,我们在这里做了水电，现在拿不到钱，老板跑了。189****7193 #非警务#纠纷事项#劳资问题#报警电话:189****7193,劳动人事（就业）纠纷,劳动人事（就业）纠纷,0.9
GLW202505310004,因为停车缴费问题的有纠纷，对方把我拦住。132****7793 #非警务#纠纷事项#消费问题#报警电话:132****7793,经济纠纷,消费纠纷,0.9
GLW202505310005,我是物业，浙B77359黑色奔驰堵路，车主在现场不肯开走，引起纠纷。057****86773 #非警务#纠纷事项#物业管理问题#报警电话:057****86773,物业管理纠纷,物业管理纠纷,0.9
GLW202505310006,客人之前买猪肉没有付钱成功，现在他来了，不承认，引起纠纷。159****8011 #非警务#纠纷事项#消费问题#报警电话:159****8011,消费纠纷,消费纠纷,0.9
GLW202505310007,装修公司老板欠我工钱，找各种理由不给，现在我在对方店面门口132****5778 #非警务#纠纷事项#劳资问题#报警电话:132****5778,劳动人事（就业）纠纷,劳动人事（就业）纠纷,0.9
GLW202505310008,#长效关注#我和我老公闹离婚，现在我老公不让我离开，也不让我去上班，引起纠纷。158****5869 #非警务#纠纷事项#家庭婚姻感情问题#报警电话:158****5869,家庭婚姻纠纷,家庭婚姻纠纷,0.9
GLW202505310009,网约车司机来电：乘客因乘车问题骂人，有纠纷，报警人电话：176****1132 #非警务#纠纷事项#司乘（代驾）问题#报警电话:176****1132,消费纠纷,消费纠纷,0.9
GLW202505310010,老板不发工资，现在产生纠纷，报警人电话：188****7658 #非警务#纠纷事项#劳资问题#报警电话:188****7658,劳动人事（就业）纠纷,劳动人事（就业）纠纷,0.9
GLW202505310011,我是网约车司机，乘客在我车里吐了，现因为洗车费问题引起纠纷，要求处理，报警人电话：159****3154 #非警务#纠纷事项#司乘（代驾）问题#报警电话:159****3154,消费纠纷,消费纠纷,0.9
GLW202505310012,我是怀孕7个月的孕妇，这个房东拖欠我装修款，我现在找到对方，双方发生纠纷，报警人电话182****3344 #非警务#纠纷事项#经济（债务）问题#报警电话:182****3344,经济纠纷,债务纠纷,0.9
GLW202505310013,因为退货问题，我和商家有纠纷，，联系电话139****4965 #非警务#纠纷事项#消费问题#报警电话:139****4965,消费纠纷,消费纠纷,0.9
GQW202505010001,欠我钱的人找到了，需要帮助。182****9593 #非警务#纠纷事项#经济（债务）问题#报警电话:182****9593,债务纠纷,债务纠纷,0.9
GQW202505010002,欠我钱的人找到了，双方在一起有纠纷，需要帮助。182****9593 #非警务#纠纷事项#经济（债务）问题#报警电话:182****9593,债务纠纷,债务纠纷,0.9
GQW202505010003,我是顺风车司机，乘客手机落在我车上，我送回来后，乘客不肯下来拿。189****2001 #非警务#纠纷事项#司乘（代驾）问题#报警电话:189****2001,消费纠纷,消费纠纷,0.9
GQW202505010004,顾客买手机不愿意出示身份证，引起纠纷。153****4938 #非警务#纠纷事项#消费问题#报警电话:153****4938,消费纠纷,消费纠纷,0.9
GQW202505010005,135****2457房东报：租客要搬走了不肯支付水电费，有纠纷 #非警务#纠纷事项#租赁问题#报警电话:135****2457,经济纠纷,债务纠纷,0.9
GQW202505010006,房主欠我货款没有还，引起纠纷130****6972 #非警务#纠纷事项#经济（债务）问题#报警电话:130****6972,债务纠纷,债务纠纷,0.9
GQW202505010007,#长效关注#对方邻居找我爸妈来吵架，报警人正在赶过去，原因不清楚135****2224 #非警务#纠纷事项#邻里问题#报警电话:135****2224,邻里纠纷,邻里纠纷,0.9
GQW202505010008,房主欠我货款没有还，引起纠纷130****6972(来电催促)（辅助） #非警务#纠纷事项#经济（债务）问题#报警电话:130****6972,债务纠纷,债务纠纷,0.9
GQW202505010009,#长效关注#我们都是这里的业主，因占用公共车位，引起纠纷，159****2065 #非警务#纠纷事项#邻里问题#报警电话:159****2065,邻里纠纷,邻里纠纷,0.9
GQW202505010010,#长效关注#对方站在我的车前面不让开车走，原因不明，未说完挂断。回拨通话中。（再次来电我们都是这里的业主，因占用公共车位，引起纠纷，159****2065）（辅助下单） #非警务#纠纷事项#邻里问题#报警电话:159****2065,邻里纠纷,邻里纠纷,0.9
GQW202505010011,180****8911报：风把棚子刮到停着的车，因赔偿问题有纠纷 #非警务#纠纷事项#经济（债务）问题#报警电话:180****8911,经济纠纷,经济纠纷,0.9
GQW202505010012,早上风大把棚子吹飞了，对方说我们商铺的棚子把对方的东西打碎了，因赔偿问题引起纠纷，报警人185****1119在2号门等 #非警务#纠纷事项#经济（债务）问题#报警电话:185****1119,经济纠纷,经济纠纷,0.9
GQW202505010013,外卖员报，因为电瓶车违停，现在车子被物业锁了，引起纠纷，177****7960 #非警务#纠纷事项#物业管理问题#报警电话:177****7960,物业管理纠纷,物业管理纠纷,0.9
GQW202505010014,我买单工作人员不愿意还骂我，有纠纷，电话：159****9833 #非警务#纠纷事项#消费问题#报警电话:159****9833,消费纠纷,消费纠纷,0.9
GQW202505010101,居住在小佰房的71号一1的外来人员家小狗死后扔在路边，引发邻里争论。,经济纠纷,狗患纠纷,0.9
GQW202505010501,报警人（158****9228）称妻子有精神疾病，目前已送往新欣医院（精神病院）治疗，望有关部门予以关注，跟进处理。,其他卫生健康问题,其他纠纷,0.9
GQW202505010502,报警人（158****3321）因其女儿与其不愿沟通，不愿接触，矛盾较深，望有关部门予以关注，跟进处理。,家庭婚姻纠纷,家庭婚姻纠纷,0.9
GQW202505020001,出租车司机：乘客因为车费问题，需要处理131****1696 #非警务#纠纷事项#司乘（代驾）问题#报警电话:131****1696,消费纠纷,消费纠纷,0.9
GQW202505020002,网约车司机：乘客喝多了吐在车上，不肯赔偿183****9239，具体位置说不清请联系。 #非警务#纠纷事项#司乘（代驾）问题#报警电话:183****9239,消费纠纷,消费纠纷,0.9
GQW202505020003,网约车司机：乘客喝多了吐在车上，不肯赔偿183****9239，具体位置说不清请联系。（后报警人来电称地址在高桥望江村后钟81号） #非警务#纠纷事项#司乘（代驾）问题#报警电话:183****9239,消费纠纷,消费纠纷,0.9
GQW202505020004,来电称老板工资不给，我们现在在厂门口。135****7511 #非警务#纠纷事项#劳资问题#报警电话:135****7511,劳动人事（就业）纠纷,劳动人事（就业）纠纷,0.9
GQW202505020005,我在平台上预定了房间，但是到酒店后工作人员称查不到我预定的信息，也不肯退款，引起纠纷。报警人电话：180****6807 #非警务#纠纷事项#消费问题#报警电话:180****6807,消费纠纷,消费纠纷,0.9
GQW202505020006,对方捡了我的50元不承认。180****4087 #非警务#纠纷事项#其他纠纷事项#报警电话:180****4087,其他纠纷,其他纠纷,0.9
GQW202505020007,维修店不让我把车子开走，产生纠纷，报警人电话：131****8114 #非警务#纠纷事项#消费问题#报警电话:131****8114,消费纠纷,消费纠纷,0.9
GQW202505020008,与租赁公司有矛盾，导致对方称我们把他的车子弄坏了，有纠纷，电话：159****2300。 #非警务#纠纷事项#消费问题#报警电话:159****2300,消费纠纷,消费纠纷,0.9
GQW202505020009,维修店不让我把车子开走，产生纠纷，报警人电话：131****8114。（后来电称现在车子没办法开，与维修店老板产生纠纷，需要再次到场处理） #非警务#纠纷事项#消费问题#报警电话:131****8114,消费纠纷,消费纠纷,0.9
GQW202505020010,这里有辆车恶意堵路，报警人在现场，报警人电话189****4363 #非警务#纠纷事项#其他纠纷事项#报警电话:189****4363,其他纠纷,街面秩序,0.9
GQW202505020011,我在这里订了旅行团，现在对方不给我退款，产生纠纷，报警人电话：182****9999 #非警务#纠纷事项#消费问题#报警电话:182****9999,消费纠纷,消费纠纷,0.9
GQW202505020012,对方无故辱骂我，双方产生纠纷，报警人电话158****2392 #非警务#纠纷事项#其他纠纷事项#报警电话:158****2392,其他纠纷,口角琐事纠纷,0.9
GQW202505020013,#长效关注#下午2点半，我因为有人故意堵路的事情报过警，现来电咨询处理结果，请回复报警人：189****4363。 #非警务#纠纷事项#邻里问题#报警电话:189****4363,邻里纠纷,邻里纠纷,0.9
GQW202505020014,我找人搬家，现在因为搬家费问题有纠纷，联系电话195****6602 #非警务#纠纷事项#消费问题#报警电话:195****6602,经济纠纷,消费纠纷,0.9
GQW202505020015,因房租退费与房东有纠纷150****7320 #非警务#纠纷事项#租赁问题#报警电话:150****7320,经济纠纷,消费纠纷,0.9
GQW202505020016,因为给孩子配镜，眼镜有问题引起纠纷182****0883 #非警务#纠纷事项#消费问题#报警电话:182****0883,消费纠纷,消费纠纷,0.9
GQW202505020017,因为摆摊的事情，引起两个人吵架了132****0819 #非警务#纠纷事项#其他纠纷事项#报警电话:132****0819,口角琐事纠纷,街面秩序,0.9
GQW202505020301,接到西堤阳光业主投诉，有人将汽车冲上小花园台阶，占用了老人孩子的活动空间，与车主沟通无果，望社区介入处理,物业管理纠纷,街面秩序,0.9
GQW202505020501,暂住在高桥米萝花园宾馆的胡明（180****9180）与周心云（180****6122，暂住望春街道）因分手一事引发纠纷，被周心云踢了一脚。后经调解周心云赔偿胡明500元。,公共秩序纠纷,情感纠纷,0.9
GQW202505020502,暂住在藕缆桥百家公寓423室的邱丽丽（女，159****1491）与王露（男，134****1193）提出分手，引起纠纷，现已和平分手。,公共秩序纠纷,情感纠纷,0.9
GQW202505030001,酒店空调坏了，我们要退房，前台不同意有纠纷，187****5067 #非警务#纠纷事项#消费问题#报警电话:187****5067,消费纠纷,消费纠纷,0.9
GQW202505030002,租户租房子不肯办理暂住证，双方有纠纷。180****5429 #非警务#纠纷事项#租赁问题#报警电话:180****5429,经济纠纷,其他纠纷,0.9
GQW202505030003,租户租房子不肯办理暂住证，双方有纠纷。180****5429 #非警务#纠纷事项#租赁问题#报警电话:180****5429,经济纠纷,其他纠纷,0.9
GQW202505030004,#长效关注#来电和老公有家庭纠纷139****5395 #非警务#纠纷事项#家庭婚姻感情问题#报警电话:139****5395,家庭婚姻纠纷,家庭婚姻纠纷,0.9
GQW202505030005,#长效关注#邻居一直骚扰我182****8003 #非警务#纠纷事项#邻里问题#报警电话:182****8003,邻里纠纷,邻里纠纷,0.9
GQW202505030006,#长效关注#邻居一直骚扰我182****8003（报警人口音重，称已多次报警） 后报警人再次来电称，双方还是协商补习，需要再次处理。 #非警务#纠纷事项#邻里问题#报警电话:182****8003,邻里纠纷,邻里纠纷,0.9
GQW202505030007,我租房子交定金，我决定不租了现在对方不退租金，产生纠纷，报警人189****6939 #非警务#纠纷事项#租赁问题#报警电话:189****6939,经济纠纷,消费纠纷,0.9
GQW202505030008,我是货车司机，货主不装货了，现在对方不给赔偿费有纠纷。139****1966 #非警务#纠纷事项#物流（快递）问题#报警电话:139****1966,经济纠纷,经济纠纷,0.9
GQW202505030009,#长效关注#楼上楼下邻居噪音问题引起纠纷132****0675 #非警务#纠纷事项#邻里问题#报警电话:132****0675,邻里纠纷,噪声污染,0.9
GQW202505030010,同事欠钱不还，有纠纷，报警人电话：157****1926 #非警务#纠纷事项#经济（债务）问题#报警电话:157****1926,债务纠纷,债务纠纷,0.9
GQW202505030011,同事欠我钱不还，有纠纷，报警人电话：157****1926 #非警务#纠纷事项#经济（债务）问题#报警电话:157****1926,债务纠纷,债务纠纷,0.9
GQW202505030012,有人捡走我的手机，我找到对方，对方把我手机的卡也拔掉了，引起纠纷。181****0570 #非警务#纠纷事项#其他纠纷事项#报警电话:181****0570,经济纠纷,其他纠纷,0.9
GQW202505030013,#长效关注#我怀孕了，和老公有产生口角纠纷，他要准备打我151****6054 #非警务#纠纷事项#家庭婚姻感情问题#报警电话:151****6054,家庭婚姻纠纷,家庭婚姻纠纷,0.9
GQW202505030014,物业来电称对方故意堵路，需要工作人员处理，报警人电话136****9435 #非警务#纠纷事项#物业管理问题#报警电话:136****9435,邻里纠纷,物业管理纠纷,0.9
GQW202505030015,物业来电称对方故意堵路，需要工作人员处理，报警人电话136****9435 #非警务#纠纷事项#物业管理问题#报警电话:136****9435,邻里纠纷,街面秩序,0.9
GQW202505030016,来电称前台没办法提供流水，称老板睡觉了，我现在在前台。135****6775 #非警务#纠纷事项#消费问题#报警电话:135****6775,消费纠纷,消费纠纷,0.9
GQW202505040001,工地有施工噪音，我跟对方反映未过，双方产生纠纷。133****2067 #非警务#纠纷事项#其他纠纷事项#报警电话:133****2067,工程施工纠纷,噪声污染,0.9
GQW202505040002,我给房主装修，不给工资，对方不见我，我在他家门口。176****2308 #非警务#纠纷事项#劳资问题#报警电话:176****2308,劳动人事（就业）纠纷,劳动人事（就业）纠纷,0.9
GQW202505040003,我送货干了一个星期，对方觉得我送得慢，让我走，不给我结工资，173****3186 #非警务#纠纷事项#劳资问题#报警电话:173****3186,劳动人事（就业）纠纷,劳动人事（就业）纠纷,0.9
GQW202505040004,#长效关注#邻居601还是一直骚扰我，生活被影响，现有纠纷，182****8003（报警人口音重，称已多次报警） #非警务#纠纷事项#邻里问题#报警电话:182****8003,邻里纠纷,邻里纠纷,0.9
GQW202505040005,顺丰快递员：两个老人因为快递挪动的事情和我有纠纷，还用脚踢我的快递166****5759 #非警务#纠纷事项#物流（快递）问题#报警电话:166****5759,消费纠纷,消费纠纷,0.9
GQW202505040006,"我的车在这里洗车,对方损坏了我的车子态度还很差发生纠纷182****6316 #非警务#纠纷事项#消费问题#报警电话:182****6316",经济纠纷,消费纠纷,0.9
GQW202505040007,物业来电：有人不交停车费，堵在出口，起纠纷137****4161 #非警务#纠纷事项#物业管理问题#报警电话:137****4161,物业管理纠纷,物业管理纠纷,0.9
GQW202505040008,客户从我们这买的狗，自己养死了，现把死掉的狗扔进我们店里，有纠纷150****0872 #非警务#纠纷事项#消费问题#报警电话:150****0872,经济纠纷,消费纠纷,0.9
GQW202505040009,在这家医院买了狗，第二天就死了，有纠纷，153****5013 #非警务#纠纷事项#消费问题#报警电话:153****5013,经济纠纷,消费纠纷,0.9
GQW202505040010,我是卖菜，因为买卖问题，顾客扔了我的东西150****6127 #非警务#纠纷事项#消费问题#报警电话:150****6127,消费纠纷,消费纠纷,0.9
GQW202505040011,因为算账问题，合伙人闹事，有纠纷。152****6176 #非警务#纠纷事项#经济（债务）问题#报警电话:152****6176,劳动人事（就业）纠纷,经济纠纷,0.9
GQW202505040012,物业保安把我电瓶车锁了184****4473 #非警务#纠纷事项#物业管理问题#报警电话:184****4473,物业管理纠纷,物业管理纠纷,0.9
GQW202505040013,我是租客，房东不退押金有纠纷。191****4988 #非警务#纠纷事项#租赁问题#报警电话:191****4988,经济纠纷,债务纠纷,0.9
GQW202505040014,我与对方经济纠纷，具体原因不肯说158****5601 #非警务#纠纷事项#经济（债务）问题#报警电话:158****5601,债务纠纷,经济纠纷,0.9
GQW202505040015,我是给工地送货的，居民因为工地噪音问题，拦着我不让我走。188****9802 #非警务#纠纷事项#其他纠纷事项#报警电话:188****9802,环保纠纷,噪声污染,0.9
GQW202505050001,郭某(183****3688)称前夫赵某（132****1066 )因婚前外债较多，双方现因该债务矛盾较深，望有关部门关注处理。,消费纠纷,债务纠纷,0.9
GQW202505050004,报警人159****3822因琐事与前夫131****0629有纠纷，现经调解，双方按之前法院签署的调解协议处理，往有关部门予以关注。,家庭婚姻纠纷,情感纠纷,0.9
GQW202505050005,报警人183****3688称前夫132****1066闹事，现已帮其电话联系前夫，告知对方不要再来骚扰报警人了，望有关部门给予关注,治安隐患纠纷,家庭婚姻纠纷,0.9
GQW202505050006,报警人137****4964称女朋友159****1491联系不上，双方5月1号在派出所签署过调解协议，调解过，后报警人来电称其已经联系上其女朋友，现已无事，望有关部门给予关注。,其他纠纷,情感纠纷,0.9
GQW202505050101,182****3093：我老公昨天在这里打针，没有做皮试，现在人不舒服，工作人员推卸责任，有纠纷 #非警务#纠纷事项#医患问题#报警电话:182****3093,医疗纠纷,医疗纠纷,0.9
GQW202505050102,183****2970联通的工作人员用我的手机操作，被扣了几百块钱，对方说是正常流程，我现在想要退钱，有纠纷需要处理 #非警务#纠纷事项#经济（债务）问题#报警电话:183****2970,债务纠纷,消费纠纷,0.9
GQW202505050103,工资问题有纠纷，报警人现在在工地等130****9371 #非警务#纠纷事项#劳资问题#报警电话:130****9371,劳动人事（就业）纠纷,劳动人事（就业）纠纷,0.9
GQW202505050104,我爸爸和我妈妈已经离婚了，他还来骚扰我们，有纠纷136****0944 #非警务#纠纷事项#家庭婚姻感情问题#报警电话:136****0944,家庭婚姻纠纷,家庭婚姻纠纷,0.9
GQW202505050105,180****1809工作人员来电有个客户拿了快递不承认，现在又来取快递，有纠纷 #非警务#纠纷事项#物流（快递）问题#报警电话:180****1809,消费纠纷,消费纠纷,0.9
GQW202505050106,这里的老板因取快递的事情骂我，有纠纷158****9076 #非警务#纠纷事项#其他纠纷事项#报警电话:158****9076,消费纠纷,口角琐事纠纷,0.9
GQW202505050107,131****4066因工资问题和负责人有纠纷 #非警务#纠纷事项#劳资问题#报警电话:131****4066,劳动人事（就业）纠纷,劳动人事（就业）纠纷,0.9
GQW202505050108,我骑电瓶车的时候，大腿被甩过来的鱼给勾到了，流了很多血，有纠纷，需要处理    151****9728 #非警务#纠纷事项#其他纠纷事项#报警电话:151****9728,经济纠纷,损害赔偿纠纷,0.9
GQW202505050109,一个认识的人找我借钱，钱没还还把借条撕了，派出所也认识对方，双方在一起有纠纷，报警人：151****3033 #非警务#纠纷事项#经济（债务）问题#报警电话:151****3033,债务纠纷,债务纠纷,0.9
GQW202505050110,我来要工资，与对方有纠纷，现双方在一起，176****1378 #非警务#纠纷事项#劳资问题#报警电话:176****1378,劳动人事（就业）纠纷,劳动人事（就业）纠纷,0.9
GQW202505050111,#长效关注#我们家里有小孩子，楼下一直说我们家很吵，现双方起纠纷，报警人：158****5662 #非警务#纠纷事项#邻里问题#报警电话:158****5662,邻里纠纷,邻里纠纷,0.9
GQW202505060001,前男友欠钱不还，双方在场193****0333 #非警务#纠纷事项#经济（债务）问题#报警电话:193****0333,债务纠纷,债务纠纷,0.9
GQW202505060002,辅助：前男友欠钱不还，双方在场193****0333 #非警务#纠纷事项#经济（债务）问题#报警电话:193****0333,债务纠纷,债务纠纷,0.9
GQW202505060003,#长效关注#我的房租被家里人收走了，138****1184 #非警务#纠纷事项#家庭婚姻感情问题#报警电话:138****1184,家庭婚姻纠纷,家庭婚姻纠纷,0.9
GQW202505060004,两家工厂共租一个电瓶，现对方工厂不让我们使用，双方引起纠纷。报警人：159****8325 #非警务#纠纷事项#其他纠纷事项#报警电话:159****8325,经济纠纷,其他纠纷,0.9
GQW202505060005,租客把我房子里的东西弄坏了，引起吵架。180****1596 #非警务#纠纷事项#租赁问题#报警电话:180****1596,经济纠纷,损害赔偿纠纷,0.9
GQW202505060006,我与房东因为租金问题，现在产生纠纷，报警人电话：176****7759 #非警务#纠纷事项#租赁问题#报警电话:176****7759,经济纠纷,经济纠纷,0.7
GQW202505060007,"我与房东因为租金问题，现在产生纠纷，报警人电话：176****7759
重复报警:报警时间:2025-05-06 09:18:43, 报警电话:176****7759, 联系电话:176****7759, #非警务#纠纷事项#租赁问题#报警电话:176****7759",经济纠纷,债务纠纷,0.9
GQW202505060008,我买保险，对方不给我办理，报警人在现场，报警人电话195****9767 #非警务#纠纷事项#消费问题#报警电话:195****9767,其他纠纷,消费纠纷,0.9
GQW202505060009,我辞退员工，现在员工的家属来辱骂我，双方产生纠纷，报警人电话139****8660 #非警务#纠纷事项#其他纠纷事项#报警电话:139****8660,劳动人事（就业）纠纷,劳动人事（就业）纠纷,0.9
GQW202505060010,无回应，回拨称因买菜有纠纷，电话153****6197。 #非警务#纠纷事项#消费问题#报警电话:153****6197,消费纠纷,消费纠纷,0.9
GQW202505060011,"无回应，回拨称因买菜有纠纷，电话153****6197。
重复报警:报警时间:2025-05-06 11:50:33, 报警电话:153****6197, 联系电话:153****6197,（来电催促） #非警务#纠纷事项#消费问题#报警电话:153****6197",消费纠纷,消费纠纷,0.9
GQW202505060012,#长效关注#我怀疑我老婆外面有人，现在引起纠纷。139****0659 #非警务#纠纷事项#家庭婚姻感情问题#报警电话:139****0659,家庭婚姻纠纷,家庭婚姻纠纷,0.9
GQW202505060013,#长效关注#我怀疑我老婆外面有人，现在引起纠纷。139****0659 #非警务#纠纷事项#家庭婚姻感情问题#报警电话:139****0659,家庭婚姻纠纷,家庭婚姻纠纷,0.9
GQW202505060014,租车后车子故障，现在租金不肯退 #非警务#纠纷事项#租赁问题#报警电话:183****5585,经济纠纷,消费纠纷,0.9
GQW202505060015,有个业主和物业有纠纷，现在故意用车堵路，请处理，联系电话139****7302 #非警务#纠纷事项#物业管理问题#报警电话:139****7302,邻里纠纷,物业管理纠纷,0.9
GQW202505060016,物业不让我们安装窗户，引起纠纷。报警人电话：134****1602 #非警务#纠纷事项#物业管理问题#报警电话:134****1602,物业管理纠纷,物业管理纠纷,0.9
GQW202505060017,我不想租房子了，现对方不退押金，引起纠纷，报警人电话186****3362 #非警务#纠纷事项#租赁问题#报警电话:186****3362,经济纠纷,消费纠纷,0.9
GQW202505060018,对方的狗没有牵绳，咬到了我们家的狗，对方不肯赔偿，需要民警处理，报警人在附近的宠物医院 #非警务#纠纷事项#经济（债务）问题#报警电话:152****9400,经济纠纷,损害赔偿纠纷,0.9
GQW202505060019,我把房租给我朋友了，朋友没有转给房东，现在房东来找我要房租。双方有纠纷，具体地址报警人称不知道，请与其联系，报警人电话173****8115 #非警务#纠纷事项#租赁问题#报警电话:173****8115,经济纠纷,债务纠纷,0.9
GQW202505060020,我把刚刚因为房租问题与房东有纠纷的事情报过警，现来电更改地址为：乡城大道合心村137号，报警人电话：173****8115 #非警务#纠纷事项#租赁问题#报警电话:173****8115,经济纠纷,其他纠纷,0.9
GQW202505060021,#长效关注#刚才公公和我吵架后去上班了，电话联系我婆婆不让我把孩子带去看病，现我在家里，需要处理。135****1459 #非警务#纠纷事项#家庭婚姻感情问题#报警电话:135****1459,家庭婚姻纠纷,家庭婚姻纠纷,0.9
GQW202505060022,#长效关注#刚才公公和我吵架后去上班了，电话联系我婆婆不让我把孩子带去看病，现我在家里，需要处理。135****1459（辅助下单：现在我下班回来，要带小孩去医院，我婆婆不让我们走，需要再次处理） #非警务#纠纷事项#家庭婚姻感情问题#报警电话:135****1459,家庭婚姻纠纷,家庭婚姻纠纷,0.9
GQW202505060023,我打麻将被人骂了，不用120 #非警务#纠纷事项#其他纠纷事项#报警电话:137****4698,口角琐事纠纷,口角琐事纠纷,0.9
GQW202505060024,#长效关注#因为家庭琐事，老公和我吵架，需要处理   183****3288     #非警务#纠纷事项#家庭婚姻感情问题#报警电话:183****3288,家庭婚姻纠纷,家庭婚姻纠纷,0.9
GQW202505060202,岐阳村文化礼堂后面道路车辆违规乱停放引争议。,公共秩序纠纷,街面秩序,0.9
GQW202505060507,吴丽萍（159****5163）和蒋胜平（138****9949 ）两人因感情问题引起多次报警，望相关部门跟进处理。,情感纠纷,情感纠纷,0.9
GQW202505060508,何佑（198****3284 ）与妻子的前夫陈家永（156****8065）因琐事引起口角，之前陈家永与其前妻也有多次报警情况，望相关部门跟进处理。,邻里纠纷,口角琐事纠纷,0.9
GQW202505060509,蒋兰兰(133****9626)和其丈夫蔡辉 (158****8919 )两人因家庭琐事引起纠纷多次报警，望相关部门跟进处理。,家庭婚姻纠纷,家庭婚姻纠纷,0.9
GQW202505070001,有消费纠纷，需要调解188****2300 #非警务#纠纷事项#消费问题#报警电话:188****2300,消费纠纷,消费纠纷,0.9
GQW202505070002,151****4213报：我来洗脚，只想支付一半的费用，现在与商家引起纠纷 #非警务#纠纷事项#消费问题#报警电话:151****4213,消费纠纷,消费纠纷,0.9
GQW202505070003,昨天中午10点半在物业办公室看到烧物业在纸钱，觉得物业封建迷信，。133****7565 #非警务#纠纷事项#物业管理问题#报警电话:133****7565,邻里纠纷,物业管理纠纷,0.9
GQW202505070004,银行工作人员冻结我的银行卡，不给我处理。156****0121 #非警务#纠纷事项#金融问题#报警电话:156****0121,金融纠纷,金融纠纷,0.9
GQW202505070005,#长效关注#楼上的邻居房子漏水下来，物业已经联系过了，邻居不处理一直拖着，我大概20分钟到家，需要帮助。150****6276 #非警务#纠纷事项#邻里问题#报警电话:150****6276,邻里纠纷,邻里纠纷,0.9
GQW202505070006,来电称因为项目的费用问题，对方不让我走。139****0599 #非警务#纠纷事项#经济（债务）问题#报警电话:139****0599,其他纠纷,经济纠纷,0.9
GQW202505070007,货车司机，对方一直没来收货，给收货人打电话，先跟对方有纠纷。185****7798 #非警务#纠纷事项#物流（快递）问题#报警电话:185****7798,消费纠纷,其他纠纷,0.9
GQW202505070008,老板拖欠工资，有纠纷，183****6456 #非警务#纠纷事项#劳资问题#报警电话:183****6456,劳动人事（就业）纠纷,劳动人事（就业）纠纷,0.9
GQW202505070009,老板不给我老婆发生育津贴，一直拖欠很久了，双方有纠纷。135****4882 #非警务#纠纷事项#劳资问题#报警电话:135****4882,劳动人事（就业）纠纷,劳动人事（就业）纠纷,0.9
GQW202505070010,租车公司不肯退押金，有纠纷150****8300 #非警务#纠纷事项#租赁问题#报警电话:150****8300,经济纠纷,消费纠纷,0.9
GQW202505070011,租车公司不肯退押金，有纠纷150****8300（15:04来电称但有对方负责人车牌，现场处理人员在场，称需要查询对方电话，告知海曙交警电话） #非警务#纠纷事项#租赁问题#报警电话:150****8300,经济纠纷,消费纠纷,0.9
GQW202505070012,我是送货司机，老板侮辱我，有纠纷。173****8989 #非警务#纠纷事项#其他纠纷事项#报警电话:173****8989,其他纠纷,劳动人事（就业）纠纷,0.9
GQW202505070013,离职的员工一直赖在我们公司宿舍不肯走，侵犯我们公司权益。135****0772 #非警务#纠纷事项#劳资问题#报警电话:135****0772,劳动人事（就业）纠纷,劳动人事（就业）纠纷,0.9
GQW202505070014,有人向我推销电话卡，现我想要退，对方不肯引起纠纷。报警人电话：155****0562 #非警务#纠纷事项#消费问题#报警电话:155****0562,消费纠纷,消费纠纷,0.9
GQW202505070015,#长效关注#我女儿和她公公抢小孩有纠纷。电话：157****9889 #非警务#纠纷事项#家庭婚姻感情问题#报警电话:157****9889,家庭婚姻纠纷,家庭婚姻纠纷,0.9
GQW202505070016,有辆车占用我们店铺门口的车位，车主在现场但是不肯开走，导致我们的车没有地方停，有纠纷，138****4215 #非警务#纠纷事项#其他纠纷事项#报警电话:138****4215,邻里纠纷,街面秩序,0.9
GQW202505070017,这里有人问我收取停车费，我不愿意给，对方锁住我的车，引起纠纷。147****7362 #非警务#纠纷事项#物业管理问题#报警电话:147****7362,经济纠纷,消费纠纷,0.9
GQW202505070018,这里有人问我收取停车费，我不愿意给，对方锁住我的车，引起纠纷。147****7362 #非警务#纠纷事项#物业管理问题#报警电话:147****7362,经济纠纷,消费纠纷,0.9
GQW202505070019,这里有人问我收取停车费，我不愿意给，对方锁住我的车，引起纠纷。147****7362 #非警务#纠纷事项#其他纠纷事项#报警电话:147****7362,经济纠纷,消费纠纷,0.9
GQW202505070020,这里有人问我收取停车费，我不愿意给，对方锁住我的车，引起纠纷。147****7362 #非警务#纠纷事项#物业管理问题#报警电话:147****7362,经济纠纷,消费纠纷,0.9
GQW202505070021,因讨要生活费，双方引起纠纷。报警人：182****1011 #非警务#纠纷事项#劳资问题#报警电话:182****1011,劳动人事（就业）纠纷,劳动人事（就业）纠纷,0.9
GQW202505070022,#长效关注#邻居家的狗撒尿到我家地毯上，引起纠纷，报警人电话159****5725 #非警务#纠纷事项#邻里问题#报警电话:159****5725,邻里纠纷,狗患纠纷,0.9
GQW202505070023,顾客来电称商家没有给我提供购买黄金后的称重单子，我要退款，商家不肯，双方引起纠纷，需要处理，报警人电话：183****3288 #非警务#纠纷事项#消费问题#报警电话:183****3288,消费纠纷,消费纠纷,0.9
GQW202505070024,顾客来电称商家没有给我提供购买黄金后的称重单子，我要退款，商家不肯，双方引起纠纷，需要处理，报警人电话：183****3288（来电催促，称商场10点就要下班了，需要尽快处理） #非警务#纠纷事项#消费问题#报警电话:183****3288,消费纠纷,消费纠纷,0.9
GQW202505070025,#长效关注#邻居家的狗尿到我家地毯上，引起纠纷，报警人电话159****5725 #非警务#纠纷事项#邻里问题#报警电话:159****5725,邻里纠纷,狗患纠纷,0.9
GQW202505070026,乘客吐在我的车上，还辱骂我，双方发生纠纷，报警人电话181****0951 #非警务#纠纷事项#司乘（代驾）问题#报警电话:181****0951,消费纠纷,口角琐事纠纷,0.9
GQW202505070110,居民电瓶车充电时被其他人拔走充电器，引发矛盾,经济纠纷,口角琐事纠纷,0.9
GQW202505070209,罗曼居民小孩放鞭炮，引发矛盾,邻里纠纷,口角琐事纠纷,0.9
GQW202505070503,张颖（158****7621）4.29和朋友吵架后说了一些消极的话语，后民警碰面确认安全，称是赌气说的话，不会做出过激的行为。需关注该人情况。,情感纠纷,口角琐事纠纷,0.9
GQW202505070504,朱可迪（130****7651 ）与父亲朱大国（130****7651 ）因报警人玩游戏一事发生口角，引起纠纷，现民警到达现场后已和报警人父母碰面，其称家里的事情会自行沟通解决。需关注家庭情况。,消费纠纷,家庭婚姻纠纷,0.9
GQW202505070505,熊东梅（130****4531）的前男友刘浩（133****2722）4.30一直在撞门闹事现民警到达现场后已调解平息，前男友已离开。需关注两人情况。,治安隐患纠纷,情感纠纷,0.9
GQW202505070506,胡良琴（151****0173）与男友段宇（136****2083）因感情的事情有纠纷，后双方去警务站调解处理，后经调解相互赔礼道歉。需关注两人情况。,经济纠纷,情感纠纷,0.9
GQW202505070507,魏仕君（133****3859）称女儿魏健英（173****030515岁未成年人）留下字条后离家出走。后民警以帮助找回，需关注该家庭情况。,其他纠纷,家庭婚姻纠纷,0.9
GQW202505070508,沈建富（189****7121）称女儿在学校因性格问题与同学发生口角，现高桥中学校长及班主任出面处理。需关注该事件情况。,口角琐事纠纷,涉校园纠纷,0.9
GQW202505070512,魏学珍（189****7154）与唐刚令（181****1528）两夫妻因家庭琐事发生口角，后经调解双方互相赔礼道歉，双方签署调解协议离所。需关注两人情况。,经济纠纷,口角琐事纠纷,0.9
GQW202505070513,俞洁钦（176****8502）称因爸爸陈金初（137****8259 ）跟合伙人投资失败导致其妈妈杨祝凡（158****4552）情绪不好，称要开车拿刀找合伙人理论，现民警已在路上将其拦下，并没收车上的菜刀。现民警已对其进行批评教育，陈金初表示会合理合法处理，不会做过激行为，现已写下保证书。需关注该情况。,其他,其他纠纷,0.9
GQW202505070514,解霞芳（158****0583）称与男友程志明（136****0751）因分手一事有纠纷，男的一直在敲门，现对方已离开，报警人称自行联系男友处理此事。需关注两人情况。,消费纠纷,情感纠纷,0.9
GQW202505070515,李秀（135****6323）与唐顺友（187****3743）系夫妻关系，双方因家庭琐事发生口角。后经调解双方互相赔礼道歉。已需关注两人情况。,经济纠纷,口角琐事纠纷,0.9
GQW202505070516,武飞（186****3831）与李章梦（157****6597）因感情问题发生口角，现双方已和好。需关注该情况。,口角琐事纠纷,情感纠纷,0.9
GQW202505070517,邓游游（183****7578）称其老公李志强（159****7172）酒喝多了，情绪激动心情不好在小区哭泣，现有有老婆及家属照顾，已无事。需关注该人日常情况。,其他,其他纠纷,0.9
GQW202505070518,汤远英（191****8350）与丈夫侯洪祥（130****0898）因家庭琐事引起纠纷，吵了几句，后经调解，侯洪祥向汤远英赔礼道歉。需关注两人情况。,经济纠纷,家庭婚姻纠纷,0.9
GQW202505070519,马小山（139****4673）此前与女友恋爱期间向对方进行转账，后二人因彩礼问题不合导致分手，现其想讨会此前在前女友地方花费的钱，此事系其恋爱期间产生的经济纠纷，告知其通过法院起诉处理。共报警三次，需关注该纠纷情况。,土地森林草场水利等纠纷,情感纠纷,0.9
GQW202505070520,李艳辉（137****7707）与宁国永（191****6300）因存在债务引起矛盾，后经现场调解双方表示走司法途径。需关注该情况。,债务纠纷,债务纠纷,0.9
GQW202505070521,王樾（195****88721）酒喝多了与男友沈加伟(187****9466)因感情问题引起口角纠纷，需关注。,情感纠纷,情感纠纷,0.9
GQW202505070522,章渊（138****8220）称和女友陈露娑（211****239029）有经济纠纷，后经调解章渊与陈露娑互相赔礼道歉，双方和解，已签署调解协议。需关注两人情况。,经济纠纷,经济纠纷,0.9
GQW202505070523,马丽云（157****4400）和男友唐义（130****6621）因工作生活琐事引起纠纷，后经调解马丽云夏唐义相互赔礼道歉此事了结。需关注两人情况。,经济纠纷,口角琐事纠纷,0.9
GQW202505070524,周燕（189****0676）称其父母与嫂子因钱的事情有纠纷，后其表示会通过法院去处理。望关注该家庭情况。,消费纠纷,家庭婚姻纠纷,0.9
GQW202505070525,孙波（137****9825）与老公倪立飞（150****7343）酒后产生纠纷，后双方表示会通过法院诉讼离婚。需关注两人情况。,家庭婚姻纠纷,家庭婚姻纠纷,0.9
GQW202505070526,贺一纯（135****2945）与男友陈永陆（152****2648）因感情的事情有纠纷，需关注两人情况。,情感纠纷,情感纠纷,0.9
GQW202505070527,裘美香（187****8382）与老公李育辉（137****0939）因家庭琐事引起纠纷，后报警人表示原谅老公，需关注两人情况。,家庭婚姻纠纷,家庭婚姻纠纷,0.9
GQW202505070528,徐从信（158****4342）患有抑郁症想不开自杀，5月6日割喉，现有在市二院救治，家属陪同，，目前生命体征正常，血已经止住。该人4.30曾跳河，望重点关注该人情况。,治安隐患纠纷,其他纠纷,0.9
GQW202505070529,李艳辉（137****7707）与宁国永（191****6300）因分手后经济问题多次报警，望相关部门跟进处理。,情感纠纷,经济纠纷,0.9
GQW202505080001,出租车司机浙BDT0762报警：乘客称手机掉我车上了，我没有看到，乘客不信，产生纠纷，报警人电话：130****1455 #非警务#纠纷事项#司乘（代驾）问题#报警电话:130****1455,消费纠纷,消费纠纷,0.9
GQW202505080002,出租车司机浙BDT0762报警：乘客称手机掉我车上了，我没有看到，乘客不信，产生纠纷，报警人电话：130****1455（报警人来电催促） #非警务#纠纷事项#司乘（代驾）问题#报警电话:130****1455,消费纠纷,口角琐事纠纷,0.9
GQW202505080003,因租房问题引起纠纷，报警人电话：180****8762 #非警务#纠纷事项#租赁问题#报警电话:180****8762,经济纠纷,房地产纠纷,0.9
GQW202505080004,房租到期，对方租客不付钱188****4571 #非警务#纠纷事项#租赁问题#报警电话:188****4571,经济纠纷,债务纠纷,0.9
GQW202505080005,156****0809来电称老板不给工资，我们4个人。 #非警务#纠纷事项#劳资问题#报警电话:156****0809,劳动人事（就业）纠纷,劳动人事（就业）纠纷,0.9
GQW202505080006,业务员把我货拿去卖了，不给钱，有纠纷133****0016 #非警务#纠纷事项#经济（债务）问题#报警电话:133****0016,经济纠纷,债务纠纷,0.9
GQW202505080007,我的手机在这里买了几个月，现坏了，对方不肯帮我修，需要处理158****7349 #非警务#纠纷事项#消费问题#报警电话:158****7349,消费纠纷,消费纠纷,0.9
GQW202505080008,我们在装修，之前的装修的师傅来讨工资，还把我们的电关掉，影响我们工作，132****3285 #非警务#纠纷事项#劳资问题#报警电话:132****3285,经济纠纷,劳动人事（就业）纠纷,0.9
GQW202505080009,我送到了东西（汽车绿本），对方不给我运费。 #非警务#纠纷事项#其他纠纷事项#报警电话:138****6609,其他纠纷,债务纠纷,0.9
GQW202505080010,被物业骚扰，骚扰短信和家门口贴律师函等。报警人现在不在153****3169 #非警务#纠纷事项#物业管理问题#报警电话:153****3169,物业管理纠纷,物业管理纠纷,0.9
GQW202505080011,#长效关注#有人站在小区停车位上抢车位，不肯让我停车，现在有辆黑色沃尔沃（浙B7Z866）故意堵路。180****7261 #非警务#纠纷事项#邻里问题#报警电话:180****7261,邻里纠纷,邻里纠纷,0.9
GQW202505080012,我是租户，房东没有经过我的允许把我的门锁换了，现产生纠纷。188****2842 #非警务#纠纷事项#租赁问题#报警电话:188****2842,经济纠纷,物业管理纠纷,0.9
GQW202505080013,我在这里租了一个房子，只住了一晚上，现想退租，房东不同意有纠纷。电话：176****6113 #非警务#纠纷事项#租赁问题#报警电话:176****6113,经济纠纷,消费纠纷,0.9
GQW202505080014,我在这干活，对方工资不给我，有纠纷。183****8931 #非警务#纠纷事项#劳资问题#报警电话:183****8931,劳动人事（就业）纠纷,劳动人事（就业）纠纷,0.9
GQW202505080015,和网约车司机因为开窗问题有纠纷180****8077 #非警务#纠纷事项#司乘（代驾）问题#报警电话:180****8077,消费纠纷,消费纠纷,0.9
GQW202505080016,和网约车司机因为开窗问题有纠纷180****8077 #非警务#纠纷事项#司乘（代驾）问题#报警电话:180****8077,消费纠纷,消费纠纷,0.9
GQW202505080308,印悦里居民5幢401投诉楼上业主群租扰民，经社区调解还是维持原状，希望相关部门处理。-#邻里纠纷#,物业管理纠纷,邻里纠纷,0.9
GQW202505080401,君尚城7号楼1单元1号把水漏到楼下，2家人发生争执，引发吵架，要求社区对此事进行调解,口角琐事纠纷,邻里纠纷,0.9
GQW202505080505,派出所工作发现：广贤名苑5幢19单元1204室，当事人徐嫣羲（电话：137****6469）称男朋友（电话：198****9002）拍了其不雅照，还问其要钱，后经核实系男女朋友之间存在经济纠纷，现已告知向法院起诉处理，不存在发送不雅照片等情况。望相关部门予以关注跟进处理。,消费纠纷,经济纠纷,0.9
GQW202505080506,2025年5月7日，接110报警：高桥镇梁祝村孙家24号-6，我被人打了，具体情况说不清楚，电话里面有说对方要杀人，需要救护车。到场经核实当事人唐正君(电话：158****3646)与王宁宁(电话：136****8306)是同居男女朋友关系，目前二人因分手一事有纠纷，后经现场调解，二人双方和平分手，女的已经搬离暂住房。后续望相关部门予以关注跟进。,治安隐患纠纷,情感纠纷,0.9
GQW202505080509,严林花（157****5152），其老公欧阳靓来（182****9266）两人一起生活在江南村田阳新村1幢106，并一期养育子女。严林花另有一男友刘丰硕(139****4313)生活在北仑区。需关注其家庭情况。,家庭婚姻纠纷,家庭婚姻纠纷,0.9
GQW202505090001,我是乘客，跟滴滴司机因费用问题引起纠纷，报警人电话：133****9930 #非警务#纠纷事项#司乘（代驾）问题#报警电话:133****9930,消费纠纷,消费纠纷,0.9
GQW202505090002,邻居家的狗尿到我家地毯上，引起纠纷。159****5725 #非警务#纠纷事项#邻里问题#报警电话:159****5725,邻里纠纷,狗患纠纷,0.9
GQW202505090003,#长效关注#邻居家的狗尿到我家地毯上，引起纠纷。159****5725 #非警务#纠纷事项#邻里问题#报警电话:159****5725,邻里纠纷,狗患纠纷,0.9
GQW202505090004,132****9975我来这里修手机，对方没修好给我屏幕修坏了，双方因为赔偿问题有纠纷 #非警务#纠纷事项#消费问题#报警电话:132****9975,消费纠纷,消费纠纷,0.9
GQW202505090005,133****1066报：我在这里购买了二手手机，有质量问题不让我退货引起纠纷，具体地址请与报警人联系 #非警务#纠纷事项#消费问题#报警电话:133****1066,消费纠纷,消费纠纷,0.9
GQW202505090006,两个老板辞退我有纠纷，双方在一起134****5209 #非警务#纠纷事项#劳资问题#报警电话:134****5209,劳动人事（就业）纠纷,劳动人事（就业）纠纷,0.9
GQW202505090007,我租了公寓，只住了五六天，我不想租了，房东不退我押金还要扣违约金，报警人电话134****5209 #非警务#纠纷事项#租赁问题#报警电话:134****5209,经济纠纷,消费纠纷,0.9
GQW202505090008,153****4280报：因工资问题与老板有纠纷 #非警务#纠纷事项#劳资问题#报警电话:153****4280,劳动人事（就业）纠纷,劳动人事（就业）纠纷,0.9
GQW202505090009,183****1197：老公（151****9867）称因为顾客称材料质量问题，有纠纷需要处理 #非警务#纠纷事项#消费问题#报警电话:183****1197,消费纠纷,消费纠纷,0.9
GQW202505090010,138****1575业主来电家里漏水，物业不管，有纠纷 #非警务#纠纷事项#物业管理问题#报警电话:138****1575,物业管理纠纷,物业管理纠纷,0.9
GQW202505090011,173****2162：因为店铺转让有纠纷，需要处理 #非警务#纠纷事项#租赁问题#报警电话:173****2162,经济纠纷,消费纠纷,0.9
GQW202505090012,173****2162：因为店铺转让有纠纷，需要处理 （来电催促） #非警务#纠纷事项#租赁问题#报警电话:173****2162,经济纠纷,消费纠纷,0.9
GQW202505090013,183****1197：老公（151****9867）称因为顾客称材料质量问题，有纠纷需要处理（辅助下单：来电称刚刚我老公有些事情没说清楚，需要工作人员再次到场处理） #非警务#纠纷事项#消费问题#报警电话:183****1197,消费纠纷,消费纠纷,0.9
GQW202505090014,房东报：租客不租了，但我今天过来租客还在房子里有纠纷，需要处理189****5967 #非警务#纠纷事项#租赁问题#报警电话:189****5967,经济纠纷,其他纠纷,0.9
GQW202505090015,（辅助下单，来电催促）房东报：租客不租了，但我今天过来租客还在房子里有纠纷，需要处理189****5967（已电告海曙分局） #非警务#纠纷事项#租赁问题#报警电话:189****5967,经济纠纷,债务纠纷,0.7
GQW202505090016,这里搞活动，又说抵用券用不了，有纠纷130****0159 #非警务#纠纷事项#消费问题#报警电话:130****0159,消费纠纷,消费纠纷,0.9
GQW202505090017,辅助：这里搞活动，又说抵用券用不了，有纠纷130****0159 #非警务#纠纷事项#消费问题#报警电话:130****0159,消费纠纷,消费纠纷,0.9
GQW202505090018,我在宠物店购买了宠物猫（疑似病猫），现在我在店家门口，怕进去有冲突，不给退钱。195****0689 #非警务#纠纷事项#消费问题#报警电话:195****0689,经济纠纷,消费纠纷,0.9
GQW202505090019,#长效关注#我在上海，父亲（171****1001）和继母有矛盾，具体不清138****9627 #非警务#纠纷事项#家庭婚姻感情问题#报警电话:138****9627,家庭婚姻纠纷,家庭婚姻纠纷,0.9
GQW202505090020,因为租房有纠纷，现在双方在一起需要处理。189****3329 #非警务#纠纷事项#租赁问题#报警电话:189****3329,经济纠纷,房地产纠纷,0.9
GQW202505090021,超市买的米里面吃出玻璃渣，他们不给退有纠纷188****3469 #非警务#纠纷事项#消费问题#报警电话:188****3469,消费纠纷,消费纠纷,0.9
GQW202505090022,出租车司机报警：乘客吐在我车上，产生纠纷。 #非警务#纠纷事项#司乘（代驾）问题#报警电话:138****9208,消费纠纷,消费纠纷,0.9
GQW202505090023,#长效关注#邻居乱放东西，把路都堵了，影响我家进出，我的车子都过不了。180****9147 #非警务#纠纷事项#邻里问题#报警电话:180****9147,邻里纠纷,邻里纠纷,0.9
GQW202505090201,报警人任进（电话：173****5398）因其老婆何双凤（电话：173****0218）经常被别的男的叫去KTV唱歌，老公时对此非常不满，双方经常吵架，望相关部门予以关注并处理。,家庭婚姻纠纷,情感纠纷,0.9
GQW202505090703,海曙区高桥镇联丰中路732号，其他业主经常在楼梯口充电，把楼梯口全部堵死，存在隐患，诸请及时处理。,消防隐患纠纷,消防隐患纠纷,0.9
GQW202505090902,村民反映有明火烧水，有安全隐患。,环保纠纷,治安隐患纠纷,0.9
GQW202505090904,有居民反映万盛实业厂房楼顶在装白色彩钢瓦，有反光影响日常生活,邻里纠纷,环保纠纷,0.9
GQW202505100001,系崔蕾（130****7233）和前夫刁敏（185****1611）俩人因家庭琐事经常吵架，二人矛盾较深，多次报警，望相关部门关注处理。,家庭婚姻纠纷,家庭婚姻纠纷,0.9
GQW202505100002,汤欣瑶（198****9050）和男友张若森（150****1662 ）因经济问题引起纠纷，望相关部门跟进处理。,情感纠纷,经济纠纷,0.9
GQW202505100003,周尹（135****7461）和男友许行（151****2906）两人因感情琐事引起纠纷多次报警，望相关部门跟进处理。,情感纠纷,情感纠纷,0.9
GQW202505100004,王建红（158****7040）和其老婆杨璐璐（188****7586）因家庭琐事引起纠纷多次报警，望相关部门跟进处理。,家庭婚姻纠纷,家庭婚姻纠纷,0.9
GQW202505100005,报警人（158****7356）的父亲因确诊肠癌，顾产生轻生念头，望有关部门予以关注，跟进处理。,其他卫生健康问题,其他纠纷,0.9
GQW202505100101,#长效关注#楼上的人一直骂我和我女儿。报警人语无伦次，具体原因不清。156****6872 #非警务#纠纷事项#邻里问题#报警电话:156****6872,邻里纠纷,邻里纠纷,0.9
GQW202505100102,我是货运司机，和对方说了不要开侧门，对方还拉开门，导致车门坏了，引起纠纷。190****7336 #非警务#纠纷事项#物流（快递）问题#报警电话:190****7336,经济纠纷,损害赔偿纠纷,0.9
GQW202505100103,房东不退我租房押金，报警人电话：135****1406. #非警务#纠纷事项#租赁问题#报警电话:135****1406,经济纠纷,消费纠纷,0.9
GQW202505100104,"房东不退我租房押金，报警人电话：135****1406.
重复报警:报警时间:2025-05-10 10:00:28, 报警电话:135****1406, 联系电话:135****1406, #非警务#纠纷事项#租赁问题#报警电话:135****1406",经济纠纷,债务纠纷,0.9
GQW202505100105,我是商家，与顾客因为商品质量问题有纠纷135****5180（请分局通知四平台） #非警务#纠纷事项#消费问题#报警电话:135****5180,消费纠纷,消费纠纷,0.9
GQW202505100106,我在超市买到过期的米，来向对方讨要，报警人电话：178****5552 #非警务#纠纷事项#消费问题#报警电话:178****5552,消费纠纷,消费纠纷,0.9
GQW202505100107,电瓶车刚买了不久，现在发现有质量问题，我要求换新，商家不同意，双方发生纠纷，报警人电话135****8364 #非警务#纠纷事项#消费问题#报警电话:135****8364,消费纠纷,消费纠纷,0.9
GQW202505100108,有顾客把东西在我这里抵押，已经被我卖掉了，现在东西的主人找上门来找我要，双方发生纠纷。 #非警务#纠纷事项#其他纠纷事项#报警电话:138****0190,经济纠纷,经济纠纷,0.9
GQW202505100109,3月份，我妈妈之前在这里做了美容项目，导致我妈妈身体急转直下，现我和商家在一起有纠纷152****0413（请分局通知四平台） #非警务#纠纷事项#消费问题#报警电话:152****0413,消费纠纷,消费纠纷,0.9
GQW202505100110,来电称对方给我妈妈做了一个整形手术，现在病情严重，136****4701 #非警务#纠纷事项#医患问题#报警电话:136****4701,医疗纠纷,医疗纠纷,0.9
GQW202505100111,我在这里没有安装宽带，移动公司称我欠费，引起纠纷。136****6516 #非警务#纠纷事项#消费问题#报警电话:136****6516,消费纠纷,消费纠纷,0.9
GQW202505100112,我买到烂掉的榴莲，老板不给我退，产生纠纷，报警人电话：137****3061 #非警务#纠纷事项#消费问题#报警电话:137****3061,消费纠纷,消费纠纷,0.9
GQW202505100113,#长效关注#路面被邻居挖掉一年没有修路，我车子停在这里，对方不让我开出去。189****5575 #非警务#纠纷事项#邻里问题#报警电话:189****5575,邻里纠纷,邻里纠纷,0.9
GQW202505100114,187****8136：我哥之前被狗咬了，现在来问对方要赔偿，有纠纷需要处理 #非警务#纠纷事项#经济（债务）问题#报警电话:187****8136,经济纠纷,损害赔偿纠纷,0.9
GQW202505100115,153****9128：因为租车的退车问题，有纠纷需要处理 #非警务#纠纷事项#租赁问题#报警电话:153****9128,经济纠纷,消费纠纷,0.9
GQW202505110201,有人买了鸡爪又要退货，引起纠纷，现在该人在我店里闹事，摔东西。159****9835 #非警务#纠纷事项#消费问题#报警电话:159****9835,消费纠纷,消费纠纷,0.9
GQW202505110202,有顾客买了东西，现来退，引起吵架。189****6781 #非警务#纠纷事项#消费问题#报警电话:189****6781,消费纠纷,消费纠纷,0.9
GQW202505110203,有人买了鸡爪又要退货，引起纠纷，现在该人在我店里闹事，摔东西。159****9835（11:40分来电催促，称对方一直在闹事，还称要打人） #非警务#纠纷事项#消费问题#报警电话:159****9835,消费纠纷,消费纠纷,0.9
GQW202505110204,争吵声无回应挂断，回拨多次无法接通（11:37回拨电话拒接）（11:40外线回拨接起未说地址又挂了，再回拨无人接听）（11:44外线联系上联丰路孙家漕菜市场门口，我是送外卖的，因客户退单，商家一直骂我）198****2376 #非警务#纠纷事项#物流（快递）问题#报警电话:198****2376,消费纠纷,消费纠纷,0.9
GQW202505110205,一个客人因消费的问题和我起纠纷。报警人电话：151****5873 #非警务#纠纷事项#消费问题#报警电话:151****5873,消费纠纷,消费纠纷,0.9
GQW202505110206,我找人修理车配件，现对方加价，有纠纷。155****2979 #非警务#纠纷事项#消费问题#报警电话:155****2979,经济纠纷,消费纠纷,0.9
GQW202505110207,我是商户，客户在这里买榴莲，开了又说不要了，双方有纠纷。135****4096 #非警务#纠纷事项#消费问题#报警电话:135****4096,消费纠纷,消费纠纷,0.9
GQW202505110208,我找人修理车配件，现对方要加价，有纠纷。155****2979（14:11来电催促） #非警务#纠纷事项#消费问题#报警电话:155****2979,经济纠纷,消费纠纷,0.9
GQW202505110209,乘客的小孩吐我车上了，现在不肯出洗车费。报警人：181****3920。 #非警务#纠纷事项#司乘（代驾）问题#报警电话:181****3920,消费纠纷,消费纠纷,0.9
GQW202505110210,老乡卖我电瓶车有质量问题，对方不给我退，报警人电话：135****6006 #非警务#纠纷事项#消费问题#报警电话:135****6006,消费纠纷,消费纠纷,0.9
GQW202505110211,前两天我和港城购物（望春望童西路928弄1号）因消费问题有矛盾，现一直有人加我好友骂我。报警人电话：186****6893 #非警务#纠纷事项#消费问题#报警电话:186****6893,消费纠纷,消费纠纷,0.9
GQW202505110212,有人称我不能在他店门口掉头，把我车钥匙拔了，不让我走，产生纠纷。131****2602 #非警务#纠纷事项#其他纠纷事项#报警电话:131****2602,消费纠纷,消费纠纷,0.9
GQW202505110213,快递员送快递每次都要经过到我店里，在我店里转来转去，有纠纷，报警人电话：136****6822 #非警务#纠纷事项#物流（快递）问题#报警电话:136****6822,消费纠纷,消费纠纷,0.9
GQW202505110214,137****0444：找了个员工，对方不合适我要辞退，对方不肯离开。 #非警务#纠纷事项#劳资问题#报警电话:137****0444,劳动人事（就业）纠纷,劳动人事（就业）纠纷,0.9
GQW202505110215,我来找我男性朋友拿回车钥匙，对方不还给我，产生纠纷。具体原因报警人不肯说。151****8533 #非警务#纠纷事项#其他纠纷事项#报警电话:151****8533,经济纠纷,其他纠纷,0.9
GQW202505110216,有个租客租了车子，现在联系不上对方，也没对方的联系号码，但是我们现在已到了对方的户籍地需要帮忙。183****1107 #非警务#纠纷事项#租赁问题#报警电话:183****1107,经济纠纷,其他纠纷,0.9
GQW202505110401,刘田利（186****8202）与丈夫吴飞（158****9350）因感情问题和孩子教育问题有多次报警，望相关部门跟进处置。,家庭婚姻纠纷,情感纠纷,0.9
GQW202505120001,因喝酒吐在车里被司机告知需要增加200元洗车费引起纠纷，电话137****9720。 #非警务#纠纷事项#司乘（代驾）问题#报警电话:137****9720,消费纠纷,消费纠纷,0.9
GQW202505120002,因喝酒吐在车里被司机告知需要增加200元洗车费引起纠纷，电话137****9720。（报警人来电催促） #非警务#纠纷事项#司乘（代驾）问题#报警电话:137****9720,消费纠纷,消费纠纷,0.9
GQW202505120003,浙BT3632出租车司机报警，乘客不付车费，引起纠纷。137****3538 #非警务#纠纷事项#司乘（代驾）问题#报警电话:137****3538,消费纠纷,消费纠纷,0.9
GQW202505120004,浙BT3632出租车司机报警，乘客不付车费，引起纠纷。137****3538（后来电称无需处理） #非警务#纠纷事项#司乘（代驾）问题#报警电话:137****3538,消费纠纷,消费纠纷,0.9
GQW202505120005,我应聘驾驶员，做了一天要辞职，对方要扣我定金并让我支付违约金，引发纠纷158****2630 #非警务#纠纷事项#劳资问题#报警电话:158****2630,劳动人事（就业）纠纷,劳动人事（就业）纠纷,0.9
GQW202505120006,工资拿不到，联系不上老板，现人在干活的地方193****4825 #非警务#纠纷事项#劳资问题#报警电话:193****4825,劳动人事（就业）纠纷,劳动人事（就业）纠纷,0.9
GQW202505120007,我在这买了一个手机，现在对方让我自己找售后，现在有纠纷158****0805 #非警务#纠纷事项#消费问题#报警电话:158****0805,消费纠纷,消费纠纷,0.9
GQW202505120008,因为加工的尾款没有协商好，对方的老公到我厂里砸东西，耍横，有纠纷，电话：136****5667 #非警务#纠纷事项#经济（债务）问题#报警电话:136****5667,其他纠纷,经济纠纷,0.9
GQW202505120009,对方在我这里租了车，要提前退车引起纠纷。132****0096 #非警务#纠纷事项#租赁问题#报警电话:132****0096,经济纠纷,消费纠纷,0.9
GQW202505120010,讨薪纠纷，需要处理176****1378 #非警务#纠纷事项#劳资问题#报警电话:176****1378,劳动人事（就业）纠纷,劳动人事（就业）纠纷,0.9
GQW202505120011,我的车子充电器损坏了，对方不肯赔，有纠纷。139****8346 #非警务#纠纷事项#其他纠纷事项#报警电话:139****8346,经济纠纷,经济纠纷,0.9
GQW202505120109,学院路和联丰路交叉路口，有两辆车发生追尾，两名车主下车查看还发生口角,口角琐事纠纷,交通事故纠纷,0.9
GQW202505120112,10幢居民反映楼底下车库活动室有居民在停车墙角边小便，引起邻里矛盾，跟物业反映多次一直解决不了，请社区出面解决一下。,公共秩序纠纷,邻里纠纷,0.9
GQW202505120114,高桥村网格内村民楼某某想在自家小屋安装一个新电表，需要敲掉一些墙面，拼墙领居不肯引起矛盾，到村来调解。-#邻里纠纷#,工程施工纠纷,邻里纠纷,0.9
GQW202505120207,#邻里纠纷#网格员在网格群了解到居民双方因楼道口摆放杂物堵塞消防通道问题引发邻里纠纷，需社区物业联系处理。,消防隐患纠纷,邻里纠纷,0.9
GQW202505120302,12幢居民阳台上往下扔垃圾引起邻里矛盾，楼下居民在群里反映情况让物业查一下，物业查无此人，电话打到社区希望社区出面解决一下。,物业管理纠纷,邻里纠纷,0.9
GQW202505120401,君尚城小区8幢的居民婆婆和媳妇为了二胎事情发生矛盾，要求社区网格长进行调解,物业管理纠纷,家庭婚姻纠纷,0.9
GQW202505120503,余丽红（157****8817）与顾银玲系女性情侣关系，因其发现女友与别人有关系，故报警。需关注两人情况。,情感纠纷,情感纠纷,0.9
GQW202505120504,张彤宇（136****9729）与老婆王雪（159****3408）因拍照没拍好一事发生口角，引起纠纷，现民警到达现场后，刀已经放下，只是吓唬了一下其老公，双方未动手，也未有人受伤，现已调解平息，需关注。,经济纠纷,口角琐事纠纷,0.9
GQW202505120505,丁森翔(176****0714)麻茹晴(198****8672)男女朋友因感情上的事情引起纠纷，后经调解，麻茹晴和丁森翔相互赔礼道歉。需关注。,情感纠纷,情感纠纷,0.9
GQW202505120506,孙丰（156****5136）称称其老婆（曹璐娜(137****6890）有被害妄想症，需关注该家庭情况。,其他,家庭婚姻纠纷,0.9
GQW202505120511,徐鹤洋（173****5040 ）酒喝多了称报警称藕缆桥西路68号合泽服饰厂老板拖欠2400元工程款需求帮助，望关注。,其他纠纷,劳动人事（就业）纠纷,0.9
GQW202505120512,郑诗源（188****2341）和老公柳青（188****2341）因家庭琐事引起纠纷，郑诗源一直唠叨柳青前女友的事，柳青受不了就打了郑诗源几下。后经调解，柳青向郑诗源赔礼道歉，并保证以后不会在发生类似的事情，双方签署调解协议，调解平息。需关注。,家庭婚姻纠纷,家庭婚姻纠纷,0.9
GQW202505120513,刘楠楠（138****6132）因女儿刘芷琪（138****6132，14岁）抽烟批评女儿，导致女儿情绪激动想不开，现场经民警调解，其女儿已意识到自身错误称不会有过激行为和想法，现其女儿情绪稳定，已交由报警人照顾。需关注该情况。,其他,口角琐事纠纷,0.9
GQW202505120514,赵美菊（180****1169）因和男友朱江（132****8028）感情不和引起纠纷，需关注两人情况。,情感纠纷,情感纠纷,0.9
GQW202505120515,黎春梅（138****1939）因下午与男友杨日厅（139****8637）因感情问题发生口角，互相推搡了一下后经调解双方赔礼道歉，签署调解协议离开 。需关注该情况。,治安隐患纠纷,情感纠纷,0.9
GQW202505130001,对方的车（浙BOKW83，黑色卡罗拉)把小区门堵住了。137****3750 #非警务#纠纷事项#其他纠纷事项#报警电话:137****3750,邻里纠纷,街面秩序,0.9
GQW202505130002,保安报警，停车问题纠纷130****6569 #非警务#纠纷事项#物业管理问题#报警电话:130****6569,邻里纠纷,物业管理纠纷,0.9
GQW202505130003,我是业主，保安不让我进，一定要我登记，产生纠纷，报警人186****3061 #非警务#纠纷事项#物业管理问题#报警电话:186****3061,物业管理纠纷,物业管理纠纷,0.9
GQW202505130004,洗车店老板报：顾客在抖音上买了一张代金券，时间规定在30分钟内，顾客洗车超时后，不愿意承担多出来时间的费用，现在一直在我们店待着，引起纠纷150****5484 #非警务#纠纷事项#消费问题#报警电话:150****5484,消费纠纷,消费纠纷,0.9
GQW202505130005,有个装修公司欠我工程款，我现在在他们的公司，前台在管不了，项目经理不接电话，135****2969 #非警务#纠纷事项#经济（债务）问题#报警电话:135****2969,债务纠纷,债务纠纷,0.9
GQW202505130006,我客户欠我钱一直不给，他厂里有工人，我现在在他厂里，电话177****8022 #非警务#纠纷事项#经济（债务）问题#报警电话:177****8022,债务纠纷,债务纠纷,0.9
GQW202505130007,货拉拉司机报：现在把货送到这里，对方不肯付费有纠纷158****2808 #非警务#纠纷事项#物流（快递）问题#报警电话:158****2808,消费纠纷,消费纠纷,0.9
GQW202505130008,135****8180报：我车钥匙丢了，对方一定要100元才把车钥匙给我，双方有纠纷 #非警务#纠纷事项#其他纠纷事项#报警电话:135****8180,经济纠纷,其他纠纷,0.9
GQW202505130009,对方欠我钱不还，我坐在对方家门口对方不开门，需要处理187****3647 #非警务#纠纷事项#经济（债务）问题#报警电话:187****3647,债务纠纷,债务纠纷,0.9
GQW202505130010,134****0808联通公司的工作人员用我的手机操作充了话费，现在想要退钱，双方在一起有纠纷需要处理 #非警务#纠纷事项#经济（债务）问题#报警电话:134****0808,债务纠纷,消费纠纷,0.9
GQW202505130011,找了搬家公司，因为价格的事情有纠纷150****1068 #非警务#纠纷事项#消费问题#报警电话:150****1068,经济纠纷,消费纠纷,0.9
GQW202505130012,快递员把我的快递弄丢了，不赔偿给我发生纠纷180****0810 #非警务#纠纷事项#物流（快递）问题#报警电话:180****0810,消费纠纷,消费纠纷,0.9
GQW202505130013,有个老人来钱，不认识对方，现在对方影响我们工作了。132****4911 #非警务#纠纷事项#经济（债务）问题#报警电话:132****4911,债务纠纷,债务纠纷,0.9
GQW202505130014,我是外卖员，碰坏了蛋糕，已经赔偿了，对方说昨天的蛋糕也被我碰坏了，需要处理180****6794 #非警务#纠纷事项#物流（快递）问题#报警电话:180****6794,消费纠纷,消费纠纷,0.9
GQW202505130015,#长效关注#我在这里煮饭，一个邻居跑过来说我煮饭呛到他了，起纠纷176****3894 #非警务#纠纷事项#邻里问题#报警电话:176****3894,邻里纠纷,邻里纠纷,0.9
GQW202505130016,辅助：有个老人来要钱，不认识对方，现在对方影响我们工作了。132****4911（现在又在前面路口立了牌子，需要再次处理） #非警务#纠纷事项#经济（债务）问题#报警电话:132****4911,邻里纠纷,债务纠纷,0.9
GQW202505130203,罗曼风情居民因车辆出门未抬杆，与物业发生纠纷,物业管理纠纷,物业管理纠纷,0.9
GQW202505130207,居民反映邻居在楼道堆积杂物，上门沟通无果，寻求社区调解。,物业管理纠纷,邻里纠纷,0.9
GQW202505130219,#邻里纠纷#网格员巡查，君尚城小区居民反映有人在公共场合的椅子上晒被子，影响居民使用。,邻里纠纷,公共秩序纠纷,0.9
GQW202505130223,网格员在走访巡查时有村民反映丁家32号屋后树木被人蓄意损坏，希望村里采取措施,经济纠纷,损害赔偿纠纷,0.9
GQW202505130303,村民反映高桥镇中山西路和岐阳路188号石塘村村委会门口一只狗乱叫，还会扑人，望相关部门进行处理。,邻里纠纷,狗患纠纷,0.9
GQW202505130305,学院社区辖区小区因业委会纠葛产生矛盾，要求社区出面协商。,物业管理纠纷,物业管理纠纷,0.9
GQW202505130312,居民反映楼房下信封件拿取不方便，跟楼下邻居发生纠纷，希望网格员进行调解,邻里纠纷,邻里纠纷,0.9
GQW202505130401,罗曼风情地下车库漏水，电梯运行存在安全隐患，居民与物业发生纠纷,物业管理纠纷,物业管理纠纷,0.9
GQW202505130413,网格员接到绿地观堂居民投诉，17幢1301 室和 1302 室的居民发生争执。网格员询问事情的缘由，这才得知原来是 1302 室的居民有在走廊抽烟的习惯，并且还经常随意乱丢烟头。1301 室的居民之前已经多次提醒过 1302 室的居民，但对方根本不在意，这才导致矛盾逐渐激化，最终演变成了现在的争吵。,口角琐事纠纷,邻里纠纷,0.9
GQW202505130414,学院社区辖区小区学苑名府小区邻里产生矛盾，要求社区出面协商。,物业管理纠纷,邻里纠纷,0.9
GQW202505130421,#婚姻家庭纠纷#村民朱才德一家六姐弟因为父女遗产问题，在祠堂门口打起来。,治安隐患纠纷,家庭婚姻纠纷,0.9
GQW202505130501,王燕 ( 172****4218）该人系轻微低下经常报警称和其老公刘永宝 (  172****4218 ）有纠纷，望相关部门跟进处理。,消费纠纷,家庭婚姻纠纷,0.9
GQW202505130502,张金花（138****7356）与王大亮（131****7289）因长期感情不和已多次报警，望相关部门跟进处置。,情感纠纷,情感纠纷,0.9
GQW202505130509,张科（130****9222）酒后因感情问题情绪不稳定，望相关部门跟进处置。,情感纠纷,情感纠纷,0.9
GQW202505130510,陈圆（186****0763）与李燕（158****1920）母子两人因家庭琐事多次报警，望相关部门跟进处置。,家庭婚姻纠纷,口角琐事纠纷,0.9
GQW202505130511,马海龙(185****9978)和女朋友屈甜甜(185****9978）两人因感情问题引起纠纷多次报警，马海龙情绪激动，望相关部门跟进处理。,情感纠纷,情感纠纷,0.9
GQW202505130512,邹承龙（133****5119）和林淑骑（198****4373）两人因感情问题引起多次报警，望相关部门跟进处理。,情感纠纷,情感纠纷,0.9
GQW202505140001,#长效关注#因为情感问题，我老公限制我自由，还拿走我的手机，现有纠纷，172****5383 #非警务#纠纷事项#家庭婚姻感情问题#报警电话:172****5383,情感纠纷,家庭婚姻纠纷,0.9
GQW202505140002,司机报警：乘客喝多了不付钱。189****2046 #非警务#纠纷事项#司乘（代驾）问题#报警电话:189****2046,消费纠纷,消费纠纷,0.9
GQW202505140003,店主报警，有个人吃完饭不给钱，在现场，有纠纷，158****0069 #非警务#纠纷事项#消费问题#报警电话:158****0069,消费纠纷,消费纠纷,0.9
GQW202505140004,老板拖欠工资，双方引起纠纷，报警人：183****4076 #非警务#纠纷事项#劳资问题#报警电话:183****4076,劳动人事（就业）纠纷,劳动人事（就业）纠纷,0.9
GQW202505140005,老板不发工资，现在产生纠纷，报警人电话：193****4825。 #非警务#纠纷事项#劳资问题#报警电话:193****4825,劳动人事（就业）纠纷,劳动人事（就业）纠纷,0.9
GQW202505140006,老板不发工资，现在产生纠纷，报警人电话：189****8822。 #非警务#纠纷事项#劳资问题#报警电话:189****8822,劳动人事（就业）纠纷,劳动人事（就业）纠纷,0.9
GQW202505140007,我租了一个网约车，现在车子被公司收回了，引起纠纷。183****2676 #非警务#纠纷事项#租赁问题#报警电话:183****2676,消费纠纷,消费纠纷,0.9
GQW202505140008,我租了一个网约车，现在车子被公司收回了，引起纠纷。183****2676 #非警务#纠纷事项#租赁问题#报警电话:183****2676,消费纠纷,消费纠纷,0.9
GQW202505140009,只称拆房子事情吵架，详细情况不肯多说。报警人：180****8770 #非警务#纠纷事项#其他纠纷事项#报警电话:180****8770,征地拆迁纠纷,征地拆迁纠纷,0.9
GQW202505140010,报警人刚刚因为拆房子与人有纠纷的事情报过警，详细情况不肯多说，现来电催促，报警人电话：180****8770 #非警务#纠纷事项#其他纠纷事项#报警电话:180****8770,征地拆迁纠纷,征地拆迁纠纷,0.9
GQW202505140011,我的合伙人因为经济问题，把我店的电给停了，双方在一起有纠纷190****8990 #非警务#纠纷事项#经济（债务）问题#报警电话:190****8990,劳动人事（就业）纠纷,经济纠纷,0.9
GQW202505140012,我的合伙人因为经济问题，把我店的电给停了，双方在一起有纠纷190****8990（来电催促，称还未到） #非警务#纠纷事项#经济（债务）问题#报警电话:190****8990,劳动人事（就业）纠纷,经济纠纷,0.9
GQW202505140013,我是买家，我买的货物有问题，现在卖家在我这里不肯走，影响我工作，产生纠纷，报警人电话：159****3530 #非警务#纠纷事项#消费问题#报警电话:159****3530,消费纠纷,消费纠纷,0.9
GQW202505140014,我不想租了，对方不退钱，引起纠纷，报警人电话187****3050 #非警务#纠纷事项#租赁问题#报警电话:187****3050,经济纠纷,消费纠纷,0.9
GQW202505140015,报警人来电称在店里摔跤，要找老板赔偿，报警人电话：130****5061 #非警务#纠纷事项#经济（债务）问题#报警电话:130****5061,消费纠纷,消费纠纷,0.9
GQW202505140016,报警人刚刚因为拆房子与人有纠纷的事情报过警，现这里又开始吵架了，报警人电话：180****8770（请分局通知四平台） #非警务#纠纷事项#其他纠纷事项#报警电话:180****8770,征地拆迁纠纷,征地拆迁纠纷,0.9
GQW202505140017,保安称不允许外卖员进小区，现把我的电瓶车锁了，引起纠纷，报警人电话181****1589 #非警务#纠纷事项#物业管理问题#报警电话:181****1589,物业管理纠纷,物业管理纠纷,0.9
GQW202505140018,#长效关注#我和我老公正在起诉离婚，他说我在家里撞了监控，现在双方吵架了137****2397 #非警务#纠纷事项#家庭婚姻感情问题#报警电话:137****2397,家庭婚姻纠纷,家庭婚姻纠纷,0.9
GQW202505140019,我在这里干活了，对方不给我钱，产生纠纷，报警人电话：176****2308 #非警务#纠纷事项#劳资问题#报警电话:176****2308,劳动人事（就业）纠纷,劳动人事（就业）纠纷,0.9
GQW202505140020,我在这里干活了，对方不给我钱，产生纠纷，报警人电话：176****2308 #非警务#纠纷事项#劳资问题#报警电话:176****2308,劳动人事（就业）纠纷,劳动人事（就业）纠纷,0.9
GQW202505140021,#长效关注#物业说要我交停车费，我回家要交钱不合理，有纠纷。报警人：159****1840 #非警务#纠纷事项#物业管理问题#报警电话:159****1840,物业管理纠纷,物业管理纠纷,0.9
GQW202505140022,菜场老板把房子租了给别人，把我自己搭建的棚撬了，电话132****6980 #非警务#纠纷事项#租赁问题#报警电话:132****6980,经济纠纷,其他纠纷,0.9
GQW202505140023,187****8052对方说我走路撞到了他，鼻子受伤，赔偿有纠纷，不需要救护车 #非警务#纠纷事项#经济（债务）问题#报警电话:187****8052,交通事故纠纷,损害赔偿纠纷,0.9
GQW202505140302,新庄村66号附近，村民被快速来的电瓶车撞到，电瓶车主不肯道歉还态度恶劣，请相关部门处理一下。,交通事故纠纷,交通事故纠纷,0.9
GQW202505140313,#婚姻家庭纠纷#巡查发现长乐村文化礼堂马路上，有一对夫妻正才打，原因老公外遇，对自已老婆冷落，今天老公跟小三一起，被老婆发现，打得很厉害，在协调中。,家庭婚姻纠纷,家庭婚姻纠纷,0.9
GQW202505140316,#（一件事）纠纷#长乐社区网格员收到兴乐佳苑小区居民投诉，表示小区楼道内杂物堆积，居民向物业反馈，物业也不处理，形成矛盾纠纷，希望社区出面解决处理。,物业管理纠纷,物业管理纠纷,0.9
GQW202505140414,海润佳园11幢陈阿姨来社区说是要评理，她说邻居家经常会把快递壳堆放在楼道，邻居王叔叔也来了，说陈阿姨家也经常乱放东西在楼道，双方互不相让，争吵不休-#邻里纠纷#,口角琐事纠纷,邻里纠纷,0.9
GQW202505140415,#违法建设#老柴门19号陈如法投诉油车弄8号在两家公共弄堂上违章搭建，引起矛盾纠纷。,邻里纠纷,其他纠纷,0.9
GQW202505140417,海欣佳园1幢罗叔叔打来电话说邻居半夜狗老是叫，好多天了，以前都还好的，希望网格员能帮忙去沟通一下-#邻里纠纷#,狗患纠纷,狗患纠纷,0.9
GQW202505140501,孙金莲（3456136967）和郑琼（139****8303 未住我所辖区）两人在桔子公寓1号棋牌V110打牌时发生口角引起纠纷，望相关部门跟进处理。,口角琐事纠纷,口角琐事纠纷,0.9
GQW202505140506,周单（152****8391 ）和男友杨佳成（181****0307 ）因感情问题引起闹分手一事引起纠纷多次报警，望相关部门跟进处理。,情感纠纷,情感纠纷,0.9
GQW202505140507,系报警人（159****1840）反映物业收停车费有纠纷，现场已调解平息，有很多业主反映此事，望有关部门给予关注。,公共秩序纠纷,消费纠纷,0.9
GQW202505150001,#长效关注#我没有唱歌，隔壁邻居说我半夜唱歌扰民，还多次敲我的门，电话180****3641 #非警务#纠纷事项#邻里问题#报警电话:180****3641,邻里纠纷,邻里纠纷,0.9
GQW202505150002,这里有人在做保洁，害得我摔倒了，工作人员也不处理，有纠纷。136****7582 #非警务#纠纷事项#物业管理问题#报警电话:136****7582,经济纠纷,物业管理纠纷,0.9
GQW202505150003,我是货拉拉司机，现在我的租车押金对方不退我。报警人：137****6237。 #非警务#纠纷事项#物流（快递）问题#报警电话:137****6237,经济纠纷,消费纠纷,0.9
GQW202505150004,公司（地址：海曙高桥金通驾校）说好今天发工资，但今天说是我离职了，要下个月发工资，有纠纷。我现在不在公司。158****2673 #非警务#纠纷事项#劳资问题#报警电话:158****2673,劳动人事（就业）纠纷,劳动人事（就业）纠纷,0.9
GQW202505150005,因为买种子的事情有纠纷。报警人：135****1399。 #非警务#纠纷事项#消费问题#报警电话:135****1399,消费纠纷,消费纠纷,0.9
GQW202505150006,我是房东，租客把我原来买的空调拆走了，产生纠纷，报警人137****6058 #非警务#纠纷事项#租赁问题#报警电话:137****6058,经济纠纷,债务纠纷,0.7
GQW202505150007,顾客搬运东西时，把我的货车搞坏了，产生纠纷，电话187****3806 #非警务#纠纷事项#物流（快递）问题#报警电话:187****3806,经济纠纷,消费纠纷,0.9
GQW202505150008,来电说不清楚事情。后旁边路人接电话，一个女被一个狗（有牵绳）咬了，双方因为赔偿问题有纠纷。183****7824 #非警务#纠纷事项#其他纠纷事项#报警电话:183****7824,经济纠纷,损害赔偿纠纷,0.9
GQW202505150009,我因停车费问题与物业有纠纷。137****1030 #非警务#纠纷事项#物业管理问题#报警电话:137****1030,物业管理纠纷,物业管理纠纷,0.9
GQW202505150010,因房子里有老鼠，我要提前退租，房东不同意，产生纠纷。195****3313 #非警务#纠纷事项#租赁问题#报警电话:195****3313,经济纠纷,消费纠纷,0.9
GQW202505150011,我租了房子，现因为退押金问题与房东引起纠纷，要求处理，报警人电话：166****5412 #非警务#纠纷事项#租赁问题#报警电话:166****5412,经济纠纷,消费纠纷,0.9
GQW202505150012,店家停了我的电脑机子，态度还很差，引起纠纷，报警人电话172****0251 #非警务#纠纷事项#消费问题#报警电话:172****0251,消费纠纷,消费纠纷,0.9
GQW202505150013,房东来电称因为房租问题，与租客有纠纷， 需要处理，报警人电话：159****7940 #非警务#纠纷事项#租赁问题#报警电话:159****7940,经济纠纷,其他纠纷,0.9
GQW202505150014,我阿姨在我家干活时被隔壁邻居家的狗咬了，现因赔偿问题引起纠纷，报警人电话：195****9534. #非警务#纠纷事项#经济（债务）问题#报警电话:195****9534,经济纠纷,损害赔偿纠纷,0.9
GQW202505150015,老板不给工资，现引起纠纷，联系电话159****1231（请出警单位或出警人员接到指令后5分钟内尽快联系报警人）。 #非警务#纠纷事项#劳资问题#报警电话:159****1231,劳动人事（就业）纠纷,劳动人事（就业）纠纷,0.9
GQW202505150016,#长效关注#因口角与邻居有纠纷，电话189****9045。 #非警务#纠纷事项#邻里问题#报警电话:189****9045,邻里纠纷,邻里纠纷,0.9
GQW202505150204,居民反映总有楼盘丢下小垃圾，导致楼下经常出现垃圾，引起居民纠纷，需要网格员进行调解-#邻里纠纷#,邻里纠纷,公共秩序纠纷,0.9
GQW202505150206,郡西花苑4幢1楼居民反应，楼上多次高空抛物，有时是烟头、纸巾等垃圾，有时是花盆等重物，他觉得存在严重的安全隐患，多次跟物业和业委会反应要装高空摄像头，并且多次投诉业委会不作为，希望相关部门处理该事件,物业管理纠纷,公共秩序纠纷,0.9
GQW202505150210,崔利，女，3412*****7003，158****0594，原宁波大丰服饰有限公司员工，今年4月29日达到法定退休年龄，已与企业解除劳动关系，且签订相关协议。先前在职时期，曾有辱骂工友及妨碍生产的行为，企业报过警，民警与医生上过家门做过精神鉴定，当时鉴定精神正常。当前解除劳动关系后，大丰服饰负责人已向其告知来工厂已没有收入，该人员仍旧来到大丰服饰车间，进行辱骂工作人员和妨碍产品出货的行为。5月初企业有报警再次处理，以及联系其丈夫来把人带走，但效果甚微。目前据大丰服饰负责人描述该人员每天仍旧到车间重复以上行为，企业需要相关部门介入处理,消费纠纷,劳动人事（就业）纠纷,0.9
GQW202505150307,君园和庄14幢有居民反映，存在个别住户为给电动车充电，将车辆随意拖至门外，导致其他居民无法正常停放电动车充电，还极易引发邻里矛盾冲突。,消防隐患纠纷,邻里纠纷,0.9
GQW202505150404,西堤阳光7-503业主投诉7-603的空调冷凝水滴下来，导致墙面大面积渗水，同时7-503反映楼上小孩玩耍发出噪音，7-603表示自己经常告诉孩子不要影响别人，但楼下恶意敲击楼板让他忍无可忍，两家矛盾重重，希望社区调解,物业管理纠纷,邻里纠纷,0.9
GQW202505150501,"派出所工作发现，横河家园3幢1101屋主 陈巍(电话：159****5725）有精神疾病，和邻居1103屋主老太因养狗事件多次引发纠纷，望相关部门予以关注跟进。
",狗患纠纷,狗患纠纷,0.9
GQW202505150507,葛青（130****3910）与黄小冬（158****0002）因生活琐事问题多次报警，望相关部门跟进处置。,邻里纠纷,口角琐事纠纷,0.9
GQW202505160001,我在这里点了酒，会所不让我喝酒，双方有纠纷185****0625 #非警务#纠纷事项#消费问题#报警电话:185****0625,消费纠纷,消费纠纷,0.9
GQW202505160002,#长效关注#我跟我老婆因为感情问题产生纠纷，报警人电话：198****0806 #非警务#纠纷事项#家庭婚姻感情问题#报警电话:198****0806,家庭婚姻纠纷,家庭婚姻纠纷,0.9
GQW202505160003,3个工人因为工钱的事情，现在不让我工厂生产，三方引起纠纷。139****3515 #非警务#纠纷事项#劳资问题#报警电话:139****3515,劳动人事（就业）纠纷,劳动人事（就业）纠纷,0.9
GQW202505160004,老板拖欠工资，双方引起纠纷。报警人：139****6025 #非警务#纠纷事项#劳资问题#报警电话:139****6025,劳动人事（就业）纠纷,劳动人事（就业）纠纷,0.9
GQW202505160005,我给房主装修，房主不给工资，也不见我，我在他家门口。报警人号码：176****2308 #非警务#纠纷事项#劳资问题#报警电话:176****2308,劳动人事（就业）纠纷,劳动人事（就业）纠纷,0.9
GQW202505160006,我来这里卖铝合金，这里的老板给我缺斤少两，现有纠纷，双方在一起，132****7993 #非警务#纠纷事项#消费问题#报警电话:132****7993,消费纠纷,消费纠纷,0.9
GQW202505160007,上次报过警，对方不退押金，因为经济纠纷问题，需要处理185****5908 #非警务#纠纷事项#经济（债务）问题#报警电话:185****5908,经济纠纷,债务纠纷,0.9
GQW202505160008,我是中介，和租客因中介费有纠纷，报警电话131****0695 #非警务#纠纷事项#租赁问题#报警电话:131****0695,债务纠纷,消费纠纷,0.9
GQW202505160009,我在微信上买东西，和对方见面交易的，但是发现东西不行，他不肯退钱。现在联系不上。报警人：152****4362。 #非警务#纠纷事项#消费问题#报警电话:152****4362,消费纠纷,消费纠纷,0.9
GQW202505160010,昨天晚上老板答应给我发工资，现对方又不给我工资，159****1231 #非警务#纠纷事项#劳资问题#报警电话:159****1231,劳动人事（就业）纠纷,劳动人事（就业）纠纷,0.9
GQW202505160011,我是老板，3个人因为工资的事情在这里闹事，产生纠纷，报警人135****4809 #非警务#纠纷事项#劳资问题#报警电话:135****4809,劳动人事（就业）纠纷,劳动人事（就业）纠纷,0.9
GQW202505160012,#长效关注#我老婆和旁边邻居吵起来了，询问原因不肯说。报警人电话：186****1908 #非警务#纠纷事项#邻里问题#报警电话:186****1908,邻里纠纷,邻里纠纷,0.9
GQW202505160117,青年才郡业主反映物业工作懈怠，服务态度也不好，与业主经常闹矛盾，希望社区可以跟进处理一下。,物业管理纠纷,物业管理纠纷,0.9
GQW202505160124,#邻里纠纷#村民因家门口垃圾问题产生矛盾来村里调解,邻里纠纷,公共秩序纠纷,0.9
GQW202505160205,居民反映邻居夜间吵闹，且沟通无果想寻求社区出面调解。,邻里纠纷,噪声污染,0.9
GQW202505160309,新桥社区芦园有居民来电反应物业保洁人员多次将其放在门口的纸箱私自拿走，今天的也被拿走，在群里跟物业反映多次无果。,物业管理纠纷,物业管理纠纷,0.9
GQW202505160402,岐阳新村8幢106室与206室因楼上漏水渗到楼下，2户起矛盾发生争吵。需要村委会处理调解。,口角琐事纠纷,邻里纠纷,0.9
GQW202505160408,有业主反映学苑名府共创站二楼声乐扰民，希望社区物业可以跟进处理。,邻里纠纷,噪声污染,0.9
GQW202505160418,学苑名府住户装修时粉尘四散，导致附近居民无法开窗，公共区域积灰，引发业主与装修户矛盾。,物业管理纠纷,环保纠纷,0.9
GQW202505160501,姚归（177****5291）和刘茜（172****9006，未住宁波）两人因分手一事引起纠纷，姚归有扬言情况，望相关部门跟进处理。,情感纠纷,情感纠纷,0.9
GQW202505160505,报警人(152****30420与男友（188****5552）发生性关系导致怀孕一个多月，目前联系一直联系不上男友望高桥妇联予以关注跟进。,家庭婚姻纠纷,情感纠纷,0.9
GQW202505160506,派出所工作发现：广贤名苑5幢17单元1501室租客经了解系报警人王俊豪（电话：130****1767）与前女友高梓睿（电话：189****5210）因男女感情问题有纠纷，高梓睿情绪激动想不开，报警要自杀求助，查看涉及历史报警记录2次，望相关部门予以关注跟进。,治安隐患纠纷,情感纠纷,0.9
GQW202505170001,因消费问题我跟客人发生争执。报警人电话：159****2197。 #非警务#纠纷事项#消费问题#报警电话:159****2197,消费纠纷,消费纠纷,0.9
GQW202505170002,我在这里吃饭的时候因锅着火冒烟被呛到了，现火已经灭了，工作人员不肯陪我去看病，有纠纷，133****1656 #非警务#纠纷事项#消费问题#报警电话:133****1656,消费纠纷,消费纠纷,0.9
GQW202505170003,我在这里吃饭的时候因锅着火冒烟被呛到了，现火已经灭了，工作人员不肯陪我去看病，有纠纷，133****1656（0：35来电催促） #非警务#纠纷事项#消费问题#报警电话:133****1656,消费纠纷,消费纠纷,0.9
GQW202505170004,我是小店老板，顾客把我二维码拍走让别人付款，别人把钱付了，但我觉得这钱是骗来的。132****4929 #非警务#纠纷事项#消费问题#报警电话:132****4929,消费纠纷,消费纠纷,0.9
GQW202505170005,有人买了服装厂有瑕疵的尾货，现在对方要退还有瑕疵的服装，双方有纠纷199****1798 #非警务#纠纷事项#消费问题#报警电话:199****1798,消费纠纷,消费纠纷,0.9
GQW202505170006,我是货车司机，货主人在现场不肯卸货，引起纠纷 190****3059 #非警务#纠纷事项#物流（快递）问题#报警电话:190****3059,消费纠纷,其他纠纷,0.9
GQW202505170007,管理人员报：车主不付车费还一直在这里不走 #非警务#纠纷事项#物业管理问题#报警电话:186****0706,消费纠纷,消费纠纷,0.9
GQW202505170008,因停车费问题，保安不让我走188****6877 #非警务#纠纷事项#物业管理问题#报警电话:188****6877,消费纠纷,物业管理纠纷,0.9
GQW202505170009,我家孩子（未成年）拿了家里的钱来这里买了手机，现店家不肯退，双方有纠纷   135****9448 #非警务#纠纷事项#消费问题#报警电话:135****9448,消费纠纷,消费纠纷,0.9
GQW202505170010,租车觉得不合理想退有纠纷，报警人在公司楼下，报警人：186****6031 #非警务#纠纷事项#租赁问题#报警电话:186****6031,经济纠纷,消费纠纷,0.9
GQW202505170011,157****3326报：我购买的两个西瓜不能吃，我要退商家不肯引起纠纷 #非警务#纠纷事项#消费问题#报警电话:157****3326,消费纠纷,消费纠纷,0.9
GQW202505170012,我买的衣服有次品，老板娘不给我们退换，现在人联系不上了，我在厂里，需要处理186****5696 #非警务#纠纷事项#消费问题#报警电话:186****5696,消费纠纷,消费纠纷,0.9
GQW202505170013,我交了500元押金来跑滴滴车，现在不想跑了对方押金不退有纠纷180****4363 #非警务#纠纷事项#物流（快递）问题#报警电话:180****4363,消费纠纷,消费纠纷,0.9
GQW202505170014,#长效关注#我（15岁）快中考了，压力很大，和父母沟通不好，周末管我很严不让我玩手机，需要调解，158****8233 #非警务#纠纷事项#家庭婚姻感情问题#报警电话:158****8233,家庭婚姻纠纷,家庭婚姻纠纷,0.9
GQW202505170015,#长效关注#我（15岁）快中考了，压力很大，和父母沟通不好，周末管我很严不让我玩手机，需要调解，158****8233 #非警务#纠纷事项#家庭婚姻感情问题#报警电话:158****8233,家庭婚姻纠纷,家庭婚姻纠纷,0.9
GQW202505170016,我是网约车司机，乘客吐在车上，因为清洗费用协商不下有纠纷135****4355 #非警务#纠纷事项#司乘（代驾）问题#报警电话:135****4355,消费纠纷,消费纠纷,0.9
GQW202505170017,我代驾到这里，因为价格问题，老板不愿意付钱，135****8232 #非警务#纠纷事项#司乘（代驾）问题#报警电话:135****8232,消费纠纷,消费纠纷,0.9
GQW202505170018,辅助：我是代驾，因为价格问题，老板不愿意付钱，双方有纠纷，135****8232 #非警务#纠纷事项#司乘（代驾）问题#报警电话:135****8232,消费纠纷,消费纠纷,0.9
GQW202505170501,报警人（158****6716）与男友因感情问题有纠纷，矛盾较深，望有关部门予以关注，跟进处理。,情感纠纷,情感纠纷,0.9
GQW202505170502,报警人（156****6872）与丈夫因家庭琐事存在纠纷，矛盾已久，望有关部门予以关注，跟进处理。,家庭婚姻纠纷,家庭婚姻纠纷,0.9
GQW202505180001,我买到了臭肉，商家退钱还骂我神经病引起纠纷。159****9790 #非警务#纠纷事项#消费问题#报警电话:159****9790,消费纠纷,消费纠纷,0.9
GQW202505180002,有人买了我们的尾货，现因为卖不掉要来退钱，因我们不同意，对方带了三个人来这里闹，引起纠纷，报警人电话151****7076 #非警务#纠纷事项#消费问题#报警电话:151****7076,消费纠纷,消费纠纷,0.9
GQW202505180003,这里有摊贩卖东西缺斤少两，现引起纠纷，139****8369. #非警务#纠纷事项#消费问题#报警电话:139****8369,消费纠纷,消费纠纷,0.9
GQW202505180004,因买卖问题引起口角，对方来我摊位吵架。报警人：138****1743 #非警务#纠纷事项#消费问题#报警电话:138****1743,消费纠纷,消费纠纷,0.9
GQW202505180005,159****8606：债务纠纷，对方不让我走。 #非警务#纠纷事项#经济（债务）问题#报警电话:159****8606,债务纠纷,债务纠纷,0.9
GQW202505180006,#长效关注#邻居开着门看不雅视频，导致我们都出不了门，需要协调。156****2256 #非警务#纠纷事项#邻里问题#报警电话:156****2256,邻里纠纷,邻里纠纷,0.9
GQW202505180007,我买的电线长度不足五米，现商家不肯退，产生纠纷。139****5518 #非警务#纠纷事项#消费问题#报警电话:139****5518,消费纠纷,消费纠纷,0.9
GQW202505180008,我在这里租的电车，现在因为退车问题，引起纠纷。193****3986 #非警务#纠纷事项#租赁问题#报警电话:193****3986,经济纠纷,消费纠纷,0.9
GQW202505180009,我是外卖员，保安要锁我的车，现我和保安有纠纷，具体原因不说，联系电话131****7021 #非警务#纠纷事项#物业管理问题#报警电话:131****7021,消费纠纷,物业管理纠纷,0.9
GQW202505180010,#长效关注#这里在装修，声音很吵，我和邻居沟通无果，现引起纠纷，联系电话135****5315 #非警务#纠纷事项#邻里问题#报警电话:135****5315,邻里纠纷,噪声污染,0.9
GQW202505180011,我在这里租的电车，现在因为退车问题，引起纠纷。193****3986（报警人从修理厂跑到二手车店报警，店铺地址又不知道，告知弄清楚再来电） #非警务#纠纷事项#租赁问题#报警电话:193****3986,经济纠纷,消费纠纷,0.9
GQW202505180012,老板把干活的工钱200多元，给我朋友，朋友不给我，引起纠纷。159****5613 #非警务#纠纷事项#劳资问题#报警电话:159****5613,劳动人事（就业）纠纷,劳动人事（就业）纠纷,0.9
GQW202505180013,我家小孩被对方小孩咬了，现在因为赔偿问题产生纠纷，报警人电话：159****6624 #非警务#纠纷事项#经济（债务）问题#报警电话:159****6624,经济纠纷,经济纠纷,0.9
GQW202505180014,我给对方干活，对方不给我钱，现在我找到他人了，双方在一起。198****1777 #非警务#纠纷事项#劳资问题#报警电话:198****1777,劳动人事（就业）纠纷,劳动人事（就业）纠纷,0.9
GQW202505180015,我找到拖欠我工资的人了，双方引起纠纷。报警人：152****9839 #非警务#纠纷事项#劳资问题#报警电话:152****9839,劳动人事（就业）纠纷,劳动人事（就业）纠纷,0.9
GQW202505180016,#长效关注#楼上邻居在家打篮球声音很大，我上去提醒，他们和我吵架153****1024 #非警务#纠纷事项#邻里问题#报警电话:153****1024,邻里纠纷,邻里纠纷,0.9
GQW202505180017,有人要对我动手 #非警务#纠纷事项#其他纠纷事项#报警电话:180****6015,治安隐患纠纷,其他纠纷,0.9
GQW202505180018,工资问题，双方发生纠纷 189****2733 （辅助下单） #非警务#纠纷事项#劳资问题#报警电话:189****2733,劳动人事（就业）纠纷,劳动人事（就业）纠纷,0.9
GQW202505180019,#长效关注#我老公和我吵架，称我的手机里有小秘密，现在把我手机也拿走了，双方在场有纠纷，电话158****9111 #非警务#纠纷事项#家庭婚姻感情问题#报警电话:158****9111,家庭婚姻纠纷,家庭婚姻纠纷,0.9
GQW202505180304,田阳新村一业主家里漏水，水漏到楼下家里，楼下村民打电话来投诉，村民因此事产生矛盾-#邻里纠纷#,土地森林草场水利等纠纷,邻里纠纷,0.9
GQW202505190001,店主报：客人以不是自己点餐为由，拒绝支付餐费      177****3656 #非警务#纠纷事项#消费问题#报警电话:177****3656,消费纠纷,消费纠纷,0.9
GQW202505190002,我手机没修好，有纠纷。157****6478 #非警务#纠纷事项#消费问题#报警电话:157****6478,经济纠纷,消费纠纷,0.9
GQW202505190003,我手机没修好，有纠纷。157****6478（8:46来电催促） #非警务#纠纷事项#消费问题#报警电话:157****6478,经济纠纷,消费纠纷,0.9
GQW202505190004,我哥在这干活摔倒进医院了，老板不赔偿工伤费用有纠纷。138****9102 #非警务#纠纷事项#劳资问题#报警电话:138****9102,劳动人事（就业）纠纷,劳动人事（就业）纠纷,0.9
GQW202505190005,我是出租车（浙BT4598）司机，乘客不肯付车费，引起纠纷，报警人电话：138****2857 #非警务#纠纷事项#司乘（代驾）问题#报警电话:138****2857,消费纠纷,消费纠纷,0.9
GQW202505190006,我哥在这干活摔倒进医院了，老板不赔偿工伤费用有纠纷。138****9102（9:08来电催促） #非警务#纠纷事项#劳资问题#报警电话:138****9102,劳动人事（就业）纠纷,劳动人事（就业）纠纷,0.9
GQW202505190007,"半个月前，买了一个二手手机，我觉得买贵了想要退手机，对方不肯让我退，引起纠纷。166****7836（09:37后报在联丰路655号）
重复报警:报警时间:2025-05-19 08:39:24, 报警电话:166****7836, 联系电话:166****7836, 报警内容:半个月前，买了一个二手手机，我觉得买贵了想要退手机，对方不肯让我退，引起纠纷。166****7836
重复报警:报警时间:2025-05-19 09:36:40, 报警电话:166****7836, 联系电话:166****7836, 报警内容:催促 #非警务#纠纷事项#消费问题#报警电话:166****7836",消费纠纷,消费纠纷,0.9
GQW202505190008,我老妈被邻居狗咬了，现因为赔偿问题有纠纷。155****5926 #非警务#纠纷事项#经济（债务）问题#报警电话:155****5926,经济纠纷,损害赔偿纠纷,0.9
GQW202505190009,房东不退押金，有纠纷。182****6080 #非警务#纠纷事项#租赁问题#报警电话:182****6080,经济纠纷,债务纠纷,0.9
GQW202505190010,地产商让我们过来装地锁，物业不让我们施工，产生纠纷，报警人135****8467 #非警务#纠纷事项#物业管理问题#报警电话:135****8467,房地产纠纷,物业管理纠纷,0.9
GQW202505190011,房东不退押金，有纠纷。182****6080 #非警务#纠纷事项#租赁问题#报警电话:182****6080,经济纠纷,债务纠纷,0.9
GQW202505190012,之前干了活，现还有一部分工资拿不到，189****5717 #非警务#纠纷事项#劳资问题#报警电话:189****5717,劳动人事（就业）纠纷,劳动人事（就业）纠纷,0.9
GQW202505190013,#长效关注#租客不让我充电车的电，双方产生纠纷，报警人电话153****1785 #非警务#纠纷事项#邻里问题#报警电话:153****1785,邻里纠纷,邻里纠纷,0.9
GQW202505190014,#长效关注#有辆车把我的车堵住了，交警一直联系不上对方，需要工作人员处理，报警人电话：135****0720 #非警务#纠纷事项#邻里问题#报警电话:135****0720,邻里纠纷,街面秩序,0.9
GQW202505190015,我是房东，租客不付房租，现引起纠纷，联系电话130****0951 #非警务#纠纷事项#租赁问题#报警电话:130****0951,经济纠纷,债务纠纷,0.9
GQW202505190016,17日晚上我在超市买了2瓶饮料和水果，现我发现饮料是坏的但超市不承认，引起纠纷，报警人电话：183****2792. #非警务#纠纷事项#消费问题#报警电话:183****2792,消费纠纷,消费纠纷,0.9
GQW202505190111,汤欣瑶和张若森男女朋友因经济问题发生口角，而且女的说男的打她。望相关部门尽快协调处理。,情感纠纷,经济纠纷,0.9
GQW202505190118,罗曼风情小区居民因小区内草坪杂草丛生物业未及时处理，与物业产生矛盾,物业管理纠纷,物业管理纠纷,0.9
GQW202505190123,新庄村张家漕43号李某与隔壁出租的陈某因停电动车引发得矛盾纠纷,邻里纠纷,邻里纠纷,0.9
GQW202505190126,新联村村民因家门口道路使用权限产生矛盾纠纷。,公共秩序纠纷,土地森林草场水利等纠纷,0.9
GQW202505190131,村民汽车在停车场内被刮花，要求赔偿，双方起矛盾，请村里协调解决。,经济纠纷,损害赔偿纠纷,0.9
GQW202505190134,陆家庄老百姓发生邻里纠纷,邻里纠纷,邻里纠纷,0.9
GQW202505190143,5月18日，西堤阳光居民因电梯经常故障在业主群中抱怨，与物业产生矛盾，需社区介入调解。,物业管理纠纷,物业管理纠纷,0.9
GQW202505190150,网格员发现海润小区有邻里纠纷不利于基层稳定，和邻里和睦，主要因为高层扔垃圾造成不必要的因素，请相关部门协助解决。,物业管理纠纷,公共秩序纠纷,0.9
GQW202505190158,网格员巡查是遇到17楼的张奶奶投诉邻居周奶奶养狗不牵绳还让狗在楼道里乱叫，影响她休息，希望能让网格员进行联系沟通。,狗患纠纷,狗患纠纷,0.9
GQW202505190161,海泰佳园7幢6层王先生与杨女士最近因为孩子的事情产生啦矛盾，王先生认为孩子应该参加课外班，杨女士认为给孩子更多空间，社区网格在了解情况后及时介入。,邻里纠纷,邻里纠纷,0.9
GQW202505190204,高峰村有村民反应，自己名下还有安置房还没分配，问村委会啥时候可以分配,征地拆迁纠纷,其他纠纷,0.9
GQW202505190219,西堤阳光网格群有业主反映就去年8月因楼上空调冷凝水管未接入落水管导致房屋漏水问题与物业协商由物业进行赔偿和维修，到目前为止，物业仍旧未将问题解决的相关事宜，现该业主向网格长反映要求楼上业主及物业承担相应责任。-#矛调类其他#,经济纠纷,损害赔偿纠纷,0.9
GQW202505190225,有居民反映楼下住户雨棚安装高度影响楼上正常晒衣，引发舆论和邻里纠纷，务必尽快解决,工程施工纠纷,邻里纠纷,0.9
GQW202505190229,学院社区网格一居民投诉物业不作为，杂草丛生也不处理，小区绿化没有好好的维护，产生矛盾纠纷,物业管理纠纷,物业管理纠纷,0.9
GQW202505190237,学院社区学苑名府三网格长在走访时遇到11-402居民投诉物业，一直未去修复学苑名府11幢7楼消防安全通道损坏不亮的安全出口指示牌，居民反映有跟物业说过好几次，望社区工作人员出面处理一下。,经济纠纷,消防隐患纠纷,0.9
GQW202505190240,海泰佳园3幢5楼的王叔叔反映隔壁邻居周小姐每天早上穿高跟鞋在屋内走动，房屋隔音一般所以产生噪音，两人因此产生矛盾。,邻里纠纷,邻里纠纷,0.9
GQW202505190241,海润佳园居民因物业不作为物业收物业费标准不统一与物业产生矛盾纠纷。,物业管理纠纷,物业管理纠纷,0.9
GQW202505190251,新庄村287号郑师傅与隔壁租客李某应晾晒衣服引起纠纷。,邻里纠纷,邻里纠纷,0.9
GQW202505190255,天逸湾二期小区业主投诉开发商将未出售的停车位安装了地锁，并表示这些车位只售不租，这种作法忽视了部分业主因经济条件限制，短期内无力购置车位；还有部分租户、临时住户等，同样存在停车需求。开发商“只售不租”的做法，严重压缩了业主们的停车选择空间，实质上侵犯了业主合理使用停车位的权益。小区停车位本应首先满足业主需求，这种单方面的管理决策，不仅给业主生活带来极大不便，更激化了业主与开发商间的矛盾。恳请相关部门尽快介入调查处理，督促开发商纠正不合理行为，保障业主的合法权益。,公共秩序纠纷,房地产纠纷,0.9
GQW202505190316,#婚姻家庭纠纷# 藕缆桥村七彩虹公寓 8126室因男女朋友分手产生纠纷，需处理,公共秩序纠纷,情感纠纷,0.9
GQW202505190317,"农户双方签订的农田租赁合同已到期，楼某想以当前市场行情提高租金，而陈某认为自己连续耕种多年，应该维持原价。两人互不相让，只能来到村委会求助。
-#矛调类其他#",经济纠纷,经济纠纷,0.9
GQW202505190319,罗曼风情小区居民随意将车辆停放在路边，物业多次和居民沟通未及时挪车，物业将其车辆锁住,公共秩序纠纷,物业管理纠纷,0.9
GQW202505190336,老百姓邻里间发生摩擦来村进行调解,邻里纠纷,邻里纠纷,0.9
GQW202505190346,#婚姻家庭纠纷#外来村民蒋胜平与第三者吴丽萍发生情感纠纷，经常报警。,家庭婚姻纠纷,情感纠纷,0.9
GQW202505190351,海泰佳园小区一居民在公共绿化带堆放杂物，与其他居民产生矛盾纠纷，需要相关部门处理。,物业管理纠纷,物业管理纠纷,0.9
GQW202505190354,居民反映海润佳园小区垃圾归集点的垃圾桶有异味，影响居民生活 ，产生矛盾纠纷。,物业管理纠纷,环保纠纷,0.9
GQW202505190361,新庄村213号汪某与隔壁租客张某应声音太大引起纠纷。,邻里纠纷,噪声污染,0.9
GQW202505190407,新庄村张家漕周立明与隔壁邻居因垃圾桶问题引起的矛盾纠纷,邻里纠纷,邻里纠纷,0.9
GQW202505190415,罗曼风情小区居民因时常听到楼上有小狗脚步声，导致无法正常休息，与产生邻里矛盾,狗患纠纷,狗患纠纷,0.9
GQW202505190418,居民反映在电梯里老是出现猫屎，麻烦社区出面协调,邻里纠纷,狗患纠纷,0.9
GQW202505190420,居民反映在车库里发现好几次狗屎，一直不能解决，麻烦社区出面协调,邻里纠纷,狗患纠纷,0.9
GQW202505190427,网格员巡查发现海欣佳园小区8幢有业主在楼道内养狗，引发邻里矛盾纠纷。,狗患纠纷,狗患纠纷,0.9
GQW202505190437,高桥北路老柴门8号，房屋翻修补漏，与前面邻居产生矛盾。致电社区要求调解-#邻里纠纷#,邻里纠纷,工程施工纠纷,0.9
GQW202505190440,居住在海泰佳园2幢11层的王某与苏某发生纠纷，因为孙某经常倒垃圾时，不经意间把垃圾掉在楼道里，王某多次对此事进行交涉无果，最终发生争执，网格员介入进行调解。,邻里纠纷,邻里纠纷,0.9
GQW202505190442,5月11日，青年才郡居民因小区多次出现蛇，有安全隐患，物业不作为而与小区物业产生矛盾，需社区介入调解,物业管理纠纷,物业管理纠纷,0.9
GQW202505190448,村民因邻居院里搭雨棚双方产生矛盾，请村里协助调节，停止搭建。,邻里纠纷,邻里纠纷,0.9
GQW202505190449,村民因邻居每日露天焚烧柴火，存在隐患而发生矛盾，请村委协调一下。,邻里纠纷,环保纠纷,0.9
GQW202505190460,居民投诉星海熙园物业管理不当，电梯里有小狗，需要及时处理。,狗患纠纷,狗患纠纷,0.9
GQW202505190501,崔明振（158****9950）与一醉酒者（身份不详）在买烧烤时发生口角引起纠纷，望相关部门跟进处理。,口角琐事纠纷,消费纠纷,0.9
GQW202505190506,邵海香（151****2013）和薛得传（ 173****2941 ）两夫妻因家庭琐事引起纠纷多次报警，望相关部门跟进处理。,家庭婚姻纠纷,家庭婚姻纠纷,0.9
GQW202505190507,包汝秋（182****8906）因在家儿媳李留华（152****5188）在家里养鸡和儿媳引起纠纷，该家庭之前两次报警，需关注家庭情况。,家庭婚姻纠纷,家庭婚姻纠纷,0.9
GQW202505190508,王云飞（133****5971）和前夫朱孝明（153****8279）因为孩子过户低保问题发生纠纷，后双方自行去居委会协商处理。需关注该情况。,物业管理纠纷,家庭婚姻纠纷,0.9
GQW202505190509,杨吉敏（139****7083）和男友秦正荣（159****6100）均住藕缆桥联丰中路579号烧烤店。二人因在通话中用词不当，发生吵架后引起纠纷。后经调解，秦正荣向杨吉敏赔礼道歉。需关注后续情况。,经济纠纷,情感纠纷,0.9
GQW202505190510,杨佳潞（156****8520）称和男友陈碟（147****9636）因酒喝多了有纠纷，期间男友打了杨佳潞一巴掌，后经调解，陈碟赔偿杨佳潞医药费误工费等1000块钱，双方和解，已签署调解协议，现已无事。需关注两人情况。,经济纠纷,情感纠纷,0.9
GQW202505190511,赵永先（182****8003）丈夫（曾坤152****8893），赵永先精神有问题，已带其去医院看过，目前吃药治疗中。需关注该人情况。,经济纠纷,其他纠纷,0.9
GQW202505190512,向阳（176****9348）与朱晓雨（131****9660）双方系男女朋友关系，双方因感情问题发生口角，现双方和平分手，女方已搬离住处。需关注两人情况。,情感纠纷,情感纠纷,0.9
GQW202505190513,潘金花（184****6999）与男朋友李国君（137****6969）因一起喝酒时语言上的冲突发生口角，引起纠纷，对方将其家里东西砸了需要处理，人无大碍。后经调解，李国君一次性赔偿潘金花家具损坏费等共计1000元整，双方的医药费均由各自承担，双方签署调解协议后已离开。需关注两人后续情况。,经济纠纷,口角琐事纠纷,0.9
GQW202505190514,麦麦提力·亚森（175****8833新疆人）与汪海见（187****6857）系邻居关系因生活琐事引起纠纷，后经民警现场调解事已平息双方和解。需关注邻里日常情况。,邻里纠纷,邻里纠纷,0.9
GQW202505190515,李旦旦（183****9759）报警称因5月15日晚上在高桥恒威君和院14幢42号502室被喝醉酒的陈贺龙（150****4336）推倒，导致自己需要保胎，陈贺龙称自己未有推的行为。经调解，双方意见达不成一致，调解失败，现已告知走法律途径处理。望有关部门关注该情况。,邻里纠纷,损害赔偿纠纷,0.9
GQW202505190516,高桥中学814班，林双英（133****3581）称其女儿金丹巧（133****3581）被同班同学马子豪（156****2682）（马子豪的妈妈王芳（3325*****7026 浙江省景宁畲族自治县英川镇梅颂村10号 156****2682）。）因上课睡觉的事情发生口角，需关注该情况。,口角琐事纠纷,涉校园纠纷,0.9
GQW202505190517,陈霞（159****3201）与丁国全（150****3266）双方系男女朋友关系，因陈霞要求丁国全削黄瓜一事发生口角，后陈霞砸家里东西，丁国全用手打了一下其，陈霞拿厨房菜刀，后被丁国全控制住，在此过程中划伤了陈霞的手，破了一个小伤口。后回访丁国全称双方自行处理好了。需关注两人情况。,经济纠纷,家庭婚姻纠纷,0.9
GQW202505190518,余善林（158****4130工作单位在高桥浙江人本物流服务有限公司宁波分公司）。5.17因工作上的事情与领导有矛盾，自己想不开跳河，目前人生命没有危险。需关注日常情况。,消费纠纷,劳动人事（就业）纠纷,0.9
GQW202505190519,巩晓红（131****4444）与张梦军（159****8777）系夫妻关系，双方因孩子补课的事情发生争执，巩晓红会房间睡觉将门锁了，张梦军敲门不开就拿菜刀将门劈了一下，现双方已和解。需关注两人情况。,家庭婚姻纠纷,家庭婚姻纠纷,0.9
GQW202505190520,门晓晨（158****7892）因想要联系男友周自豪（186****3657），遂至楼顶有轻生念头，现人已救下，无大碍。后经民警教育沟通，该人已情绪良好，书写保证书，保证以后不会再做此类的事，现已由男友接回，现已无事。需关注该人后续情况。,其他纠纷,情感纠纷,0.9
GQW202505190521,李玉方（189****7734）因女友曾婷婷（132****5120）房间里有另外一个男生，而引起女感情纠纷，后经现场调解事已平息。需关注两人后续情况。,情感纠纷,情感纠纷,0.9
GQW202505190522,叶林（185****8512）与女友陈琳（150****0294）因感情琐事引起纠纷，后称会自行协商处理。需关注两人情况。,消费纠纷,情感纠纷,0.9
GQW202505190523,郭玲玲(137****3289)和周波(182****3344)系男女朋友，双方有经济纠纷，现男的先搬出公寓楼，经济问题双方走法律程序解决。需关注两人情况。,情感纠纷,经济纠纷,0.9
GQW202505190524,郭玲玲(137****3289)和周波(182****3344)系男女朋友，双方有经济纠纷，现男的先搬出公寓楼，经济问题双方走法律程序解决。需关注两人情况。,情感纠纷,经济纠纷,0.9
GQW202505190525,付荣志（130****0691）称母亲闫文珍（138****8533）与父亲付永强（131****2138）吵架后，情绪激动后身体不适，现已由家属陪同送往医院治疗，已无事。需关注家庭情况。,家庭婚姻纠纷,家庭婚姻纠纷,0.9
GQW202505190526,韩思佳（138****7185）与女友连美丽因感情琐事吵架，拉扯了几下，现场已调解平息，需关注两人情况。,情感纠纷,情感纠纷,0.9
GQW202505190527,谢琼碧(135****6356 )称楼下808邻居敲东西声音很吵扰民，已多次报警，现已告知声音轻一点不要影响居民休息，已无事。需关注邻里情况。,邻里纠纷,噪声污染,0.9
GQW202505190528,况群连（178****8058）与胡天良（134****9093）因感情问题多次报警，望相关部门跟进处置。,情感纠纷,情感纠纷,0.9
GQW202505200021,俩兄妹因拆迁款分配问题产生的纠纷,工程施工纠纷,征地拆迁纠纷,0.9
GQW202505200029,#邻里纠纷#西堤阳光小区业主不按规定停放机动车，导致私人停车位被占用，引发业主矛盾，望社区和物业进行协调和管理,公共秩序纠纷,物业管理纠纷,0.9
GQW202505200036,#邻里纠纷#长乐社区育才小区3幢有居民反应401室装修，将大量建筑垃圾堆放在一楼门口，影响进出，产生矛盾纠纷，希望社区能出面解决。,公共秩序纠纷,公共秩序纠纷,0.9
GQW202505200037,接到观堂居民投诉，7幢有业主将房子改为群租房，三层一共分了5间，租户晚上都回来较晚，夜间经常有喝酒吵闹的声音。附近居民说严重影响到自己正常休息。,综合拉练,噪声污染,0.9
GQW202505200039,#邻里纠纷#住在三村7幢的居民在网格群向社区反映3楼住户将水管直接从上面排水下来，影响路过的居民出入行走，联系对方也不整改，希望社区能够联系到该住户，并帮忙处理解决矛盾。,工程施工纠纷,邻里纠纷,0.9
GQW202505200052,有居民反映四季苑内蚊虫过多，很是困扰，多次和物业反映无下文，希望社区能够出面解决问题。,物业管理纠纷,环保纠纷,0.9
GQW202505200062,#婚姻家庭纠纷#接上级警务信息望江村李家57-3夫妻家庭吵架，为进一步跟踪情况，了解详情，尽力化解矛盾纠纷，请村里安排关注处理。,家庭婚姻纠纷,家庭婚姻纠纷,0.9
GQW202505200122,#婚姻家庭纠纷#外来村民杨辉艳与李永志因丈夫经常夜不归宿，夫妻之间发生口角，互相推搡，存在矛盾。,治安隐患纠纷,家庭婚姻纠纷,0.9
GQW202505200130,居民反映汽车经常停在弯道，妨碍其他车子进出小区，物业也不作为，引发了矛盾，请社区处理,物业管理纠纷,街面秩序,0.9
GQW202505200208,#邻里纠纷#有居民反映清沁家园二期94号门票有根绳子拉着，影响居民进出，小孩玩耍有安全隐患，希望社工上门协调解决。,邻里纠纷,邻里纠纷,0.9
GQW202505200210,有居民反映，清沁二期绿植长到居民家里，影响居民生活，物业未及时处理该问题，产生矛盾，希望社区能够出面沟通解决。,物业管理纠纷,物业管理纠纷,0.9
GQW202505200217,#邻里纠纷#长乐一村7幢一楼的朱阿姨跟社区反映说，外墙的水管因楼上更换的半截管子未连接好，常有水漏出渗到墙面，导致公共墙面受损，沟通无果引发矛盾，希望社区处理,经济纠纷,邻里纠纷,0.9
GQW202505200230,峰锦丽庭5-602住户来社区反应，对门邻居养狗经常不栓狗绳，有安全隐患。多次上门沟通，对方没有改正，希望社区介入调解。-#邻里纠纷#,狗患纠纷,狗患纠纷,0.9
GQW202505200237,#邻里纠纷#住在长兴路的居民在网格群向社区反映家门口有一辆车违规乱停车，导致他无法出门，联系对方电话也联系不上，对方也不挪走，希望社区能够联系到该住户，并帮忙处理解决矛盾。,公共秩序纠纷,街面秩序,0.9
GQW202505200238,#婚姻家庭纠纷#长乐社区育才小区3幢9单元403室张女士，反应其前男友经常到她家中乱翻东西，两个人天天吵架。曾经报过警，前男友被警察批评教育后，还是经常来骚扰她。希望社区能出面调解。,物业管理纠纷,家庭婚姻纠纷,0.9
GQW202505200250,#邻里纠纷#三村16幢102居民反映202住户漏水，双方多次协商无果，引起双方矛盾，希望社区出门调解,邻里纠纷,邻里纠纷,0.9
GQW202505200260,住在乐园20幢的租客向社区反映，家里曾经有过反水现象，有可能是主管堵塞了，跟物业说过要来处理下，物业却没有及时解决，目前双方已有矛盾。故来寻求社区帮助。,物业管理纠纷,物业管理纠纷,0.9
GQW202505200312,居民投诉有一条长管丢弃在学院名府北侧的停车位上，导致无法正常停车，引发矛盾。,公共秩序纠纷,街面秩序,0.9
GQW202505200314,峰锦丽庭2幢201住户投诉楼上半夜噪音太大，影响睡眠，多次提醒无果。希望社区介入调解。-#邻里纠纷#,邻里纠纷,噪声污染,0.9
GQW202505200328,四季翠园3幢居民因为楼下绿化带的灯坏了，物业没有及时修理而引发矛盾，请社区督促物业落实,物业管理纠纷,物业管理纠纷,0.9
GQW202505200341,有住乐园的居民表示17幢边上的垃圾桶旁大件垃圾堆放好几天，物业也没来处理，前天找物业说过，物业没来处理，现已与物业产生矛盾，希望社区出面解决。,物业管理纠纷,公共秩序纠纷,0.9
GQW202505200401,裘文杰(189****4947)和童嘉烈(132****7553）两夫妻因婚姻感情问题引起纠纷，望相关部门跟进处理。,家庭婚姻纠纷,家庭婚姻纠纷,0.9
GQW202505200407,汤博文（186****3599）称老婆龚佳囡（183****3951）和母亲王帮玲（138****6078）有纠纷，经了解系龚佳囡和婆婆王帮玲因生活琐事发生口角引起打架，后经调解，王帮玲向龚佳囡赔礼道歉，双方和解，已签署调解协议，已对王帮玲开具家暴书。需关注该家庭情况。,治安隐患纠纷,家庭婚姻纠纷,0.9
GQW202505200501,保安经理：送外卖的电瓶车（美团）故意撞保安，因为保安不让进，吵架引起，保安120不要，180****8448 #非警务#纠纷事项#物业管理问题#报警电话:180****8448,交通事故纠纷,口角琐事纠纷,0.9
GQW202505200502,去年的工资要不到，有纠纷152****9562 #非警务#纠纷事项#劳资问题#报警电话:152****9562,劳动人事（就业）纠纷,劳动人事（就业）纠纷,0.9
GQW202505200503,厂里的负责人欠钱不还，报警人现在厂里。联系对方称出去了不愿意过来，报警人称要把他东西搬了。159****2282 #非警务#纠纷事项#经济（债务）问题#报警电话:159****2282,债务纠纷,债务纠纷,0.9
GQW202505200504,我在这里租了网约车，还没有到时间，公司的人说车主要用汽车了要我开过来退车，但是押金一直不退给我182****2094 #非警务#纠纷事项#物流（快递）问题#报警电话:182****2094,消费纠纷,消费纠纷,0.9
GQW202505200505,老板欠了以前的工人的工资，现这个工人一直缠着我，有纠纷131****2378 #非警务#纠纷事项#劳资问题#报警电话:131****2378,劳动人事（就业）纠纷,劳动人事（就业）纠纷,0.9
GQW202505200506,有个顾客要寄快递，他把快递包装好放在门口我们快递员去拿的，现在说快递被我们损坏了，有纠纷187****8187 #非警务#纠纷事项#物流（快递）问题#报警电话:187****8187,消费纠纷,消费纠纷,0.9
GQW202505200507,我租的房子要退掉，对方押金不退有纠纷131****8555 #非警务#纠纷事项#租赁问题#报警电话:131****8555,经济纠纷,消费纠纷,0.9
GQW202505200508,我是货车司机，给老板装挖机过来，现发现挖机的玻璃破了，老板要我们赔偿有纠纷，电话：173****7275 #非警务#纠纷事项#经济（债务）问题#报警电话:173****7275,经济纠纷,损害赔偿纠纷,0.9
GQW202505200509,刚才快递员故意把我的快递给扔了，我觉得是偷，现在对方等着我，需要处理，135****6607 #非警务#纠纷事项#物流（快递）问题#报警电话:135****6607,消费纠纷,消费纠纷,0.9
GQW202505200510,辅助：刚才快递员故意把我的快递给扔了，我觉得是偷，现在对方等着我，需要处理，135****6607 #非警务#纠纷事项#物流（快递）问题#报警电话:135****6607,消费纠纷,消费纠纷,0.9
GQW202505200511,老板娘欠我半个月工资没给我，现有纠纷，191****4751 #非警务#纠纷事项#劳资问题#报警电话:191****4751,劳动人事（就业）纠纷,劳动人事（就业）纠纷,0.9
GQW202505200512,有陌生人闹事，疑似老板不让他干了引起135****1074 #非警务#纠纷事项#劳资问题#报警电话:135****1074,其他纠纷,劳动人事（就业）纠纷,0.9
GQW202505200513,对方过来叫我修东西，说好的上门费，现对方认为价格贵了不肯付钱，需要调解153****6991 #非警务#纠纷事项#消费问题#报警电话:153****6991,,消费纠纷,0.9
GQW202505200514,因为上门维修，维修费用问题，引起纠纷133****6729 #非警务#纠纷事项#其他纠纷事项#报警电话:133****6729,经济纠纷,消费纠纷,0.9
GQW202505200515,因租车问题发生纠纷。189****4110 #非警务#纠纷事项#租赁问题#报警电话:189****4110,经济纠纷,消费纠纷,0.9
GQW202505200516,滴滴司机恐吓我，因为对方让我走线下交易引起。报警人电话：191****4261 #非警务#纠纷事项#司乘（代驾）问题#报警电话:191****4261,消费纠纷,消费纠纷,0.9
GQW202505200517,因为货款问题有纠纷。189****6976 #非警务#纠纷事项#其他纠纷事项#报警电话:189****6976,其他纠纷,债务纠纷,0.9
GQW202505200518,我是代驾，对方对价格不认同，有纠纷。134****4555 #非警务#纠纷事项#司乘（代驾）问题#报警电话:134****4555,消费纠纷,消费纠纷,0.9
GQW202505200519,我租了房子，有人问房东要钱，现在赖着我这不肯走。158****9215 #非警务#纠纷事项#租赁问题#报警电话:158****9215,经济纠纷,房地产纠纷,0.7
GQW202505200520,我一个朋友欠了钱，现在联系不上153****1672 #非警务#纠纷事项#经济（债务）问题#报警电话:153****1672,债务纠纷,债务纠纷,0.9
GQW202505200521,我一个朋友欠了钱，现在联系不上153****1672 #非警务#纠纷事项#经济（债务）问题#报警电话:153****1672,债务纠纷,债务纠纷,0.9
GQW202505200522,#长效关注#我老公跟我吵架，砸我的东西，言语侮辱我，目前没有动手。189****4032 #非警务#纠纷事项#家庭婚姻感情问题#报警电话:189****4032,家庭婚姻纠纷,家庭婚姻纠纷,0.9
GQW202505210001,我叫了一辆滴滴车（浙BAB0772），现手机遗失在车上，司机要收我100元，有纠纷。138****9015 #非警务#纠纷事项#消费问题#报警电话:138****9015,消费纠纷,消费纠纷,0.9
GQW202505210002,开着船把对方钓鱼钩弄到了，对方要我赔钱，需要调解139****8493 #非警务#纠纷事项#其他纠纷事项#报警电话:139****8493,其他纠纷,损害赔偿纠纷,0.9
GQW202505210003,老板不付衣服货款问题，替工人讨薪有纠纷139****6206 #非警务#纠纷事项#劳资问题#报警电话:139****6206,劳动人事（就业）纠纷,劳动人事（就业）纠纷,0.9
GQW202505210004,#长效关注#我爸爸和我吵架，不知道什么原因，双方有纠纷183****2173 #非警务#纠纷事项#家庭婚姻感情问题#报警电话:183****2173,家庭婚姻纠纷,家庭婚姻纠纷,0.9
GQW202505210005,因维修结果不满意，我与维修工人发生纠纷 137****7521 #非警务#纠纷事项#消费问题#报警电话:137****7521,经济纠纷,消费纠纷,0.9
GQW202505210006,我叫了一个货拉拉，因为雨比较大，想让门卫提前开门，门卫说车还没到，骂我，电话135****4704 #非警务#纠纷事项#物业管理问题#报警电话:135****4704,消费纠纷,口角琐事纠纷,0.9
GQW202505210007,180****9063：因为卸货问题有纠纷，需要处理 #非警务#纠纷事项#物流（快递）问题#报警电话:180****9063,消费纠纷,消费纠纷,0.9
GQW202505210008,166****0242货车司机报：对方要卸别人家的货，双方有纠纷 #非警务#纠纷事项#物流（快递）问题#报警电话:166****0242,消费纠纷,其他纠纷,0.9
GQW202505210009,我不干了，公司不退押金有纠纷136****2432 #非警务#纠纷事项#劳资问题#报警电话:136****2432,经济纠纷,劳动人事（就业）纠纷,0.9
GQW202505210010,132****5240报：客人把我们的床单被套弄脏了，现因清洗赔偿费用引起纠纷 #非警务#纠纷事项#经济（债务）问题#报警电话:132****5240,消费纠纷,消费纠纷,0.9
GQW202505210011,称该顾客发的定位是需要掉头才能到达，我掉了个头，对方不愿意了，起纠纷182****1895 #非警务#纠纷事项#司乘（代驾）问题#报警电话:182****1895,消费纠纷,消费纠纷,0.9
GQW202505210012,158****1679：我在这里寄快递，寄了身份证，现在身份证不见了，需要处理 #非警务#纠纷事项#物流（快递）问题#报警电话:158****1679,消费纠纷,消费纠纷,0.9
GQW202505210013,我把黄金拿到对方店里烧，之前说好的800多一克，现烧完后和我说700多一克了，双方因价格问题起纠纷。报警人：130****6962 #非警务#纠纷事项#消费问题#报警电话:130****6962,消费纠纷,消费纠纷,0.9
GQW202505210014,顾客多次在平台上点餐吃白食，我目前找到他了，195****6632 #非警务#纠纷事项#消费问题#报警电话:195****6632,消费纠纷,消费纠纷,0.9
GQW202505210015,我来讨女儿的工资7000多元，现在双方在一起133****7469 #非警务#纠纷事项#劳资问题#报警电话:133****7469,劳动人事（就业）纠纷,劳动人事（就业）纠纷,0.9
GQW202505210016,#长效关注#我老公在我电瓶车上按了四个追踪器，双方吵架了。132****2631 #非警务#纠纷事项#家庭婚姻感情问题#报警电话:132****2631,家庭婚姻纠纷,家庭婚姻纠纷,0.9
GQW202505210108,有居民反映有车辆停放在6号楼车库门口，影响车辆进出，物业也不管，引发矛盾，希望社区出面解决。,公共秩序纠纷,街面秩序,0.9
GQW202505210118,小区地下停车场有人遛狗不铲屎，引发邻里纠纷。,公共秩序纠纷,狗患纠纷,0.9
GQW202505210120,有居民反应，邻居将垃圾扔在门口，夏天天气炎热导致发臭，严重影响生活，多次交涉无果，请社区调节,邻里纠纷,公共秩序纠纷,0.9
GQW202505210209,#邻里纠纷#三村14幢有居民反映1楼住户种植的豌豆打了农药，玩耍的孩子较多存在安全隐患，多次向住户反映无效，引起双方矛盾，希望社区出面协调,邻里纠纷,邻里纠纷,0.9
GQW202505210210,横河家园有居民反映小区4幢架空层处有扔垃圾，长时间堆积会找来蚊虫，要求物业尽快清理干净。,物业管理纠纷,公共秩序纠纷,0.9
GQW202505210220,印悦里居民投诉楼上业主不文明养狗。-#邻里纠纷#,狗患纠纷,狗患纠纷,0.9
GQW202505210224,盛世郦都62幢附近有居民反应树木倒塌，影响了汽车和电瓶车通行，希望相关部门处理。,经济纠纷,街面秩序,0.9
GQW202505210318,有居民反应小区停车场有人乱停车，多次劝说无果，请社区出面协调。,物业管理纠纷,街面秩序,0.9
GQW202505210320,有居民反应有人经常在草坪上乱扔垃圾，多次劝说无果，请社区出面协调。,邻里纠纷,公共秩序纠纷,0.9
GQW202505210407,有居民反映乐佳生活超市前面的停车位内有生活垃圾影响环境，物业也不管，引发矛盾，希望社区出面解决。,公共秩序纠纷,环保纠纷,0.9
GQW202505210408,#邻里纠纷#长乐二村3幢一楼居民反映楼上出租户往下水道乱丢垃圾，导致水管经常堵塞，多次和楼上发生矛盾，这回又堵了，要求社区协调。,物业管理纠纷,邻里纠纷,0.9
GQW202505210417,印悦里居民投诉楼上业主半夜扰民，请社区处理。-#邻里纠纷#,邻里纠纷,邻里纠纷,0.9
GQW202505210418,有居民反应，楼上邻居多次将未干燥的衣服进行晾挂，滴水，导致衣服淋湿，多次交涉无果，请社区出面调节,邻里纠纷,邻里纠纷,0.9
GQW202505210505,耿娟(186****1761)称其女儿（杜嘉伦，17岁，手机号：130****3289，在东钱湖宁波外国语学校读高二）因琐事和家里人闹矛盾，近期情绪比较激动，需关注该人情况。,消费纠纷,家庭婚姻纠纷,0.9
GQW202505220001,朋友不买单，现工作人员不让我走，引发纠纷135****2255 #非警务#纠纷事项#消费问题#报警电话:135****2255,消费纠纷,消费纠纷,0.9
GQW202505220002,我姐姐不给我医药费，双方在一起产生纠纷，报警人电话：130****2803 #非警务#纠纷事项#经济（债务）问题#报警电话:130****2803,经济纠纷,经济纠纷,0.9
GQW202505220003,我是货车司机，对方不付压车费，双方发生纠纷，报警人电话180****5322 #非警务#纠纷事项#物流（快递）问题#报警电话:180****5322,消费纠纷,劳动人事（就业）纠纷,0.9
GQW202505220004,因退租房押金问题，房东与租客发生纠纷 181****0001 #非警务#纠纷事项#租赁问题#报警电话:181****0001,经济纠纷,消费纠纷,0.9
GQW202505220005,#长效关注#我们都是住在这里，隔壁住户卖鸡鸭，在这里洗，导致有臭味，引起纠纷，181****9299 #非警务#纠纷事项#邻里问题#报警电话:181****9299,邻里纠纷,邻里纠纷,0.9
GQW202505220006,我老婆不让我看孩子，引起纠纷。136****7326 #非警务#纠纷事项#家庭婚姻感情问题#报警电话:136****7326,家庭婚姻纠纷,家庭婚姻纠纷,0.9
GQW202505220007,无应答，回拨我的狗被对方的狗咬了，因为赔偿问题有纠纷180****6209 #非警务#纠纷事项#经济（债务）问题#报警电话:180****6209,经济纠纷,损害赔偿纠纷,0.9
GQW202505220008,我的狗牵了绳子，被对方没牵绳的狗咬了，赔偿有纠纷，电话186****5310 #非警务#纠纷事项#经济（债务）问题#报警电话:186****5310,经济纠纷,损害赔偿纠纷,0.9
GQW202505220009,（辅助下单，催促）我的狗牵了绳子，被对方没牵绳的狗咬了，赔偿有纠纷，电话186****5310 #非警务#纠纷事项#经济（债务）问题#报警电话:186****5310,经济纠纷,狗患纠纷,0.9
GQW202505220010,173****6389报：因高速费问题与顺风车司机有纠纷 #非警务#纠纷事项#司乘（代驾）问题#报警电话:173****6389,消费纠纷,消费纠纷,0.9
GQW202505220011,顾客报，我要退刚买的鞋子，商家不退，引起纠纷，180****3021 #非警务#纠纷事项#消费问题#报警电话:180****3021,消费纠纷,消费纠纷,0.9
GQW202505220012,工作人员来电，停车场里面车位没了，我和车主说了，他不听，一定要开进去，电话157****0589 #非警务#纠纷事项#物业管理问题#报警电话:157****0589,经济纠纷,物业管理纠纷,0.9
GQW202505220102,居民存在房屋矛盾纠纷来社区协调,邻里纠纷,其他纠纷,0.9
GQW202505220103,居民投诉房子漏水，物业不管,物业管理纠纷,物业管理纠纷,0.9
GQW202505220105,海隽府小区上下楼居民，因楼上居民半夜吵闹，希望社区网格员协调解决。,邻里纠纷,噪声污染,0.9
GQW202505220203,居民投诉小区有人遛狗不牵绳,狗患纠纷,狗患纠纷,0.9
GQW202505220216,有居民反映有人倒水，影响到自家的卫生。,经济纠纷,其他纠纷,0.9
GQW202505220303,#矛调类其他#长乐二村1幢居民反映1幢对面的垃圾桶旁边有很多垃圾堆放，保洁经常很久才清理，天气渐热，蚊虫滋生，居民多次要求保洁清理，保洁态度不好发生矛盾，要求社区处理。,物业管理纠纷,公共秩序纠纷,0.9
GQW202505220320,居民反应，车子停在小区内经常被贴小广告，不仅破坏小区环境还损害车辆，与物业沟通，物业未积极解决，产生矛盾，希望社区帮助解决,经济纠纷,物业管理纠纷,0.9
GQW202505220703,张彦（155****9016 ）与其老公袁海（186****1793）两夫妻因生活琐事及感情问题引起纠纷多次报警，望相关部门跟进处理。,家庭婚姻纠纷,家庭婚姻纠纷,0.9
GQW202505220704,报警人（133****0016）因欠钱的与侄子（138****8692）产生纠纷，望有关部门给予关注。,债务纠纷,债务纠纷,0.9
GQW202505230008,小区居民投诉京东违停，请社区进行调节,公共秩序纠纷,街面秩序,0.9
GQW202505230030,"802住户在楼下散步时，有一住户从高空扔下一包垃圾，恰好落在802住户面前，巨大的冲击力和突如其来的惊吓导致802住户当场瘫坐在地，无法动弹。邻居发现后立即上前搀扶，并拨打120急救电话，同时向社区网格员报告此事。
网格员迅速赶到现场，第一时间了解情况，并联系802住户的家属。在协助将802住户送上救护车后，网格员立即与物业工作人员调取监控录像，经过仔细排查，最终锁定高空抛物的肇事者为1503住户。随后，网格员向警方报案，请求警方介入。",邻里纠纷,公共秩序纠纷,0.9
GQW202505230103,居民投诉天逸湾二期49幢电梯有异响和振动，物业和社区多次沟通，物业多次修理都未修好，请上级部门处理,物业管理纠纷,物业管理纠纷,0.9
GQW202505230110,曾华军155****3867投诉浙江上卿特卫保安服务公司在入职期间未签合同，要求双倍赔偿，公司不同意，请上级部门处理一下,物业管理纠纷,劳动人事（就业）纠纷,0.9
GQW202505230201,我付了15000元加盟费，现在发现货运费的价格和他们说的不一样，现在我想要退加盟费，对方一直推脱，引起纠纷。 #非警务#纠纷事项#物流（快递）问题#报警电话:137****7539,经济纠纷,消费纠纷,0.9
GQW202505230202,因为费用问题，有人不让我们开门营业。153****4995 #非警务#纠纷事项#消费问题#报警电话:153****4995,物业管理纠纷,消费纠纷,0.9
GQW202505230203,我是房东，租客不付租金，引起纠纷，现我在高桥所旁。181****0001 #非警务#纠纷事项#租赁问题#报警电话:181****0001,经济纠纷,债务纠纷,0.9
GQW202505230204,因贷款问题与人产生纠纷。报警人电话：136****4182 #非警务#纠纷事项#其他纠纷事项#报警电话:136****4182,债务纠纷,债务纠纷,0.9
GQW202505230205,#长效关注#隔壁邻居把我家被子扔了，有纠纷。139****1807 #非警务#纠纷事项#邻里问题#报警电话:139****1807,邻里纠纷,邻里纠纷,0.9
GQW202505230206,我租了网约车，现在押金不退。150****0974 #非警务#纠纷事项#租赁问题#报警电话:150****0974,消费纠纷,消费纠纷,0.9
GQW202505230207,举报棋牌室无证经营，告知拨打12345市长热线。报警人称自己就在店中，双方有纠纷，具体情况不肯说。175****7899 #非警务#纠纷事项#消费问题#报警电话:175****7899,其他纠纷,消费纠纷,0.9
GQW202505230208,举报棋牌室无证经营，告知拨打12345市长热线。报警人称自己就在店中，双方有纠纷，具体情况不肯说。175****7899 #非警务#纠纷事项#其他纠纷事项#报警电话:175****7899,其他纠纷,其他纠纷,0.9
GQW202505230209,我是出租车(浙BN72536)司机，乘客骂我，有纠纷。158****5519 #非警务#纠纷事项#司乘（代驾）问题#报警电话:158****5519,消费纠纷,口角琐事纠纷,0.9
GQW202505230210,老板拖欠我的工资有纠纷。报警人电话：135****2539（新） #非警务#纠纷事项#劳资问题#报警电话:135****2539,劳动人事（就业）纠纷,劳动人事（就业）纠纷,0.9
GQW202505230211,#长效关注#我跟老婆吵架，报警人电话：158****7806 #非警务#纠纷事项#家庭婚姻感情问题#报警电话:158****7806,家庭婚姻纠纷,家庭婚姻纠纷,0.9
GQW202505230212,#长效关注#我隔壁邻居开了浴场，现一下雨排水管水就很多，有纠纷。155****9347 #非警务#纠纷事项#邻里问题#报警电话:155****9347,邻里纠纷,邻里纠纷,0.9
GQW202505230213,双方因为移车问题有纠纷134****5893 #非警务#纠纷事项#其他纠纷事项#报警电话:134****5893,经济纠纷,其他纠纷,0.9
GQW202505230304,居民投诉小区绿化不好，杂草丛生，物业不作为,物业管理纠纷,物业管理纠纷,0.9
GQW202505230324,#邻里纠纷#一村17幢一楼的居民投诉说三楼的住户阳台老是有水漏下来，打湿了楼下晒的衣物被子，引起了邻里间矛盾，希望社区出门解决,邻里纠纷,邻里纠纷,0.9
GQW202505230326,居民反应楼上住户不文明养狗，经常拉在楼道中，天气热易产生异味，与其沟通产生矛盾，希望社区帮助处理,狗患纠纷,狗患纠纷,0.9
GQW202505230405,#邻里纠纷#居民因楼上邻里经常洗完衣服晾晒后有水滴落沟通未果发生矛盾,邻里纠纷,邻里纠纷,0.9
GQW202505230411,居民反映晴园一期商铺室内装修的门板占用了人行道，给老百姓生活带来不便，希望能帮忙处理一下,公共秩序纠纷,街面秩序,0.9
GQW202505230503,洪羊琴（172****5363），对方张彦（155****9016老婆）袁海（186****1793老公，两人住新庄村汪漕头32号-6）。洪羊琴称和袁海之前是男女朋友关系，但张彦认为现在两人还有纠缠，引发纠纷。后经调解，洪羊琴与张彦相互赔礼道歉。5.23日洪羊琴又来电报警称张彦上门找事，需重点关注几人情况。,经济纠纷,情感纠纷,0.9
GQW202505230504,程雪芹（183****7390 ）因老公经常家暴想离婚与老公高先龙（183****7002）产生口角纠纷，现场已调解平息，告知双方通过法律途径处理离婚一事。需关注两人日常情况。,家庭婚姻纠纷,家庭婚姻纠纷,0.9
GQW202505230505,洪丽娜（177****2832）因家庭矛盾与老公徐君波（177****2831）产生口角纠纷，有推搡，后经调解徐君波与洪丽娜相互赔礼道歉，签署协议。需关注两人日常情况。,经济纠纷,家庭婚姻纠纷,0.9
GQW202505230506,郑凯东（139****1912）称楼上704的狗一直叫，噪音扰民不堪其扰，民警到场敲门704住户无人应答，需关注该情况。,狗患纠纷,狗患纠纷,0.9
GQW202505230507,李晓莉（158****9861）和老公舒明超（132****0416）因生活口角引起纠纷，双方发生争吵，当日报警两次，民警现场已调解平息。需关注该家庭情况。,家庭婚姻纠纷,口角琐事纠纷,0.9
GQW202505230508,胡绍杰（130****8553）报警称前男友潘龙（187****8833）分手后跟我发生矛盾，经了解两人因感情上的事情发生纠纷，潘龙掐了胡绍杰脖子一下，现经调解，潘龙向胡绍杰赔礼道歉，并支付500元医药费误工费，双方签署调解协议，调解平息。需关注两人情况。,经济纠纷,情感纠纷,0.9
GQW202505230509,严伊宁（178****7129）与男朋友林逸风（151****9748），因林逸风觉得严伊宁对其不忠发生纠纷，现经调解，双方和平分手。需关注之后两人情况。,情感纠纷,情感纠纷,0.9
GQW202505230510,罗攀（153****6422）和老公王成（180****7459）因小孩教育问题有纠纷，现场调解，双方和解，已对王成开具家暴书。西关注该家庭情况。,家庭婚姻纠纷,家庭婚姻纠纷,0.9
GQW202505230511,付正军（198****5837）酒后和女朋友李仙萍（153****2928）有纠纷，现场李仙萍未受伤称不要求处理和付正军吵架的事情，希望通知120将付正军送去医院醒酒。需关注两人日常情况。,经济纠纷,情感纠纷,0.9
GQW202505230512,洪丽娜（177****2832）因家庭矛盾与老公徐君波（177****2831）产生口角纠纷，现场没有动手，只是有推搡，也没有拿刀现象，现将双方带回所里调解，徐君波与洪丽娜相互赔礼道歉，签署协议，需关注两人情况。,经济纠纷,家庭婚姻纠纷,0.9
GQW202505240001,有人不付房租，产生纠纷，报警人电话：189****7567 #非警务#纠纷事项#租赁问题#报警电话:189****7567,经济纠纷,债务纠纷,0.9
GQW202505240002,我家里做了一个防水，工人没做好，我就打算付一半的工钱，工人不同意，有纠纷138****8955 #非警务#纠纷事项#劳资问题#报警电话:138****8955,劳动人事（就业）纠纷,消费纠纷,0.9
GQW202505240003,我给清洁工一千五让对方帮我干几天，现在我要被调到上海去，不在这干了，对方也不退钱，有纠纷136****4722 #非警务#纠纷事项#经济（债务）问题#报警电话:136****4722,其他纠纷,劳动人事（就业）纠纷,0.9
GQW202505240004,我是养护工人，花了1500元雇人帮我浇水，现我不在这里干了，对方不肯退钱，引发纠纷136****4722 #非警务#纠纷事项#劳资问题#报警电话:136****4722,劳动人事（就业）纠纷,消费纠纷,0.9
GQW202505240005,我的手被推车割伤了，现超市不肯赔偿有纠纷，需要处理135****1830 #非警务#纠纷事项#经济（债务）问题#报警电话:135****1830,消费纠纷,消费纠纷,0.9
GQW202505240006,152****0283：我们买了新房子，有人住在我们房子里面不走，这个人说因为前房东欠他钱，报警人不在家，老婆在家，老婆手机号报不出来 #非警务#纠纷事项#经济（债务）问题#报警电话:152****0283,物业管理纠纷,消费纠纷,0.9
GQW202505240007,辅助152****0283：我们买了新房子，有人住在我们房子里面不走，这个人说因为前房东欠他钱，报警人不在家，老婆（157****9582）在家 #非警务#纠纷事项#经济（债务）问题#报警电话:152****0283,物业管理纠纷,消费纠纷,0.9
GQW202505240008,这里停车费很高，有纠纷150****1190 #非警务#纠纷事项#消费问题#报警电话:150****1190,消费纠纷,消费纠纷,0.9
GQW202505240009,辅助单：这里停车费很高，有纠纷150****1190 #非警务#纠纷事项#消费问题#报警电话:150****1190,消费纠纷,消费纠纷,0.9
GQW202505240010,门卫报警：有位车主要出去但不想付停车费，就把车子停在门口，影响进出，车主不在现场，172****3286 #非警务#纠纷事项#物业管理问题#报警电话:172****3286,消费纠纷,消费纠纷,0.9
GQW202505240011,#长效关注#电话里一直吵架，我家外甥和我公公吵架了，具体情况不肯说159****0822 #非警务#纠纷事项#家庭婚姻感情问题#报警电话:159****0822,家庭婚姻纠纷,家庭婚姻纠纷,0.9
GQW202505240012,我老婆在这里收废品被狗咬了 ，因为赔偿问题有纠纷 ，报警人号码：189****3380 #非警务#纠纷事项#经济（债务）问题#报警电话:189****3380,经济纠纷,损害赔偿纠纷,0.9
GQW202505240013,有一辆车主逃单车费未付，现被我拦住了，需要处理。186****0706 #非警务#纠纷事项#物业管理问题#报警电话:186****0706,消费纠纷,消费纠纷,0.9
GQW202505240014,我之前给这家店装修，现在老板拖欠装修款。报警人现在店门口，其他员工在场152****9309 #非警务#纠纷事项#劳资问题#报警电话:152****9309,经济纠纷,劳动人事（就业）纠纷,0.9
GQW202505240015,我的租客一直不付房租，经常把店面房门锁起来。152****6787 #非警务#纠纷事项#租赁问题#报警电话:152****6787,经济纠纷,债务纠纷,0.9
GQW202505240016,我充值了会员卡，店员态度很差，不让我退卡，引起吵架。139****4351 #非警务#纠纷事项#消费问题#报警电话:139****4351,消费纠纷,消费纠纷,0.9
GQW202505240017,我买东西，有质量问题不给我换，现有纠纷。176****6113 #非警务#纠纷事项#消费问题#报警电话:176****6113,消费纠纷,消费纠纷,0.9
GQW202505240018,#长效关注#我女儿被她公公婆婆逼走了，十多天了，没人去找她，我现在能联系上我女儿，只是想处理婆媳矛盾。137****5980 #非警务#纠纷事项#家庭婚姻感情问题#报警电话:137****5980,家庭婚姻纠纷,家庭婚姻纠纷,0.9
GQW202505240019,#长效关注#我和我老婆出门，邻居一直探出头看我，还骂我引起纠纷166****5867 #非警务#纠纷事项#邻里问题#报警电话:166****5867,邻里纠纷,邻里纠纷,0.9
GQW202505240020,我是出租车司机，客人吐在我车上，不肯付洗车费。130****8230 #非警务#纠纷事项#司乘（代驾）问题#报警电话:130****8230,消费纠纷,消费纠纷,0.9
GQW202505240021,我是出租车司机，客人吐在我车上，不肯付洗车费。130****8230 #非警务#纠纷事项#司乘（代驾）问题#报警电话:130****8230,消费纠纷,消费纠纷,0.9
GQW202505240105,小区居民反映楼道里的电梯故障，影响正常出入，希望尽快处理。,物业管理纠纷,其他纠纷,0.9
GQW202505240201,接110报警，因为买手机的事情，对方称要杀我，现在拿棍子过来闹事，人没事，经了解当事人刘美鑫（电话：139****1998）与顾宜鹏（电话：166****7836）因买卖手机一事发生口角，后将双方带回所里，后经调解刘美鑫退还顾宜鹏购买手机费用3500元，双方签署调解现已离开。因该顾客性格比较极端，后续望相关部门予以关注跟进。,治安隐患纠纷,消费纠纷,0.9
GQW202505240202,接110报警，只说有人要杀我，经了解系报警人陆本祥（电话： 190****2578）是个和尚临时工，被一个叫马总（电话：186****8346）叫来在高桥辖区寺院打下手，昨晚暂时安排住在：合心村乡城23-4号暂住房，因醉酒后于对方发生纠纷，望相关部门予以关注跟进。,公共秩序纠纷,口角琐事纠纷,0.9
GQW202505240302,#邻里纠纷#二楼住户投诉楼上居民经常扔烟头与垃圾下来，窗外公共平台卫生难以保障,邻里纠纷,公共秩序纠纷,0.9
GQW202505240503,小区居民反映楼道楼梯黏糊糊的，卫生工作不到位，希望尽快处理。,物业管理纠纷,其他纠纷,0.9
GQW202505250101,我骑电瓶车在等红绿灯，有个骑电瓶车的人说我挡住他的去路还骂我，需要处理     153****7386 #非警务#纠纷事项#其他纠纷事项#报警电话:153****7386,交通事故纠纷,口角琐事纠纷,0.9
GQW202505250102,工作人员报：因为没有服务到位，与客户有纠纷，对方拍我们视频187****5646 #非警务#纠纷事项#消费问题#报警电话:187****5646,消费纠纷,消费纠纷,0.9
GQW202505250103,我在这上班，现在家里有事要辞职，老板不给工资还要我补，双方在现场有纠纷，电话195****4473 #非警务#纠纷事项#劳资问题#报警电话:195****4473,劳动人事（就业）纠纷,劳动人事（就业）纠纷,0.9
GQW202505250104,对方造我谣，说我和其老公有一腿，报警人：182****5368 #非警务#纠纷事项#其他纠纷事项#报警电话:182****5368,情感纠纷,口角琐事纠纷,0.9
GQW202505250105,因在店里买的东西质量有问题与店家引起纠纷，报警人180****6929 #非警务#纠纷事项#消费问题#报警电话:180****6929,消费纠纷,消费纠纷,0.9
GQW202505250106,138****3044报：因退租房押金问题与房东有纠纷 #非警务#纠纷事项#租赁问题#报警电话:138****3044,经济纠纷,消费纠纷,0.9
GQW202505250107,138****3044报：因退租房押金问题与房东有纠纷。（再次来电辅助下单） #非警务#纠纷事项#租赁问题#报警电话:138****3044,经济纠纷,消费纠纷,0.9
GQW202505250108,#长效关注#邻居家的车堵住我们家的路了，还不肯移开引起纠纷153****9639 #非警务#纠纷事项#邻里问题#报警电话:153****9639,邻里纠纷,邻里纠纷,0.9
GQW202505250109,我车停在边上，修理厂的人说我车停这影响到他们了，双方有纠纷，电话183****2972 #非警务#纠纷事项#其他纠纷事项#报警电话:183****2972,邻里纠纷,街面秩序,0.9
GQW202505250110,156****0262：有一辆车停在我们厂门口，司机说自己就住在旁边不肯移车，有纠纷 #非警务#纠纷事项#其他纠纷事项#报警电话:156****0262,邻里纠纷,街面秩序,0.9
GQW202505250111,理发店老板报：顾客因为剪头发剪的不好，现在不肯走，引起纠纷152****6802 #非警务#纠纷事项#消费问题#报警电话:152****6802,消费纠纷,消费纠纷,0.9
GQW202505250112,买了坏榴莲不肯退钱引起纠纷。188****7143 #非警务#纠纷事项#消费问题#报警电话:188****7143,消费纠纷,消费纠纷,0.9
GQW202505250113,137****6416，乘客把鞋子脱了脚翘在副驾驶上面影响我开车，我说了他不听还骂我，现在我载不了他有纠纷 #非警务#纠纷事项#司乘（代驾）问题#报警电话:137****6416,消费纠纷,口角琐事纠纷,0.9
GQW202505250114,打了滴滴车，与司机有口角纠纷，称司机也报过警，现司机已走，跟其解释不清，请与其联系，电话：138****2700 #非警务#纠纷事项#司乘（代驾）问题#报警电话:138****2700,消费纠纷,消费纠纷,0.9
GQW202505250115,我在这里存的娃娃，现在我来取，他们不让我取了起纠纷181****8245 #非警务#纠纷事项#消费问题#报警电话:181****8245,经济纠纷,消费纠纷,0.9
GQW202505250116,打了滴滴车，与司机有口角纠纷，称司机也报过警，现司机已走，跟其解释不清，请与其联系，电话：138****2700 （浙BA65923） #非警务#纠纷事项#司乘（代驾）问题#报警电话:138****2700,消费纠纷,消费纠纷,0.9
GQW202505250117,想让孩子参加舞蹈培训，在舞蹈学院办了年卡（内有2980元），因没有去过要退卡，对方不肯退有纠纷。150****5217 #非警务#纠纷事项#入学问题#报警电话:150****5217,消费纠纷,消费纠纷,0.9
GQW202505250118,我是出租车司机，乘客喝醉酒了吐在我车上，他不愿付我洗车费有纠纷，双方在一起，158****3398 #非警务#纠纷事项#司乘（代驾）问题#报警电话:158****3398,消费纠纷,消费纠纷,0.9
GQW202505250119,老板不发工资还骂我，老板说自己出去了，报警人在事发地，155****1924 #非警务#纠纷事项#劳资问题#报警电话:155****1924,劳动人事（就业）纠纷,劳动人事（就业）纠纷,0.9
GQW202505260001,因为工资不给引起纠纷，现和厂老板在一起，138****3836 #非警务#纠纷事项#劳资问题#报警电话:138****3836,劳动人事（就业）纠纷,劳动人事（就业）纠纷,0.9
GQW202505260002,之前我换了一个轮胎，后来发现轮胎型号不对，现在我和商家有纠纷，联系电话133****1359 #非警务#纠纷事项#消费问题#报警电话:133****1359,经济纠纷,消费纠纷,0.9
GQW202505260003,环卫工人把地上的垃圾扔我车里，引起纠纷，双方在一起138****6630 #非警务#纠纷事项#其他纠纷事项#报警电话:138****6630,其他纠纷,其他纠纷,0.9
GQW202505260004,我要不到工资，现在我找到老板，引起纠纷。150****5084 #非警务#纠纷事项#劳资问题#报警电话:150****5084,劳动人事（就业）纠纷,劳动人事（就业）纠纷,0.9
GQW202505260005,小区门口一辆货车一辆轿车互不相让，现在双方吵架了，报警人电话139****8066 #非警务#纠纷事项#其他纠纷事项#报警电话:139****8066,邻里纠纷,交通事故纠纷,0.9
GQW202505260006,染发弄脏衣服，现在要求店家赔偿，引起纠纷。153****9050 #非警务#纠纷事项#消费问题#报警电话:153****9050,消费纠纷,消费纠纷,0.9
GQW202505260007,我在货拉拉平台跑单，现在公司财务找不到了，老板拖欠工资引起纠纷，双方在一起186****8625 #非警务#纠纷事项#劳资问题#报警电话:186****8625,劳动人事（就业）纠纷,劳动人事（就业）纠纷,0.9
GQW202505260008,157****3882报：因租房问题与房东有纠纷 #非警务#纠纷事项#租赁问题#报警电话:157****3882,经济纠纷,房地产纠纷,0.9
GQW202505260009,#长效关注#104室外面发出来一股臭味，不清楚是什么东西发出来的，跟物业反映过此情况，物业不管，报警人在现场，引起纠纷183****0517 #非警务#纠纷事项#邻里问题#报警电话:183****0517,邻里纠纷,邻里纠纷,0.9
GQW202505260010,132****3726房东来电称和租客因为换钥匙的事情引起纠纷，需要处理 #非警务#纠纷事项#租赁问题#报警电话:132****3726,经济纠纷,物业管理纠纷,0.9
GQW202505260011,#长效关注#130****6703报：因邻居小孩一直在在楼道里吵闹，现与邻居产生纠纷，需要调解 #非警务#纠纷事项#邻里问题#报警电话:130****6703,邻里纠纷,邻里纠纷,0.9
GQW202505260012,178****3574饿了么员工报：因为工资问题有纠纷，现在对方家门口，对方家里有人，需要处理 #非警务#纠纷事项#劳资问题#报警电话:178****3574,劳动人事（就业）纠纷,劳动人事（就业）纠纷,0.9
GQW202505260103,有居民来社区投诉楼上漏水导致其家里漏水，需社区出面协调,邻里纠纷,邻里纠纷,0.9
GQW202505260104,居民投诉楼上业主每天回来很晚有椅子摩擦地板产生噪音影响其休息,物业管理纠纷,邻里纠纷,0.9
GQW202505260202,马浦丰和园19幢49单元门口，有居民车辆停放堵住单元门进出引发居民之间的矛盾纠纷,公共秩序纠纷,邻里纠纷,0.9
GQW202505260501,赵婷（176****2118）与其老公李长宇（177****8180）两夫妻因家庭琐事引起纠纷并称李长宇打其，后经调解李长宇向赵婷赔礼道歉，签署调解协议离开，望相关部门跟进处理。,消费纠纷,家庭婚姻纠纷,0.9
GQW202505260504,陈信伟（151****3033 ）称杨绍宏（153****7385 ）欠钱不还两人有经济纠纷多次报警，已告知走司法途径处理，望相关部门跟进处理。,消费纠纷,债务纠纷,0.9
GQW202505260505,陈维良（131****2282），前女友罗淑卉（159****0142）双方已分手，罗淑卉5.23晚上到陈维良家后两人发生争吵，民警到达现场后，罗淑卉的妈妈付久梅（134****3738）已将其接回家休息。需关注两人后续情况。,情感纠纷,情感纠纷,0.9
GQW202505260506,赵春花（188****3872）称因和老公王兵（151****8362）感情不和引起纠纷，经调解双方和解，现已无事。需关注两人日常情况。,消费纠纷,情感纠纷,0.9
GQW202505260507,王霸（187****1699，女，暂住迎春路68号5-221）和李心法（136****8887，男）陈家洪（131****1875，男）三人之间有感情纠纷，三角恋，后经调解，3人互相赔礼道歉。需关注后续情况。,经济纠纷,情感纠纷,0.9
GQW202505260508,朱丽平（188****3576香草青年社区103室）称因怀疑钦婷婷（182****5368香草青年社区101室）和其老公有暧昧关系而产生纠纷，经调解，朱丽平向钦婷婷赔礼道歉。因两家住很近，需关注后续双方情况，以免再次发生矛盾。,消费纠纷,情感纠纷,0.9
GQW202505260509,李春辉（155****8987住章水镇章水村）5月26日向吴开飞（138****2022住石塘村陈家新村133号-1）上门讨要欠款而产生口角纠纷，后经调解，双方相互赔礼道歉，吴开飞承担自己医药费。需关注之后两人纠纷情况。,经济纠纷,债务纠纷,0.9
GQW202505260510,赵财美（133****6072）与男友张喆炜（135****6195）喝多了酒拌嘴起了纠纷，后已帮助醒酒，需关注两人后续情况。,情感纠纷,口角琐事纠纷,0.9
GQW202505260511,顾毅雯(189****4032 )和其丈夫魏青云（150****8903）两夫妻因家庭琐事引起纠纷及有几次殴打他人警情，之前在望春辖区也有多次报警，今日两人纠纷事宜已平息，望相关部门跟进处理。,治安隐患纠纷,家庭婚姻纠纷,0.9
GQW202505270001,我在这里吃饭，商家把我的钱多算了，有纠纷136****0670 #非警务#纠纷事项#消费问题#报警电话:136****0670,消费纠纷,消费纠纷,0.9
GQW202505270002,我打车已经付款了，滴滴车司机说我没有付钱引起纠纷132****6333 #非警务#纠纷事项#消费问题#报警电话:132****6333,消费纠纷,消费纠纷,0.9
GQW202505270003,来电有说话声，问话无应答，回拨电话称老板拖欠我工资不给。182****0752 #非警务#纠纷事项#劳资问题#报警电话:182****0752,劳动人事（就业）纠纷,劳动人事（就业）纠纷,0.9
GQW202505270004,租房付了1300元定金，没有签过合同，我不想要租了，房东不肯退定金，现我在公司实习。193****0128（四平台未签收，已电告分局） #非警务#纠纷事项#租赁问题#报警电话:193****0128,经济纠纷,消费纠纷,0.9
GQW202505270005,#长效关注#和邻居有纠纷，具体原因不肯说 。报警人电话：133****0819。 #非警务#纠纷事项#邻里问题#报警电话:133****0819,邻里纠纷,邻里纠纷,0.9
GQW202505270006,#长效关注#和邻居有纠纷，具体原因不肯说 。报警人电话：133****0819。 #非警务#纠纷事项#邻里问题#报警电话:133****0819,邻里纠纷,邻里纠纷,0.9
GQW202505270007,快递员快递没送到，我打电话问他，他还骂我，有纠纷182****9171 #非警务#纠纷事项#物流（快递）问题#报警电话:182****9171,消费纠纷,消费纠纷,0.9
GQW202505270008,来电有争吵声，楼道灯不会亮了，物业不管，有纠纷。137****8627 #非警务#纠纷事项#物业管理问题#报警电话:137****8627,邻里纠纷,物业管理纠纷,0.9
GQW202505270009,因为银行一直给我的银行卡限额，和银行的工作人员产生纠纷，电话130****8005 #非警务#纠纷事项#其他纠纷事项#报警电话:130****8005,其他纠纷,消费纠纷,0.9
GQW202505270010,来电称财务没有给我结工资就跑了。报警人电话：186****8625 #非警务#纠纷事项#劳资问题#报警电话:186****8625,劳动人事（就业）纠纷,劳动人事（就业）纠纷,0.9
GQW202505270011,有人声，问话无回应。回拨我跟顺风车司机因为车费问题有纠纷。135****1163 #非警务#纠纷事项#司乘（代驾）问题#报警电话:135****1163,消费纠纷,消费纠纷,0.9
GQW202505270012,有人声，问话无回应。回拨我跟顺风车司机因为其他乘客拼单问题有纠纷。135****1163 #非警务#纠纷事项#司乘（代驾）问题#报警电话:135****1163,消费纠纷,消费纠纷,0.9
GQW202505270013,#长效关注#邻居一直在我家后门煮东西有纠纷。电话：158****1951 #非警务#纠纷事项#邻里问题#报警电话:158****1951,邻里纠纷,邻里纠纷,0.9
GQW202505270014,我妈妈买了微商 #非警务#纠纷事项#消费问题#报警电话:137****5251,消费纠纷,消费纠纷,0.9
GQW202505270015,#长效关注#电话里一直在吵架，后称因移车问题引起吵架，对方还要打人，需要尽快到场处理，报警人电话150****4382 #非警务#纠纷事项#邻里问题#报警电话:150****4382,邻里纠纷,邻里纠纷,0.9
GQW202505270016,#长效关注#我和老头有口角纠纷，报警人电话186****9652 #非警务#纠纷事项#家庭婚姻感情问题#报警电话:186****9652,家庭婚姻纠纷,家庭婚姻纠纷,0.9
GQW202505270301,刘满娟（139****8138）与其老公秦选灿（139****0138）两人因家庭琐事引起纠纷多次报警，昨日已对双方开具家暴书，婚姻问题双方走双方途径处理，请相关部门跟进处理。,家庭婚姻纠纷,家庭婚姻纠纷,0.9
GQW202505270302,周冬香（153****9038，住西堤阳光）因怀疑蒋建弟（158****2581，报警人，暂住西堤阳光店面944号）与自己丈夫余美仁（150****9580）有关系，二人发生争执，拉扯了几下。后经调解，蒋建弟赔偿周冬香医药费误工费200元。需关注后续情况,经济纠纷,情感纠纷,0.9
GQW202505270305,楼家定（132****2627）称其儿子楼建浩（132****2627）喝了半瓶农药（农药名称：乐斯本），后5月18日14时许回访报警人称自己儿子已出院回家休息，人已无事。需关注该人情况。,其他,其他纠纷,0.9
GQW202505270306,黄彪（188****7237）与外甥毛宇炫（152****0428，14岁）5月16日因吃饭一事发生口角，舅舅黄彪教训了毛宇炫一下，现已调解平息。需关注日常情况。,口角琐事纠纷,口角琐事纠纷,0.9
GQW202505280001,我是代驾，顾客不付代驾费，引起纠纷。136****2793 #非警务#纠纷事项#司乘（代驾）问题#报警电话:136****2793,消费纠纷,消费纠纷,0.9
GQW202505280002,#长效关注#小区住户报警，门口有对夫妻吵架，声音很大。157****8998 #非警务#纠纷事项#家庭婚姻感情问题#报警电话:157****8998,家庭婚姻纠纷,家庭婚姻纠纷,0.9
GQW202505280003,这里有轿车故意不挪车，现在产生纠纷，报警人电话：132****6745 #非警务#纠纷事项#其他纠纷事项#报警电话:132****6745,经济纠纷,街面秩序,0.9
GQW202505280004,辅助：这里有轿车故意不挪车，现在产生纠纷，报警人电话：132****6745 #非警务#纠纷事项#其他纠纷事项#报警电话:132****6745,经济纠纷,街面秩序,0.9
GQW202505280005,我在这里签过合同干了一年，现领导要开除我，原因不肯说，现双方在一起，需要调解153****0787 #非警务#纠纷事项#劳资问题#报警电话:153****0787,劳动人事（就业）纠纷,劳动人事（就业）纠纷,0.9
GQW202505280006,我们把电瓶车电瓶拿过来修，对方没修好就拆掉了，现双方有纠纷131****8586 #非警务#纠纷事项#消费问题#报警电话:131****8586,经济纠纷,消费纠纷,0.9
GQW202505280007,我在店里卖黄金，对方把我的黄金戒指弄断了引起纠纷，167****7450 #非警务#纠纷事项#消费问题#报警电话:167****7450,消费纠纷,消费纠纷,0.9
GQW202505280008,有个人卖鸡，我来买鸡与对方有买卖纠纷。181****1507 #非警务#纠纷事项#消费问题#报警电话:181****1507,消费纠纷,消费纠纷,0.9
GQW202505280009,消费者来电：买了东西吃完拉肚子，现在商家不承认问题，还不退钱。186****5650 #非警务#纠纷事项#消费问题#报警电话:186****5650,消费纠纷,消费纠纷,0.9
GQW202505280010,商家来电：物流卸货，司机不给货单，需要处理138****9113 #非警务#纠纷事项#物流（快递）问题#报警电话:138****9113,消费纠纷,消费纠纷,0.9
GQW202505280011,4月31号的交通事故，现在因为赔偿问题协商不下，需要相关部门来调节，双方都在136****9016 #非警务#纠纷事项#经济（债务）问题#报警电话:136****9016,交通事故纠纷,损害赔偿纠纷,0.9
GQW202505280012,#长效关注#邻居两个老头吵架，因为东西堆放130****8569 #非警务#纠纷事项#邻里问题#报警电话:130****8569,邻里纠纷,邻里纠纷,0.9
GQW202505280013,我停在地下车库的车被刮擦了，小区监控正好没拍到这个时间段的监控，我让小区赔偿，他们说他们不负责，现有纠纷双方在一起，137****5514 #非警务#纠纷事项#物业管理问题#报警电话:137****5514,经济纠纷,损害赔偿纠纷,0.9
GQW202505280014,老板欠我工资有纠纷。137****0060 #非警务#纠纷事项#劳资问题#报警电话:137****0060,劳动人事（就业）纠纷,劳动人事（就业）纠纷,0.9
GQW202505280015,对方拖欠我们货款跑路了，现我在对方店门口，186****1852 #非警务#纠纷事项#经济（债务）问题#报警电话:186****1852,债务纠纷,债务纠纷,0.9
GQW202505280016,与贷款公司因为贷款问题发生纠纷。135****0238 #非警务#纠纷事项#经济（债务）问题#报警电话:135****0238,债务纠纷,债务纠纷,0.9
GQW202505280017,与贷款公司因为贷款问题发生纠纷。135****0238（22:12来电催促） #非警务#纠纷事项#经济（债务）问题#报警电话:135****0238,债务纠纷,债务纠纷,0.9
GQW202505280202,齐红花(159****1546）报警称陈建光( 138****3913）要打他，后现场核实陈建光在家睡觉称齐红花最近忘记吃药乱报的警，该人已有多次报警，望相关部门跟进处理。,经济纠纷,其他纠纷,0.9
GQW202505280203,黄成先(198****3811)和蔡伟冬(159****5844 ）因感情琐事引起纠纷多次报警，该地址为黄成先开店地址，后经调解双方互相赔礼道歉，之前在北仑辖区也有多次报警，望相关部门跟进处理。,公共秩序纠纷,情感纠纷,0.9
GQW202505280204,汤欣瑶（198****9050 ）因一直联系不上其男朋友张若森（150****1662）故报警，现场查看张若森在家中睡觉，两人之前也因纠纷问题有报警情况，望相关部门跟进处理。,情感纠纷,情感纠纷,0.9
GQW202505290001,我是做生意的，之前有两个人上门来，称可以通过多多买菜帮我销售。我和对方签了合同，后对方没有按照合同进行，现在联系不上对方131****0580 #非警务#纠纷事项#经济（债务）问题#报警电话:131****0580,其他纠纷,消费纠纷,0.9
GQW202505290002,我是保安，一个司机要开车从我们门口过，我不让，四季骂我，还说要撞死我。报警人电话：130****1180 #非警务#纠纷事项#其他纠纷事项#报警电话:130****1180,交通事故纠纷,口角琐事纠纷,0.9
GQW202505290003,我是保安，一个司机要开车从我们门口过，我不让，四季骂我，还说要撞死我。报警人电话：130****1180 #非警务#纠纷事项#其他纠纷事项#报警电话:130****1180,消费纠纷,口角琐事纠纷,0.9
GQW202505290004,以前的包工头找我拿工钱在我车前站着，不让我走有纠纷。报警人：153****3858 #非警务#纠纷事项#劳资问题#报警电话:153****3858,劳动人事（就业）纠纷,劳动人事（就业）纠纷,0.9
GQW202505290005,137****7476前天顾客在这里买了瓜，多给了商家钱，现在商家不承认，有纠纷 #非警务#纠纷事项#消费问题#报警电话:137****7476,消费纠纷,消费纠纷,0.9
GQW202505290006,我在这里干活了，对方不给我工资，有纠纷，报警人电话：176****2308 #非警务#纠纷事项#劳资问题#报警电话:176****2308,劳动人事（就业）纠纷,劳动人事（就业）纠纷,0.9
GQW202505290007,租客把东西放在出租屋，联系不上人，报警人在现场，需要到场处理，报警人电话：130****2106 #非警务#纠纷事项#租赁问题#报警电话:130****2106,经济纠纷,其他纠纷,0.9
GQW202505290008,因为租车合同不认可，引起纠纷，需要处理    159****1595 #非警务#纠纷事项#租赁问题#报警电话:159****1595,经济纠纷,消费纠纷,0.9
GQW202505290009,因为把村民种的玉米弄坏了，钱也已经赔偿了，现这个村民阻碍施工，引起纠纷138****6974 #非警务#纠纷事项#其他纠纷事项#报警电话:138****6974,邻里纠纷,工程施工纠纷,0.9
GQW202505290010,我之前来这里找工作，交了500元的体检费和1000的车辆押金，现在对方不退我，报警人在现场，有纠纷139****2220 #非警务#纠纷事项#劳资问题#报警电话:139****2220,劳动人事（就业）纠纷,劳动人事（就业）纠纷,0.9
GQW202505290011,之前我在这里干了6天活，没给我工资投诉过12333，老板现在叫我来处理事情，但不承认我上过班有纠纷，需要调解130****0002 #非警务#纠纷事项#劳资问题#报警电话:130****0002,劳动人事（就业）纠纷,劳动人事（就业）纠纷,0.9
GQW202505290012,回拨：我开滴滴车，租了车，付了两千押金，我不想干了，他不给我退，有合同，电话137****3088 #非警务#纠纷事项#租赁问题#报警电话:137****3088,消费纠纷,消费纠纷,0.9
GQW202505290013,我东西买错了，店家不给我退有纠纷152****8077 #非警务#纠纷事项#消费问题#报警电话:152****8077,消费纠纷,消费纠纷,0.9
GQW202505290014,有很多小孩还在幼儿园里面玩180****8391 #非警务#纠纷事项#物业管理问题#报警电话:180****8391,经济纠纷,其他纠纷,0.9
GQW202505290015,我是租车公司的，我们公司让我来把电瓶车拿走，对方不让我提车，称需要证实我的身份，131****1055 #非警务#纠纷事项#消费问题#报警电话:131****1055,经济纠纷,消费纠纷,0.9
GQW202505300001,破烂王要把东西卖给我们，我们不要他的东西，现对方不让我们走，产生纠纷。131****3599 #非警务#纠纷事项#消费问题#报警电话:131****3599,经济纠纷,消费纠纷,0.9
GQW202505300002,我是房东，租客不付房租费，产生纠纷。152****6787 #非警务#纠纷事项#租赁问题#报警电话:152****6787,经济纠纷,债务纠纷,0.9
GQW202505300003,我是房东，租客不付房租费，产生纠纷。152****6787 #非警务#纠纷事项#租赁问题#报警电话:152****6787,经济纠纷,债务纠纷,0.9
GQW202505300004,我是中介，客户直接跳单，还在网上污蔑我，引起纠纷。189****7087 #非警务#纠纷事项#经济（债务）问题#报警电话:189****7087,其他纠纷,消费纠纷,0.9
GQW202505300005,有个人和租赁公司有租赁纠纷，但是和我们没关系，对方待在我们这里不肯走，需要工作人员处理，报警人电话：188****7320 #非警务#纠纷事项#租赁问题#报警电话:188****7320,债务纠纷,其他纠纷,0.9
GQW202505300006,对方欠我运费有纠纷，电话135****0883。 #非警务#纠纷事项#物流（快递）问题#报警电话:135****0883,消费纠纷,债务纠纷,0.9
GQW202505300007,工厂不给我发工资，引起纠纷。报警人电话：191****8858 #非警务#纠纷事项#劳资问题#报警电话:191****8858,劳动人事（就业）纠纷,劳动人事（就业）纠纷,0.9
GQW202505300008,我的手机遗失，保安不帮我找，要求我出200元才帮我，产生纠纷，报警人电话：137****4826 #非警务#纠纷事项#其他纠纷事项#报警电话:137****4826,消费纠纷,消费纠纷,0.9
GQW202505300009,我把活包给别人，对方手下干活的4个工人要不到工钱，来找我要，引起纠纷。150****6885 #非警务#纠纷事项#劳资问题#报警电话:150****6885,劳动人事（就业）纠纷,劳动人事（就业）纠纷,0.9
GQW202505300010,不知道为什么物业把我家的电断了，双方引起纠纷，报警电话139****0477 #非警务#纠纷事项#物业管理问题#报警电话:139****0477,物业管理纠纷,物业管理纠纷,0.9
GQW202505300011,我是业主，与物业因为房屋漏水等问题有纠纷158****0843 #非警务#纠纷事项#物业管理问题#报警电话:158****0843,物业管理纠纷,物业管理纠纷,0.9
GQW202505300012,#长效关注#我和我老婆发生矛盾了，现需要报警人处理，183****4217（报警人情绪激动，来电时称一直只称有纠纷需要派出所处理，请民警处理） #非警务#纠纷事项#家庭婚姻感情问题#报警电话:183****4217,家庭婚姻纠纷,家庭婚姻纠纷,0.9
GQW202505300013,老板拖欠工资，双方引起纠纷。报警人：188****1503 #非警务#纠纷事项#劳资问题#报警电话:188****1503,劳动人事（就业）纠纷,劳动人事（就业）纠纷,0.9
GQW202505300014,180****2748报警人来电称在这里签了合同开网约车，当时说好可以预支生活费，但现在公司无法兑现，我要解除合同，对方也不同意，双方有纠纷，需要调解 #非警务#纠纷事项#租赁问题#报警电话:180****2748,消费纠纷,劳动人事（就业）纠纷,0.9
GQW202505300015,191****0945老板没把工资给我，人在家，有纠纷 #非警务#纠纷事项#劳资问题#报警电话:191****0945,劳动人事（就业）纠纷,劳动人事（就业）纠纷,0.9
GQW202505300016,#长效关注#前夫不让我把我儿子带走，还不让我出去，需要民警159****3822 #非警务#纠纷事项#其他纠纷事项#报警电话:159****3822,其他纠纷,家庭婚姻纠纷,0.9
GQW202505300017,158****8412我被小区里的流浪猫抓伤了，物业不负责处理这个事情，不需要救护车 #非警务#纠纷事项#物业管理问题#报警电话:158****8412,经济纠纷,物业管理纠纷,0.9
GQW202505300018,（辅助下单，来电催促）158****8412我被小区里的流浪猫抓伤了，物业不负责处理这个事情，不需要救护车（已电告海曙） #非警务#纠纷事项#物业管理问题#报警电话:158****8412,经济纠纷,物业管理纠纷,0.9
GQW202505300301,黎代先（183****4003）和吴伟波（177****2171）两人因经济问题引起纠纷，经济问题已告知走发生途径处理，望相关部门跟进处理。,债务纠纷,经济纠纷,0.9
GQW202505300302,陈维良（131****2282）因女友罗淑卉（159****0142）的母亲不同意两人在一起一事引起纠纷多次报警，现两人已分手，罗淑卉已有其母亲带回，望相关部门跟进处理。,家庭婚姻纠纷,情感纠纷,0.9
GQW202505300303,孙林林（152****4793）报警称自己有有抑郁症，因其没有工作母亲徐向荣（133****2949）骂她，她想自杀，经民警工作后情绪平稳，并有其母亲照顾，望相关部门跟进处理。,治安隐患纠纷,家庭婚姻纠纷,0.9
GQW202505300306,韩春林（176****9245）是货车司机，从温州厂房处拉货到宁波高桥厂方杨定钧（138****5887）收货。因其运货晚到一天，并且之前和温州厂房未谈妥是否包含卸货，其向高桥厂方索要两天的一千元压货费。高桥厂方认为自己只是收货方，是对方无理收费，只愿意支付三百元。现其车辆因未将货物卸完要离开，双方引起纠纷。双方合同并未写明存在压货费。需关注该事件后续情况。,公共秩序纠纷,消费纠纷,0.9
GQW202505300307,饶文秀(199****7732）称其老公王禄祥(139****1095)的小三在其家里，民警到到现场后小三已离开。需关注两人日常情况。,家庭婚姻纠纷,情感纠纷,0.9
GQW202505300308,严达慧(131****0619)和对方马丽娜（195****2122）因闹分手有纠纷，马丽娜用玻璃渣把自己的手割伤了，伤势无大碍，经民警现场调解，两人已分手，马丽娜已离开公寓楼。需关注该两人后续情况。,经济纠纷,情感纠纷,0.9
GQW202505300309,曾一清（189****8559）称因自己经常出去玩导致和老公朱清淋（189****0757）产生纠纷，现场调解，双方自行去法院起诉离婚处理。需关注该情况。,消费纠纷,家庭婚姻纠纷,0.9
GQW202505300310,毛巧（130****4194），男友刘之明（139****9722）昨晚上门找其谈分手一事，敲了报警人家门一下，发生口角纠纷。后经调解，刘之明向毛巧赔礼道歉，双方和解。需关注后续两人情况，,经济纠纷,口角琐事纠纷,0.9
GQW202505300311,潘绍灿（139****5342）与秦玉仙（152****7879）系邻居关系，因秦玉仙家里打篮球噪音扰民，潘绍灿上楼找其理论，秦玉仙拿刀吓唬了一下潘绍灿，未有打架，无人员受伤，现民警已对秦玉仙进行教育批评，双方现场平息纠纷。需关注双方后续情况。,经济纠纷,邻里纠纷,0.9
GQW202505310001,因手机坏了修手机费用的问题，双方发生纠纷 156****9956 #非警务#纠纷事项#消费问题#报警电话:156****9956,消费纠纷,消费纠纷,0.9
GQW202505310002,回拨我们都是摆摊的，我让对方让一下，对方不让，引起纠纷，155****6517 #非警务#纠纷事项#其他纠纷事项#报警电话:155****6517,邻里纠纷,街面秩序,0.9
GQW202505310003,回拨我们都是摆摊的，我让对方让一下，对方不让，引起纠纷，155****6517（辅助下单，来电催促）（电告高桥） #非警务#纠纷事项#其他纠纷事项#报警电话:155****6517,邻里纠纷,街面秩序,0.9
GQW202505310004,去年干活的钱一直未拿刀，有纠纷，131****1825，未说清地址一直争吵，回拨电话无人接听。地图台显示：高桥石塘村戚家附近 #非警务#纠纷事项#劳资问题#报警电话:131****1825,劳动人事（就业）纠纷,劳动人事（就业）纠纷,0.9
GQW202505310005,#长效关注#我和我家小孩（26岁）吵架有纠纷。报警人电话：134****7246 #非警务#纠纷事项#家庭婚姻感情问题#报警电话:134****7246,家庭婚姻纠纷,家庭婚姻纠纷,0.9
GQW202505310006,老板拖欠工资。178****9595 #非警务#纠纷事项#劳资问题#报警电话:178****9595,劳动人事（就业）纠纷,劳动人事（就业）纠纷,0.9
GQW202505310007,车子停在修路工地里，现在门卫不让出去。134****8023 #非警务#纠纷事项#其他纠纷事项#报警电话:134****8023,环保纠纷,工程施工纠纷,0.9
GQW202505310008,房东和我老婆因为退租房押金问题，引起吵架，我现在在赶过去的路上。157****9735 #非警务#纠纷事项#租赁问题#报警电话:157****9735,经济纠纷,消费纠纷,0.9
GQW202505310009,有人欠我钱未归还，现我找到这个人了，引起纠纷，报警人电话：139****1971. #非警务#纠纷事项#经济（债务）问题#报警电话:139****1971,债务纠纷,债务纠纷,0.9
GQW202505310010,133****2140：报警人车子停了去买水果，对方车子开不过去，引起口角。 #非警务#纠纷事项#其他纠纷事项#报警电话:133****2140,口角琐事纠纷,口角琐事纠纷,0.9
GQW202505310011,#长效关注#我要跟我老公离婚，现其不让我离开，要求处理，报警人电话：135****5611 #非警务#纠纷事项#家庭婚姻感情问题#报警电话:135****5611,家庭婚姻纠纷,家庭婚姻纠纷,0.9
GQW202505310201,郑明杰（ 159****4770 ）家里因四楼租客钱惠章（139****1057 ）家里漏水导致家里也有不同程度的漏水，今天报警人将四楼的水停掉后，双方发生口角纠纷。目前了解房东目前在重庆，要端午过后才能回来，现场已暂时调解平息，租客暂时不用水了，等房东回来后会安排人员进行维修，望辖区予以关注。,口角琐事纠纷,邻里纠纷,0.9
HJW202505010001,#长效关注#来电称和老婆家庭纠纷150****0414 #非警务#纠纷事项#家庭婚姻感情问题#报警电话:150****0414,家庭婚姻纠纷,家庭婚姻纠纷,0.9
HJW202505010002,我的一条狗跑出去到这户人家，刚刚他们承认，现在又不承认，有纠纷需要协调181****7585 #非警务#纠纷事项#邻里问题#报警电话:181****7585,邻里纠纷,狗患纠纷,0.9
HJW202505010101,2025年5月1日11时许，当事人张楠全（男，5113*****7052，四川省南部县，135****9266）称，在联冯家园7幢502室，其与妻子向小芳（女，4331*****782X，宁波市海曙区，156****7398）系家庭琐事发生纠纷 ，继而引起打架。后又在情急之下从厨房拿出菜刀吓唬向小芳。后续双方就离婚问题存在安全隐患。,治安隐患纠纷,家庭婚姻纠纷,0.9
HJW202505020201,#长效关注#我的车停在小店门口，现店主朝我的车吐痰并且骂我，引起纠纷，报警人电话：159****2321（报警人情绪激动） #非警务#纠纷事项#邻里问题#报警电话:159****2321,邻里纠纷,邻里纠纷,0.9
HJW202505020202,小区的公告被撕掉了，物业不让我们看监控，发生纠纷。130****8146 #非警务#纠纷事项#物业管理问题#报警电话:130****8146,物业管理纠纷,物业管理纠纷,0.9
HJW202505020203,顾客使用了我们景区的场地，现在不愿付钱，引起纠纷。166****7207 #非警务#纠纷事项#消费问题#报警电话:166****7207,消费纠纷,消费纠纷,0.9
HJW202505020204,我修车，修车师傅把我车轮毂弄坏了，要对方赔偿，引起纠纷。双方在一起。报警人：156****0538 #非警务#纠纷事项#消费问题#报警电话:156****0538,经济纠纷,消费纠纷,0.9
HJW202505020205,132****0126乘客报：和出租车（浙BDT0028）司机因为车费问题有纠纷需要处理 #非警务#纠纷事项#司乘（代驾）问题#报警电话:132****0126,消费纠纷,消费纠纷,0.9
HJW202505020301,我的一条狗跑出去到这户人家，刚刚他们承认，现在又不承认，有纠纷需要协调181****7585 #非警务#纠纷事项#邻里问题#报警电话:181****7585,狗患纠纷,狗患纠纷,0.9
HJW202505020401,2025年5月2日10时31分，报警人李紫丹（女，130****9152，4113*****4426，浙江省余姚市）称，其与黄晓慧（男，138****9188，3302*****0033，浙江省慈溪市）系男女朋友，在横街高速路口，双方在车上系听歌琐事引起纠纷，经工作现双方已调解，后续存在更多矛盾纠纷。,公共秩序纠纷,口角琐事纠纷,0.9
HJW202505030001,半山村网格员在巡查走访中发现因梳理式改造项目施工给村民李福定家的玻璃窗户造成受损现象,经济纠纷,损害赔偿纠纷,0.9
HJW202505030101,摘桑果因费用问题引起纠纷，报警人电话：189****8004 #非警务#纠纷事项#消费问题#报警电话:189****8004,其他纠纷,消费纠纷,0.9
HJW202505030301,2025年5月3日14时13分，接110指令，报警人施惠龙（男，137****3175，3302*****7015，宁波市海曙区）称，在，爱中建新村，其与毛君飞（女，135****3677，3302*****7329，宁波市海曙区）系债务问题引起纠纷，其表示会自行协商处理，故不属于诈骗。因施某与毛某有多次报警记录，后续存在更多矛盾纠纷，需关注。,治安隐患纠纷,债务纠纷,0.9
HJW202505030302,2025年5月3日21时00分，民警到达上阵新村4幢12单元401，当事人姚吕江（男，138****2990，3301*****0010，杭州市滨江区）称，其未打女儿儿姚湘仪（谐音），因女儿（不愿提供身份信息，警务百度无数据）弯着腰驼背等琐事口头说了几句，故女儿报警，其妻子罗玲珠（女，135****2064，3302*****732X，宁波市鄞州区）表示家庭琐事会自行处理，民警已口头教育并告知姚某要冷静沟通解决问题。后续存在更多矛盾纠纷。,其他,家庭婚姻纠纷,0.9
HJW202505040201,六点多我们在这里干活，对方称吵到他了，现在恶意堵路，双方产生纠纷，报警人电话176****6993 #非警务#纠纷事项#其他纠纷事项#报警电话:176****6993,邻里纠纷,街面秩序,0.9
HJW202505040202,#长效关注#六点多我们在这里干活，对方称吵到他了，现在恶意堵路，双方产生纠纷，报警人电话176****6993 #非警务#纠纷事项#邻里问题#报警电话:176****6993,邻里纠纷,邻里纠纷,0.9
HJW202505040203,工人因为工资问题拦着不让我走  报警人号码：134****8761 #非警务#纠纷事项#劳资问题#报警电话:134****8761,劳动人事（就业）纠纷,劳动人事（就业）纠纷,0.9
HJW202505040204,#长效关注#我和兄弟间因父母抚养费问题引起纠纷。报警人电话：135****7701 #非警务#纠纷事项#家庭婚姻感情问题#报警电话:135****7701,家庭婚姻纠纷,家庭婚姻纠纷,0.9
HJW202505050101,员工只干了28天，但是问我要29天的工资，现有纠纷，报警人称打架了，经询问并未发生打架行为，只是吵架骂人，159****0581 #非警务#纠纷事项#劳资问题#报警电话:159****0581,劳动人事（就业）纠纷,劳动人事（就业）纠纷,0.9
HJW202505060007,竹丝岚村四户姓陈的村民因为新建房屋发生邻里纠纷,邻里纠纷,邻里纠纷,0.9
HJW202505060207,#邻里纠纷#村里老百姓向网格员反映他邻居养了狗，每天乱拉屎，导致他家周围被污染。,狗患纠纷,狗患纠纷,0.9
HJW202505060401,因移车问题，双方引起纠纷，报警电话135****7029 #非警务#纠纷事项#其他纠纷事项#报警电话:135****7029,其他纠纷,其他纠纷,0.9
HJW202505060402,我是管理人员，有人在这里钓鱼，我劝阻无效，双方引起纠纷，报警人电话：183****8720 #非警务#纠纷事项#物业管理问题#报警电话:183****8720,邻里纠纷,物业管理纠纷,0.9
HJW202505060501,胡国华135****5059（3302*****7336），与邻居胡吉军158****2438（3302*****7314），因路婆桥林凤路32号，俩家之间的违章搭建产生矛盾，目前无法化解。违章建筑城管已拆除，但依然存在房屋边界有争议的情况，俩家人现情况激动，矛盾随时可能激化。,消防隐患纠纷,邻里纠纷,0.9
HJW202505060502,胡国华现居住于横街镇溪下村陆婆桥林凤路32号与胡吉军邻居，两人也是堂兄弟关系，在两家关系较好时，两家在建设各自住宅时，相互协议后都有宅基地边界上的让步，后两家因各种矛盾导致关系不睦，胡吉军多次举报胡国华所搭建违章建筑，经村里多次调解无果，2025年5月6日，横街镇城管依法将胡国华家中所搭建违章建筑拆除，原两家因关系和睦时，宅基地互有占用，现矛盾激化，宅基地边界一时无法解决，两家矛盾公开化且情绪激烈，辖区民警劝导无果，现将该情况通过四个平台通报镇相关部门,消防隐患纠纷,土地森林草场水利等纠纷,0.9
HJW202505070002,胡姓村民和王姓村民因停车位发生口角矛盾-#邻里纠纷#,口角琐事纠纷,邻里纠纷,0.9
HJW202505070501,之前，我在贷款平台借了钱，因为债务纠纷，平台催债的人打电话恐吓我。198****2271 #非警务#纠纷事项#经济（债务）问题#报警电话:198****2271,债务纠纷,债务纠纷,0.9
HJW202505070502,来电只说在观前，具体情况未说，电话挂机，回拨：与他人因为搭棚子的事情有纠纷。137****9803 #非警务#纠纷事项#其他纠纷事项#报警电话:137****9803,其他纠纷,邻里纠纷,0.9
HJW202505070503,对方卖假药，身上很痒，引起纠纷，报警人电话：198****9120 #非警务#纠纷事项#消费问题#报警电话:198****9120,消费纠纷,消费纠纷,0.9
HJW202505080001,出租车司机：这里有乘客不付钱，现在产生纠纷，报警人电话：135****9624 #非警务#纠纷事项#司乘（代驾）问题#报警电话:135****9624,消费纠纷,消费纠纷,0.9
HJW202505080501,2025年5月8日10时14分，报警人王爱飞（女，3302*****7322，宁波市海曙区，158****2438），在溪下陆婆桥79号，因邻居（不愿提供身份信息）将违章建筑拆下来的东西堵住了其家门口，影响日常出入。后续存在安全隐患。,消防隐患纠纷,街面秩序,0.9
HJW202505090401,出家门的路被邻居堵掉了，具体原因不肯说    158****2438 #非警务#纠纷事项#邻里问题#报警电话:158****2438,邻里纠纷,邻里纠纷,0.9
HJW202505090402,#长效关注#158****2438出家门的路被邻居用垃圾堵住了，邻居在现场，有纠纷（辅助下单，需要处理） #非警务#纠纷事项#邻里问题#报警电话:158****2438,邻里纠纷,邻里纠纷,0.9
HJW202505090403,#长效关注#村里的人违法建坟墓，影响到我家，需要处理150****0300 #非警务#纠纷事项#邻里问题#报警电话:150****0300,邻里纠纷,邻里纠纷,0.9
HJW202505090501,	2025年5月9日10时12分，报警人王爱飞（女，3302*****7322，宁波市海曙区，158****2438），在溪下陆婆桥79号，因邻居（不愿提供身份信息）将违章建筑拆下来的东西堵住了其家门口，影响日常出入。后续存在安全隐患。,消防隐患纠纷,街面秩序,0.9
HJW202505090502,张光耀该人多次拨打110报警电话，称其父母的房子被村委会强拆问题。,消费纠纷,征地拆迁纠纷,0.9
HJW202505090503,2025年5月9日10时12分，报警人王爱飞（女，3302*****7322，宁波市海曙区，158****2438），在溪下陆婆桥79号，因邻居（不愿提供身份信息）将违章建筑拆下来的东西堵住了其家门口，影响日常出入。后续存在安全隐患。,消防隐患纠纷,街面秩序,0.9
HJW202505090504,"2025年5月9日19时49分，报警人马国全（男，3302*****7317，宁波市海曙区）称，横街梅梁桥村村委会旁的贵州快餐店，老板（153****1226，不愿提供身份信息）,违章建筑，存在安全隐患。",消防隐患纠纷,街面秩序,0.9
HJW202505100001,	张光耀该人多次拨打110报警电话，称其父母的房子被村委会强拆问题,消费纠纷,征地拆迁纠纷,0.9
HJW202505100002,2025年5月10日10时07分，报警人李志忠（男，3302*****5811，浙江省奉化县，159****3739）称在横街溪下红绿灯不到新马路路边，凉亭倒了，一个人被压。民警到后，发现当事人王明寿（男，3306*****7635，江省上虞市，136****6711）躺在地上头部受伤，有意识，暂无生命危险。经了解，该地系桃源书院老板翁国伟的工地，王明寿系报警人找来维修凉亭的木工，王某在修葺凉亭时，该凉亭突然倒塌王某被压，伤者救出后到市第一医院医治，后向王明寿儿子王旭光（男，3306*****7618，浙江省绍兴市，151****2526）了解王明寿头部有外伤破皮，身体脊柱、肋骨、右脚腕多处骨折，现已住院，无生命危险，后续因赔偿可能有纠纷隐患。,经济纠纷,损害赔偿纠纷,0.9
HJW202505100101,对方无故骂我，引起纠纷173****3839（请分局通知四平台） #非警务#纠纷事项#其他纠纷事项#报警电话:173****3839,口角琐事纠纷,口角琐事纠纷,0.9
HJW202505110001,张光耀该人多次拨打110报警电话，称其父母的房子被村委会强拆问题,消费纠纷,征地拆迁纠纷,0.9
HJW202505110201,我的租客称房子是他的，现在不缴纳房租，引起纠纷。135****0376 #非警务#纠纷事项#租赁问题#报警电话:135****0376,经济纠纷,房地产纠纷,0.9
HJW202505110202,我是老板，因为工资问题和员工有纠纷，联系电话138****1577（190****5161集士港镇来电称属于横街镇管辖） #非警务#纠纷事项#劳资问题#报警电话:138****1577,劳动人事（就业）纠纷,劳动人事（就业）纠纷,0.9
HJW202505110203,有人问我要钱，产生纠纷，报警人电话：183****6780 #非警务#纠纷事项#经济（债务）问题#报警电话:183****6780,经济纠纷,债务纠纷,0.9
HJW202505120008,#邻里纠纷#针对近期乌岩村森林着火事件，竹林主任来村寻求帮助，竹林的损失情况需要沟通。,经济纠纷,土地森林草场水利等纠纷,0.9
HJW202505120203,邵姓村民和李姓村民因李家宠物没牵引绳而引起矛盾，发生口角,口角琐事纠纷,狗患纠纷,0.9
HJW202505120401,我们要施工挖河道，因有颗树有点挡到，需要砍掉点树枝，现有个村民称树是他的，恶意堵车。报警人：139****4000 #非警务#纠纷事项#土地问题#报警电话:139****4000,工程施工纠纷,工程施工纠纷,0.9
HJW202505120402,#长效关注#邻居在我门口乱扔垃圾有纠纷158****2438 #非警务#纠纷事项#邻里问题#报警电话:158****2438,邻里纠纷,邻里纠纷,0.9
HJW202505120403,我在网上买了东西，另外一个人取消了我的快递，还退回去了。顺丰工作人员接电话称，商家寄来的快递单上面的号码不是这个客户的，我们联系了上面留的号码，对方称拒收，再联系商家说退回，现和报警人解释不清，起纠纷。报警人：153****8815 #非警务#纠纷事项#物流（快递）问题#报警电话:153****8815,消费纠纷,消费纠纷,0.9
HJW202505120501,2025年5月12日14时55分，报警人黄俊（男，158****7447，3412*****0879，安徽省颍上县）称，在横街中心小学南门门口，因对方（因人不在现场故无身份信息）在微信群内说，其孩子黄琛奇（3412*****0816，9岁，安徽省颍上县）将对方孩子王佳悦（因人不在现场故无身份信息）用拖把捅他们孩子（王佳悦）的下体导致受伤，经工作，晚上18时许，双方家长在横街小学了解具体情况并协商。（已推送四个平台以及辖区民警）。涉学生警情后续关注,经济纠纷,涉校园纠纷,0.9
HJW202505120502,"2025年5月8日10时14分，报警人王爱飞（女，137****0572，3302*****7322，宁波市海曙区），在溪下陆婆桥79号，因邻居（不愿提供身份信息）将违章建筑拆下来的东西堵住了其家门口，影响日常出入。后续存在更多矛盾纠纷

",消防隐患纠纷,邻里纠纷,0.9
HJW202505130401,2025年5月13日10时41分，在溪下村九弯157号，当事人胡国忠（男，3302*****7334，宁波市海曙区）自述，妻子赵小芬（女，3302*****7324，宁波市海曙区）精神有问题，曾在康宁医院就诊过，最近不肯吃药，状态不好。,其他,家庭婚姻纠纷,0.9
HJW202505130403,"2025年5月13日14时43分，刘以刚（男，3421*****6011，安徽省阜阳市，157****9695）称，在春天公寓旁，其与包工头王林（男，4130*****355X，河南省潢川县，155****6656）系劳资问题发生纠纷，现将双方引导至镇劳动部门。

",劳动人事（就业）纠纷,劳动人事（就业）纠纷,0.9
HJW202505130501,工资拿不到引起纠纷，报警人电话：157****9695 #非警务#纠纷事项#劳资问题#报警电话:157****9695,劳动人事（就业）纠纷,劳动人事（就业）纠纷,0.9
HJW202505140001,出租车司机报：乘客说没钱，现在不愿支付车费，来电需要处理。159****4193 #非警务#纠纷事项#司乘（代驾）问题#报警电话:159****4193,消费纠纷,消费纠纷,0.9
HJW202505140002,我是司机，到达定位的地址了，有位乘客不肯下车有纠纷。193****2820（未说完地址挂了，回拨不接，原因也没有说） #非警务#纠纷事项#司乘（代驾）问题#报警电话:193****2820,消费纠纷,消费纠纷,0.9
HJW202505140003,159****8483：有个工人上了几天班就不来了，昨天我给他发了工资（按照15天发的工资），现在他过来要求多支付工资，有纠纷 #非警务#纠纷事项#劳资问题#报警电话:159****8483,劳动人事（就业）纠纷,劳动人事（就业）纠纷,0.9
HJW202505160001,#长效关注#我家违章搭的棚子被城管拆了，拆下来的东西放在门旁边，被邻居给清理了，现在和邻居有纠纷181****7855 #非警务#纠纷事项#邻里问题#报警电话:181****7855,邻里纠纷,邻里纠纷,0.9
HJW202505160002,我叫了一辆滴滴车（车牌报不出），现司机跟我吵架。137****9338 #非警务#纠纷事项#消费问题#报警电话:137****9338,消费纠纷,消费纠纷,0.9
HJW202505160003,我叫了一辆滴滴车（车牌报不出），现司机跟我吵架。137****9338 #非警务#纠纷事项#司乘（代驾）问题#报警电话:137****9338,消费纠纷,消费纠纷,0.9
HJW202505160113,#损害赔偿纠纷#当事人因发生损害赔偿纠纷到村委会协商赔偿事宜。,经济纠纷,损害赔偿纠纷,0.9
HJW202505160308,#征地拆迁纠纷-拆迁赔偿纠纷#盛家村庄岙水库绿道工程征收赵阿海竹山，名下赵珠宝、赵善宝2兄弟三人已故，关于征用山林赔偿所属双方继承人各自认为自己所有对方另有竹山,经济纠纷,征地拆迁纠纷,0.9
HJW202505160501,2025年5月15日21时22分，报警人钟莹莹（女，4128*****1723，河南省新蔡县，152****7211）称在横街林村板桥小店旁，老公打她。民警到后，报警人称与老公马小威（男，4128*****1234，河南省新蔡县，189****5582）因带小孩问题引起争执，继而发生肢体冲突，报警人与其婆婆也有矛盾，纠纷无法调解，有隐患。,治安隐患纠纷,家庭婚姻纠纷,0.9
HJW202505160502,"2025年5月16日5时32分，接110指令，在横街溪下陆婆桥79号，门被邻居砸了。民警到后，经了解，系当事人胡国华（陆婆桥32号，男，3302*****7336，横街镇，192****1682）违章建筑搭的棚被城管拆掉后，堆放在当事人王爱飞（陆婆桥79号，女，3302*****7322，横街镇，158****2438）家门口，王某清理了堆放在自家门口的砖块等物，随后胡某敲了王某家的门，双方因此引起口角纠纷，双方多次因违章建筑报警，现违章建筑拆除后，双方又因拆除物堆放问题发生纠纷，矛盾无法化解，有隐患。
",消防隐患纠纷,邻里纠纷,0.9
HJW202505170001,188****5790我找了个修空调的人，现对方找我加工钱，有纠纷需要处理 #非警务#纠纷事项#消费问题#报警电话:188****5790,消费纠纷,消费纠纷,0.9
HJW202505180101,有人把我的电瓶车弄倒了，现在他不肯道歉，产生纠纷，双方在一起187****6836 #非警务#纠纷事项#其他纠纷事项#报警电话:187****6836,经济纠纷,损害赔偿纠纷,0.9
HJW202505180102,退榴莲引起纠纷，报警人电话：189****7035 #非警务#纠纷事项#消费问题#报警电话:189****7035,消费纠纷,消费纠纷,0.9
HJW202505190401,2025年5月19日21时12分，报警人舒柳（男，4312*****4698，181****1382，湖南省溆浦县）称，其小孩跟邬雅芬（女，3302*****1520，133****1461，宁波市海曙区）小孩双方在玩时，因抢东西问题双方引起纠纷，后续双方仍有矛盾，有隐患,治安隐患纠纷,邻里纠纷,0.9
HJW202505200101,对方称因我们工地的通信线下垂导致其开电瓶车经过时被通信线绑住摔倒了，现需赔偿引起纠纷，电话137****8255。 #非警务#纠纷事项#其他纠纷事项#报警电话:137****8255,环保纠纷,损害赔偿纠纷,0.9
HJW202505200102,#长效关注#隔壁邻居把养鸡养鸭的粪土放在我住的旁边139****9235 #非警务#纠纷事项#邻里问题#报警电话:139****9235,邻里纠纷,邻里纠纷,0.9
HJW202505200103,135****7250，对方欠钱不还有纠纷 #非警务#纠纷事项#经济（债务）问题#报警电话:135****7250,债务纠纷,债务纠纷,0.9
HJW202505200104,我来拿工资，老板扣我几十元钱187****2691 #非警务#纠纷事项#劳资问题#报警电话:187****2691,劳动人事（就业）纠纷,劳动人事（就业）纠纷,0.9
HJW202505200105,市民（沈女士、137****3059）河道里现在还在施工，挖泥，噪音扰民。需要相关职能部门处理。 #非警务#施工管理#施工扰民#报警电话:137****3059,工程施工纠纷,噪声污染,0.9
HJW202505200601,2025年5月20日9时56分，报警人王左安（男，5110*****289X，四川省资中县）称在横街溪下陆婆桥32号，因邻居（不愿提供身份信息）把养鸡养鸭的粪土堆在他暂住房旁双方引起口角纠纷，之前陆婆桥32号与陆婆桥79号两家人因建房子的事双方多次发生矛盾，矛盾始终无法化解，有隐患。,公共秩序纠纷,邻里纠纷,0.9
HJW202505210301,"2025年5月21日4时51分，报警人吴琼（女，3310*****6244,浙江省临海市,136****3446)称在横街锦绣桃源6幢1606，和老公有纠纷。民警到后，经了解，系报警人与丈夫张超峰(男，3309*****1819,浙江省舟山市,152****5689)因要离婚问题引起争执，报警人手有点受伤，该地是报警人购买的房子，俩人在别的住处有多次家庭纠纷的报警记录，矛盾还无法调解，有隐患。",经济纠纷,家庭婚姻纠纷,0.9
HJW202505210302,双方居住于横街镇溪下村陆婆桥32号，两家男主人为堂兄弟，也是邻居，在长期相处过程中日生矛盾。早年胡国华家为了将自己所居住平房改造成二层楼，与王爱飞家达成私下协议，王爱飞让出部分自家宅基地给胡国华家中使用，协议达成后，胡国华将自家平房全部改造为二层楼的目的因王爱飞家中的反对，只实现部分。今年，胡国华在与王爱飞家围墙相邻处搭建一小屋，遭到王爱飞家中反对，王爱飞后到城管部门投诉，城管部门于2025年5月初将该小房拆除，城管部门将小房拆除后，胡国华就要收回当时协调中让予王爱飞家中使用的宅基地部门（现为王爱飞家的大门通道），并将小房拆除后的建筑材料堆放在通道处。,公共秩序纠纷,土地森林草场水利等纠纷,0.9
HJW202505210501,我是送煤气的，因为送煤气的原因村民将我的车钥匙拔走了，我又没说不给对方送，双方有纠纷131****4441 #非警务#纠纷事项#消费问题#报警电话:131****4441,消费纠纷,消费纠纷,0.9
HJW202505210502,"#长效关注#我女儿没经过我同意把我银行卡里的十万块钱取走了，现在联系不上也不接我电话。回拨报警人电话没接。（来电称接不到电话，人在庄溪家园公交车站等）
重复报警:报警时间:2025-05-21 18:46:04, 报警电话:173****0100, 联系电话:173****0100,
重复报警:报警时间:2025-05-21 18:51:21, 报警电话:173****0100, 联系电话:173****0100, #非警务#纠纷事项#家庭婚姻感情问题#报警电话:173****0100",家庭婚姻纠纷,家庭婚姻纠纷,0.9
HJW202505220001,#长效关注#我要在山里松土，同山的人开始放牛了，影响到了我137****7672 #非警务#纠纷事项#邻里问题#报警电话:137****7672,邻里纠纷,邻里纠纷,0.9
HJW202505220002,"#长效关注#我要在山里松土，同山的人开始放牛了，影响到了我137****7672
来电催促
 #非警务#纠纷事项#邻里问题#报警电话:137****7672",邻里纠纷,邻里纠纷,0.9
HJW202505220003,有人不愿意移车，产生纠纷，报警人电话：136****7089 #非警务#纠纷事项#其他纠纷事项#报警电话:136****7089,邻里纠纷,街面秩序,0.9
HJW202505220004,#长效关注#隔壁邻居把鸡鸭的粪便堆在门口味道很大，引起纠纷，报警人电话：139****9235 #非警务#纠纷事项#邻里问题#报警电话:139****9235,邻里纠纷,邻里纠纷,0.9
HJW202505220006,#长效关注#隔壁邻居把鸡鸭的粪便堆在门口味道很大，引起纠纷，报警人电话：139****9235（报警人来电称还未处理好，情绪激动，称臭味很大，请再处理） #非警务#纠纷事项#邻里问题#报警电话:139****9235,邻里纠纷,邻里纠纷,0.9
HJW202505220007,半个月前我们公司加工的竹子被对方拉走了，现在双方在一起，有纠纷。报警人称在山上没有具体位置，请与其联系195****6789 #非警务#纠纷事项#其他纠纷事项#报警电话:195****6789,经济纠纷,经济纠纷,0.9
HJW202505220008,#长效关注#报警人来电我与小区里的邻居因为互不让道问题引起纠纷，需要处理，报警人电话：173****1127 #非警务#纠纷事项#邻里问题#报警电话:173****1127,邻里纠纷,邻里纠纷,0.9
HJW202505220009,有人在我店里点了外卖，留言说很难吃，刚刚还打电话要到我们店里，说等下要来我们店里，具体到店诉求不清楚，需要处理           报警人老婆在店里，其电话： 180****2995 #非警务#纠纷事项#消费问题#报警电话:135****3535,消费纠纷,消费纠纷,0.9
HJW202505220501,2025年5月22日10时15分，报警人王左安（男，139****9235，5110*****289X，四川省资中县）称，在陆婆桥林凤路32号，因邻居（不愿提供身份信息）把养鸡养鸭的粪土堆在他暂住房旁双方引起纠纷，经工作，已平息，现移交城管处理。,公共秩序纠纷,邻里纠纷,0.9
HJW202505220502,2025年5月22日13时32分，报警人郑光辉（男，130****9691，3302*****7378，宁波市海曙区）称，在云洲村120急救中心，因当事人陈涛（男，166****8964，5221*****6532，贵州省湄潭县）砍毛竹价格上涨，故双方因砍毛竹价格问题引起纠纷，现双方去调解办进行调解。经民警了解，当事人陈涛还有十多个工人未发工资，后续存在更多矛盾纠纷，后续需要关注。,劳动人事（就业）纠纷,劳动人事（就业）纠纷,0.9
HJW202505220503,2025年5月22日18时34分，民警到达联冯家园2幢5单元206，未发现报警现象，经了解，系报警人王湘琦（女，177****0969，3302*****732x，宁波市海曙区）智力有问题，当事人王佳根（男，137****3245，3302*****7894，宁波市海曙区）表示会照看好女儿王湘琦。因王湘琦智力有问题，后续有安全隐患，需关注。,其他,其他纠纷,0.9
HJW202505230401,打车价格不合理有纠纷。电话：198****7829 #非警务#纠纷事项#司乘（代驾）问题#报警电话:198****7829,消费纠纷,消费纠纷,0.9
HJW202505230402,我打了网约车拼单，司机不把我送到目的地，引起纠纷，报警人电话：180****9169 #非警务#纠纷事项#司乘（代驾）问题#报警电话:180****9169,消费纠纷,消费纠纷,0.9
HJW202505230403,房客不肯搬走，产生纠纷，报警人电话：150****0907 #非警务#纠纷事项#租赁问题#报警电话:150****0907,经济纠纷,其他纠纷,0.9
HJW202505240001,#长效关注#这个有个人老人一直在里面上厕所，搞得这里很臭，沟通过没有， 需要处理，报警人称不想让对方知道是自己报的警，但可以与报警人联系135****5960 #非警务#纠纷事项#邻里问题#报警电话:135****5960,邻里纠纷,邻里纠纷,0.9
HJW202505240002,我是货车司机，昨天我从福建漳州拉货到宁波，当时说好装6拖货1500元，后来装了11拖货，对方不给我加钱，产生纠纷，报警人137****6767 #非警务#纠纷事项#物流（快递）问题#报警电话:137****6767,消费纠纷,劳动人事（就业）纠纷,0.9
HJW202505240101,2025年5月24日1时42分，接110指令，林村桃源小区一期3幢2单元102室西边隔壁的房间，大声吵闹，声音扰民。民警赶赴现场，未发现报警现象。遂与报警人周栋浩（男，3302*****7339，宁波市海曙区）联系，系合租房，很吵，房东泮小芬 133****6561，后续需要关注,邻里纠纷,噪声污染,0.9
HJW202505250001,我是代驾，客人不肯付钱，有纠纷。139****2773 #非警务#纠纷事项#司乘（代驾）问题#报警电话:139****2773,消费纠纷,消费纠纷,0.9
HJW202505250002,我是收垃圾的，这里不能扔垃圾，对方非要扔，引起纠纷，电话150****4608 #非警务#纠纷事项#其他纠纷事项#报警电话:150****4608,其他纠纷,邻里纠纷,0.9
HJW202505250003,137****1476：因为停车位问题，有纠纷需要处理 #非警务#纠纷事项#其他纠纷事项#报警电话:137****1476,邻里纠纷,邻里纠纷,0.9
HJW202505260201,公司不给我工资，产生纠纷。190****2088 #非警务#纠纷事项#劳资问题#报警电话:190****2088,劳动人事（就业）纠纷,劳动人事（就业）纠纷,0.9
HJW202505260202,因买榴莲的事情引起纠纷，报警人电话：158****0386（报警人情绪激动） #非警务#纠纷事项#消费问题#报警电话:158****0386,消费纠纷,消费纠纷,0.9
HJW202505270301,我在马路边种地，有辆车（车牌不知道）不让我过去，现产生纠纷，还要打我。150****5489 #非警务#纠纷事项#其他纠纷事项#报警电话:150****5489,邻里纠纷,交通事故纠纷,0.9
HJW202505270302,我是路边收破烂的，有人让我拉东西，我到这里后对方人不见了，我没有对方的联系方式，需要帮助。137****5153 #非警务#纠纷事项#其他纠纷事项#报警电话:137****5153,其他纠纷,其他纠纷,0.9
HJW202505270303,因为摆摊问题引起吵架。187****6770 #非警务#纠纷事项#其他纠纷事项#报警电话:187****6770,公共秩序纠纷,街面秩序,0.9
HJW202505280401,去年干的活，工资没给我，我现在在公司，138****6275 #非警务#纠纷事项#劳资问题#报警电话:138****6275,劳动人事（就业）纠纷,劳动人事（就业）纠纷,0.9
HJW202505280402,交了1800元美容的钱，只做了一次项目后又发出来了，现在对方不承认不处理有纠纷。157****5024 #非警务#纠纷事项#消费问题#报警电话:157****5024,消费纠纷,消费纠纷,0.9
HJW202505280501,"2025年5月28日13时01分，在大雷村，海曙区望童线改造提升工程施工队的工作人员：王珍（男，4309*****2313，湖南省安化县，186****4171），在作业时不慎将村民汪旭恩（男，3302*****7895，宁波市海曙区，159****4457）种植的一棵蛇树砍掉，双方就赔偿问题发生纠纷，移交村委会处理。

",经济纠纷,损害赔偿纠纷,0.9
HJW202505280503,2025年5月28日19时50分，在雷锋新村4幢102，胡苏存（女，3302*****7327，宁波市海曙区）与徐章明（男，3302*****7893，宁波市海曙区）已解除婚姻关系。根据法院判决，该房屋产权归属徐章明，但胡苏存至今未按判决要求搬离，双方因此产生纠纷。后续存在安全隐患。,邻里纠纷,家庭婚姻纠纷,0.9
HJW202505290201,昨天工厂叫我今天来干活，今天我戴眼镜来了对方就不要我干活了，还不给我路费。报警人电话：190****1186（08:02分集士港镇来电反馈在横街桃源村） #非警务#纠纷事项#劳资问题#报警电话:190****1186,劳动人事（就业）纠纷,劳动人事（就业）纠纷,0.9
HJW202505290202,工资结算问题引起纠纷  130****2578 #非警务#纠纷事项#劳资问题#报警电话:130****2578,劳动人事（就业）纠纷,劳动人事（就业）纠纷,0.9
HJW202505290203,#长效关注#158****2438邻居把垃圾扔在我家门口，有纠纷需要处理 #非警务#纠纷事项#邻里问题#报警电话:158****2438,邻里纠纷,邻里纠纷,0.9
HJW202505290204,159****7950，老板拖欠工资，现在有纠纷 #非警务#纠纷事项#劳资问题#报警电话:159****7950,劳动人事（就业）纠纷,劳动人事（就业）纠纷,0.9
HJW202505290501,2025年5月29日16时56分，民警到达陆婆桥79号，经了解，系当事人胡国华（陆婆桥32号，男，3302*****7336，横街镇，192****1682）将违章建筑搭的建筑垃圾，堆放在报警人王爱飞（陆婆桥79号，女，3302*****7322，横街镇，158****2438）家门口，双方又因拆除物堆放问题发生纠纷，矛盾无法化解，有隐患。,消防隐患纠纷,公共秩序纠纷,0.9
HJW202505300401,对方自己坐在叉车上把车胎弄破了，现要求我赔偿，双方引起纠纷，要求处理，报警人电话：189****0833 #非警务#纠纷事项#经济（债务）问题#报警电话:189****0833,经济纠纷,经济纠纷,0.9
HJW202505300402,员工报，劳资纠纷，双方在一起，131****9507 #非警务#纠纷事项#劳资问题#报警电话:131****9507,劳动人事（就业）纠纷,劳动人事（就业）纠纷,0.9
HJW202505310101,邵姓村民和李姓村民因李家宠物狗叫声过大发生噪音而产生矛盾。-#邻里纠纷#,狗患纠纷,狗患纠纷,0.9
HJW202505310201,#长效关注#因为我电瓶车推不进去便在对方的门口充电，对方不让还说要砸我车，有纠纷。158****2438 #非警务#纠纷事项#邻里问题#报警电话:158****2438,邻里纠纷,邻里纠纷,0.9
HJW202505310202,洒竹子不小心砸到别人墓碑，现在让老板找墓碑的主人，老板不愿意处理有纠纷。187****2151 #非警务#纠纷事项#其他纠纷事项#报警电话:187****2151,其他纠纷,损害赔偿纠纷,0.9
HJW202505310203,有人不让我在公共车位停车，产生纠纷，报警人电话：199****8614 #非警务#纠纷事项#其他纠纷事项#报警电话:199****8614,邻里纠纷,街面秩序,0.9
HJW202505310204,有人不让我在公共车位停车，产生纠纷，报警人电话：199****8614 #非警务#纠纷事项#其他纠纷事项#报警电话:199****8614,邻里纠纷,街面秩序,0.9
HJW202505310205,我们开了个宾馆，进去发现电视机打不开，想要老板退房间费老板不肯，双方在一起187****4083 #非警务#纠纷事项#消费问题#报警电话:187****4083,消费纠纷,消费纠纷,0.9
HJW202505310206,有个女的称我女儿欠她钱，上门来找我要钱，现引起纠纷，联系电话136****9770 #非警务#纠纷事项#经济（债务）问题#报警电话:136****9770,债务纠纷,债务纠纷,0.9
JSGW202505010001,网约车司机报警，乘客吐车上引起纠纷175****9096 #非警务#纠纷事项#司乘（代驾）问题#报警电话:175****9096,消费纠纷,消费纠纷,0.9
JSGW202505010002,快递员报：顾客下了订单，但是不给我快递引起纠纷，报警人电话：158****2703 #非警务#纠纷事项#物流（快递）问题#报警电话:158****2703,消费纠纷,消费纠纷,0.9
JSGW202505010003,别人签了我家人的钱，我们找了律师打官司了，然后对方上门来我家，说还现金让我们把欠条给对方，双方在现场引起纠纷，报警人158****3513 #非警务#纠纷事项#经济（债务）问题#报警电话:158****3513,经济纠纷,债务纠纷,0.9
JSGW202505010004,#长效关注#187****4626楼下把雨水管道截掉了，导致楼上漏水到我家，因赔偿问题有纠纷需要处理 #非警务#纠纷事项#邻里问题#报警电话:187****4626,邻里纠纷,损害赔偿纠纷,0.9
JSGW202505010005,#长效关注#我跟老乡出来吃饭，他老婆觉得我跟老乡有不正当关系，现在不让我们走，134****2888 #非警务#纠纷事项#家庭婚姻感情问题#报警电话:134****2888,家庭婚姻纠纷,情感纠纷,0.9
JSGW202505010006,物业因为停车的事情和我有纠纷，现在车子被物业还锁住了。130****5056 #非警务#纠纷事项#物业管理问题#报警电话:130****5056,物业管理纠纷,物业管理纠纷,0.9
JSGW202505010007,我在这里干活，老板不给工资，起纠纷181****9248 #非警务#纠纷事项#劳资问题#报警电话:181****9248,劳动人事（就业）纠纷,劳动人事（就业）纠纷,0.9
JSGW202505010008,因为买猫问题有纠纷181****6008 #非警务#纠纷事项#消费问题#报警电话:181****6008,消费纠纷,消费纠纷,0.9
JSGW202505010009,因为买猫问题有纠纷181****6008 #非警务#纠纷事项#消费问题#报警电话:181****6008,消费纠纷,消费纠纷,0.9
JSGW202505020001,#长效关注#因为隔壁经常半夜传来噪音，我敲墙提醒对方几句，现在邻居不满和我有纠纷，双方在一起195****0561 #非警务#纠纷事项#邻里问题#报警电话:195****0561,邻里纠纷,邻里纠纷,0.9
JSGW202505020002,#长效关注#有个人在这里抢占车位，不让我的车子停进去，引起纠纷，报警人电话：178****9010 #非警务#纠纷事项#邻里问题#报警电话:178****9010,邻里纠纷,邻里纠纷,0.9
JSGW202505020003,182****8145：顾客消费不买单，引起纠纷。 #非警务#纠纷事项#消费问题#报警电话:182****8145,消费纠纷,消费纠纷,0.9
JSGW202505020004,#长效关注#父母双方闹矛盾，需要调解。186****0602 #非警务#纠纷事项#家庭婚姻感情问题#报警电话:186****0602,家庭婚姻纠纷,家庭婚姻纠纷,0.9
JSGW202505020005,我是开餐饮的，装修外包给另外一个人，对方墙没给我打好现在还在这里问我要工钱，双方有纠纷 #非警务#纠纷事项#劳资问题#报警电话:130****8776,消费纠纷,劳动人事（就业）纠纷,0.9
JSGW202505030001,网约车司机：因为价格问题，发生纠纷，153****8086 #非警务#纠纷事项#司乘（代驾）问题#报警电话:153****8086,消费纠纷,消费纠纷,0.9
JSGW202505030002,因工资问题双方发生纠纷 178****2379 #非警务#纠纷事项#劳资问题#报警电话:178****2379,劳动人事（就业）纠纷,劳动人事（就业）纠纷,0.9
JSGW202505030003,因为宾馆没有放置防滑的标志，导致我摔伤了，双方就赔偿问题有纠纷。130****1757 #非警务#纠纷事项#其他纠纷事项#报警电话:130****1757,消费纠纷,消费纠纷,0.9
JSGW202505030004,我是司机，把货拉到这边，现在对方不签字，引起纠纷135****8363 #非警务#纠纷事项#物流（快递）问题#报警电话:135****8363,消费纠纷,消费纠纷,0.9
JSGW202505030005,我来店里退东西，现有纠纷。156****6016 #非警务#纠纷事项#消费问题#报警电话:156****6016,消费纠纷,消费纠纷,0.9
JSGW202505030006,我来店里退东西，现有纠纷。电话：156****6016。现来电称刚才有两个协警来处理，他们处理不了走了，现我想拍一下对方工作人员的工号，对方就冲过来想打人，需要民警再来处理 #非警务#纠纷事项#消费问题#报警电话:156****6016,消费纠纷,消费纠纷,0.9
JSGW202505030007,来电称买了票，现在对方不让我们看，双方在场。130****3785 #非警务#纠纷事项#消费问题#报警电话:130****3785,消费纠纷,消费纠纷,0.9
JSGW202505030008,我订了酒店，前台要求我支付押金，我认为不合理，产生纠纷，报警人电话：158****0929 #非警务#纠纷事项#消费问题#报警电话:158****0929,消费纠纷,消费纠纷,0.9
JSGW202505030009,我订了酒店，前台要求我支付押金，我认为不合理，产生纠纷，报警人电话：158****0929（报警人来电催促） #非警务#纠纷事项#消费问题#报警电话:158****0929,消费纠纷,消费纠纷,0.9
JSGW202505030010,#长效关注#具体事情地址没说，电话就挂了，回拨称有户人家在过道上争吵，具体情况不清楚，报警人电话：137****7038 #非警务#纠纷事项#家庭婚姻感情问题#报警电话:137****7038,家庭婚姻纠纷,家庭婚姻纠纷,0.9
JSGW202505030011,对方欠钱不还，我现在找到他家了，需要协调。173****8930 #非警务#纠纷事项#经济（债务）问题#报警电话:173****8930,债务纠纷,债务纠纷,0.9
JSGW202505040001,"对方欠钱不还，我现在找到他家了，需要协调。173****8930
重复报警:报警时间:2025-05-04 00:20:26, 报警电话:173****8930, 联系电话:173****8930, #非警务#纠纷事项#经济（债务）问题#报警电话:135",债务纠纷,债务纠纷,0.9
JSGW202505040002,对方没把我的车修好，也不退钱，现引起纠纷，联系电话136****8329 #非警务#纠纷事项#消费问题#报警电话:136****8329,经济纠纷,消费纠纷,0.9
JSGW202505040003,#长效关注#我妈妈的房子被我侄子卖了钱拿走了，引起了纠纷。130****3592 #非警务#纠纷事项#家庭婚姻感情问题#报警电话:130****3592,家庭婚姻纠纷,家庭婚姻纠纷,0.9
JSGW202505040004,宁海转：来电称508室业主在装修时，产生的装修垃圾和砖块都丢在小区楼下主干道半个月多了都没有清理。具体情况请电话联系报警人173****6307（回拨报警人，报警人称是物业，业主不愿意清理，现在协商不下） #非警务#纠纷事项#物业管理问题#报警电话:173****6307,邻里纠纷,公共秩序纠纷,0.9
JSGW202505040005,报警人昨天报警“对方欠钱不还，我现在找到他家了，需要协调。173****8930”现来电称需要再次处理。173****8930 #非警务#纠纷事项#经济（债务）问题#报警电话:173****8930,债务纠纷,债务纠纷,0.9
JSGW202505040006,对方拖欠我们工资，现有纠纷双方在一起，152****5586 #非警务#纠纷事项#劳资问题#报警电话:152****5586,劳动人事（就业）纠纷,劳动人事（就业）纠纷,0.9
JSGW202505040007,133****9044，我过来买二手车，对方隐瞒了一些车况，我现在发现车子是报废的，不想要了，我要对方报销车费对方不肯有纠纷 #非警务#纠纷事项#消费问题#报警电话:133****9044,消费纠纷,消费纠纷,0.9
JSGW202505040008,这房子隔音不好我不想租了，但是房东不退我押金，现有纠纷，131****8662 #非警务#纠纷事项#租赁问题#报警电话:131****8662,经济纠纷,消费纠纷,0.9
JSGW202505040009,老板扣了我200元工资引发纠纷150****7913 #非警务#纠纷事项#劳资问题#报警电话:150****7913,劳动人事（就业）纠纷,劳动人事（就业）纠纷,0.9
JSGW202505040010,一个员工偷东西，被我们查到了，对方不愿意协商有纠纷138****8303 #非警务#纠纷事项#劳资问题#报警电话:138****8303,劳动人事（就业）纠纷,劳动人事（就业）纠纷,0.9
JSGW202505040011,我是卖菜的，因为买卖时发生纠纷，顾客扔了我的东西有纠纷150****6127 #非警务#纠纷事项#消费问题#报警电话:150****6127,消费纠纷,消费纠纷,0.9
JSGW202505040012,辅助：我是卖菜的，因为买卖时发生纠纷，顾客扔了我的东西有纠纷150****6127 #非警务#纠纷事项#消费问题#报警电话:150****6127,消费纠纷,消费纠纷,0.9
JSGW202505040013,我在闲鱼平台上跟对方交易时有纠纷，对方弄到了我的电话号码，现一直打我骚扰电话，对方住在：集士港镇集港馨苑12幢28单元403室，张宏宇，199****9965，报警人在湖南，告知其当地报警。 #非警务#纠纷事项#消费问题#报警电话:134****0948,其他纠纷,消费纠纷,0.9
JSGW202505040014,我之前养了一只流浪狗，现狗主人要把狗要回去，我让对方把我给狗买的东西钱给我，对方不肯。183****5730 #非警务#纠纷事项#其他纠纷事项#报警电话:183****5730,经济纠纷,消费纠纷,0.9
JSGW202505040015,店员不让小孩放气球，我们要求退钱，对方不愿意退钱。181****8323 #非警务#纠纷事项#消费问题#报警电话:181****8323,消费纠纷,消费纠纷,0.9
JSGW202505050101,老板不给我工资，双方在一起，引起纠纷189****8357 #非警务#纠纷事项#劳资问题#报警电话:189****8357,劳动人事（就业）纠纷,劳动人事（就业）纠纷,0.9
JSGW202505050102,浙BDT3779司机来电，因车费问题双方发生纠纷 183****3888 #非警务#纠纷事项#司乘（代驾）问题#报警电话:183****3888,消费纠纷,消费纠纷,0.9
JSGW202505050103,我在小区里面干活，老板工资不给，现在在干活的地方188****9481 #非警务#纠纷事项#劳资问题#报警电话:188****9481,劳动人事（就业）纠纷,劳动人事（就业）纠纷,0.9
JSGW202505050104,患者报，我排了2小时的队，医生跳过我的号没有叫我，引起纠纷，135****5095 #非警务#纠纷事项#医患问题#报警电话:135****5095,医疗纠纷,医疗纠纷,0.9
JSGW202505050105,我在这里修车，修车店没有把车修好，引起纠纷，138****0926 #非警务#纠纷事项#消费问题#报警电话:138****0926,经济纠纷,消费纠纷,0.9
JSGW202505050106,159****5224：两个小朋友在玩，不小心碰伤了，现在对方家长让我赔偿，有纠纷 #非警务#纠纷事项#经济（债务）问题#报警电话:159****5224,经济纠纷,经济纠纷,0.9
JSGW202505050107,#长效关注#老头跟我吵架了，138****3002 #非警务#纠纷事项#家庭婚姻感情问题#报警电话:138****3002,家庭婚姻纠纷,家庭婚姻纠纷,0.9
JSGW202505050108,#长效关注#辅助下单，老头跟我吵架了，具体不清138****3002 #非警务#纠纷事项#家庭婚姻感情问题#报警电话:138****3002,家庭婚姻纠纷,家庭婚姻纠纷,0.9
JSGW202505050109,我是客人，下单了自行来取东西，对方一直没有送货，有纠纷131****2086 #非警务#纠纷事项#消费问题#报警电话:131****2086,消费纠纷,消费纠纷,0.9
JSGW202505050110,有个顾客一直给我们小哥差评，现在还在我们店里闹引起纠纷，130****1155 #非警务#纠纷事项#消费问题#报警电话:130****1155,消费纠纷,消费纠纷,0.9
JSGW202505060201,#长效关注#我跟我儿子有纠纷 他拦着不让我出门，报警人号码：137****8890 #非警务#纠纷事项#家庭婚姻感情问题#报警电话:137****8890,家庭婚姻纠纷,家庭婚姻纠纷,0.9
JSGW202505060202,老板不给我工资，双方产生纠纷，报警人电话136****5893 #非警务#纠纷事项#劳资问题#报警电话:136****5893,劳动人事（就业）纠纷,劳动人事（就业）纠纷,0.9
JSGW202505060203,我未拿到干活工资，引起纠纷。报警人电话：176****7672. #非警务#纠纷事项#劳资问题#报警电话:176****7672,劳动人事（就业）纠纷,劳动人事（就业）纠纷,0.9
JSGW202505060204,因买的二手车商家一直不肯过户，双方引起纠纷。报警人：158****3710 #非警务#纠纷事项#消费问题#报警电话:158****3710,经济纠纷,消费纠纷,0.9
JSGW202505060205,我卖车给对方，现对方让我支付附加服务费需要我支付，双方引起纠纷，需要处理，报警人电话：173****8820 #非警务#纠纷事项#消费问题#报警电话:173****8820,消费纠纷,消费纠纷,0.9
JSGW202505060206,我要办理退网业务，因为工作人员办事效率太低，引起纠纷，报警人电话：158****6842 #非警务#纠纷事项#消费问题#报警电话:158****6842,其他纠纷,消费纠纷,0.9
JSGW202505060207,我在这里买二手车，之前的销售不在，现在价格问题双方有纠纷，报警人电话198****2656 #非警务#纠纷事项#消费问题#报警电话:198****2656,消费纠纷,消费纠纷,0.9
JSGW202505060208,我和房东因为租房问题引起纠纷。195****3164 #非警务#纠纷事项#租赁问题#报警电话:195****3164,经济纠纷,债务纠纷,0.9
JSGW202505060209,有个人用手推电瓶车时撞坏了我理发店的灯，赔偿有纠纷，电话158****9617 #非警务#纠纷事项#经济（债务）问题#报警电话:158****9617,消费纠纷,损害赔偿纠纷,0.9
JSGW202505060210,#长效关注#有个男的之前是我的员工，因为我不让他做了，他现在在这里吵架，电话131****1771 #非警务#纠纷事项#劳资问题#报警电话:131****1771,劳动人事（就业）纠纷,劳动人事（就业）纠纷,0.9
JSGW202505060211,有经济纠纷，需要调解188****8133 #非警务#纠纷事项#经济（债务）问题#报警电话:188****8133,债务纠纷,经济纠纷,0.9
JSGW202505060212,我打了滴滴，还没到目的地，对方就要我下车。双方有纠纷158****3233 #非警务#纠纷事项#司乘（代驾）问题#报警电话:158****3233,消费纠纷,消费纠纷,0.9
JSGW202505060301,#邻里纠纷#集士港村十字北路8号装修影响隔壁邻居，发生矛盾纠纷，村委会调解未经果，需要领方人员协助调能,公共秩序纠纷,工程施工纠纷,0.9
JSGW202505060403,万科金色城市小区居民反映楼上住户晚上9点以后噪音很大，影响楼下休息，请镇相关人员进行处理,邻里纠纷,噪声污染,0.9
JSGW202505060405,#婚姻家庭纠纷#董博苑三期有一户二婚家庭女方与继子产生矛盾，继子情绪激动，女方寻求庇护并已报警，现还未解决矛盾，村委会已出面调解但当事人并不满意，请上级部门可以协助,家庭婚姻纠纷,家庭婚姻纠纷,0.9
JSGW202505060501,报警人姚德建（手机号码：139****6304）与吴海娇（手机号：180****1229）有劳资纠纷。请劳动部门对接当事人，及时予以调解、仲裁、处理。,劳动人事（就业）纠纷,劳动人事（就业）纠纷,0.9
JSGW202505060503,劳资纠纷。（报警人石大兴，手机号码：130****4205；杨秀望，手机号码：153****5336）请劳动部门对接当事人，及时予以调解、仲裁、处理。,劳动人事（就业）纠纷,劳动人事（就业）纠纷,0.9
JSGW202505060504,有债务纠纷。请村社、物业加强关注。（报警电话：189****7809）,物业管理纠纷,债务纠纷,0.9
JSGW202505060505,报警人马欣（手机号码：187****4626）与黄林峰（手机号：152****4808）因对方装修造成报警人家被水倒灌受损引起纠纷。请村社、物业加强关注。,经济纠纷,损害赔偿纠纷,0.9
JSGW202505060507,有家庭纠纷。（报警电话：186****0602）请村/社组织调解、沟通，化解矛盾，加强关注。,家庭婚姻纠纷,家庭婚姻纠纷,0.9
JSGW202505060508,报警人顾客马磊（手机号码：130****1757）与宾馆老板朱华月（手机号：159****5879）因摔倒引起赔偿纠纷。请工商部门对接当事人，组织调解、处理。,经济纠纷,消费纠纷,0.9
JSGW202505060510,老板不给工资。（报警人刘万翠，手机号码：152****5586）请劳动部门对接当事人，及时予以调解、仲裁、处理,劳动人事（就业）纠纷,劳动人事（就业）纠纷,0.9
JSGW202505060512,劳资纠纷。（报警人陈梓萌，手机号码：150****7913；对方梅璐毅，手机号：150****4941）请劳动部门对接当事人，及时予以调解、仲裁、处理。,劳动人事（就业）纠纷,劳动人事（就业）纠纷,0.9
JSGW202505060513,报警人秦玉兰（手机号码：181****8323）与汤梦微（手机号：189****7669）因游乐园充值卡退卡事宜有纠纷。请工商部门对接当事人，组织调解、处理。,消费纠纷,消费纠纷,0.9
JSGW202505060514,劳资纠纷。（报警电话：188****9481）请劳动部门对接当事人，及时予以调解、仲裁、处理。,劳动人事（就业）纠纷,劳动人事（就业）纠纷,0.9
JSGW202505060515,维修纠纷。（报警电话：138****0926）请工商部门对接当事人，组织调解、处理。,物业管理纠纷,消费纠纷,0.9
JSGW202505060516,老年夫妻经常因为家庭琐事发生纠纷。（报警人张宝亚，手机号码：138****3002）请村/社组织调解、沟通，化解矛盾，加强关注。,家庭婚姻纠纷,家庭婚姻纠纷,0.9
JSGW202505060517,报警人曹珊红（手机号码：137****8890 ）与儿子有家庭纠纷。请村/社组织调解、沟通，化解矛盾，加强关注。,家庭婚姻纠纷,家庭婚姻纠纷,0.9
JSGW202505060518,报警人周悦（女，28岁，湖北省人，电话：130****8223）与男朋友潘凯（男，33岁，湖北省人，电话：158****9083）有男女感情纠纷，请村社、物业加强关注。,物业管理纠纷,情感纠纷,0.9
JSGW202505060520,徐天红（女，36岁，万众村九河桥人，手机137****2071）与哥哥徐天高（男，46岁，万众村九河桥人，手机158****8289）有家庭纠纷，请村/社组织调解、沟通，化解矛盾，加强关注。,公共秩序纠纷,家庭婚姻纠纷,0.9
JSGW202505060521,报警人住户肖建财（女，43岁，电话：130****5998）与当事人单棋洋（男，44岁，电话：136****3655）有男女感情纠纷，请村社、物业加强关注。,物业管理纠纷,情感纠纷,0.9
JSGW202505060522,劳资纠纷。（报警人邹霞，电话：132****7786；当事人余明，电话：157****2688）请劳动部门对接当事人，及时予以调解、仲裁、处理。,劳动人事（就业）纠纷,劳动人事（就业）纠纷,0.9
JSGW202505060523,反映楼下501室噪音扰民，请村社、物业加强关注。（报警电话：133****6483）,邻里纠纷,噪声污染,0.9
JSGW202505060524,报警人朱吉浩（男，41岁，鄞州区钟公庙街道人，电话159****0000）与当事人田冬芹（女，30岁，河南省淮阳县人，暂住：集士港镇井亭社区金色城市11幢22单元502室，电话184****1228）有男女感情纠纷，请村社、物业加强关注。,公共秩序纠纷,情感纠纷,0.9
JSGW202505060525,报警人李红香（女，29岁，江西省会昌县人，暂住：集士港镇深溪村深溪新村22号-1，手机号152****5924）与丈夫许福荣（男，34岁，江西省会昌县人，暂住：集士港镇深溪村深溪新村22号-1手机号135****3273）因带小孩有纠纷，请村社加强关注。,家庭婚姻纠纷,家庭婚姻纠纷,0.9
JSGW202505060526,谢远芳（女，42岁，海南省人，电话130****8397）与曾俊（男，43岁，湖北省石首市人，电话138****9758）有夫妻感情纠纷，请村社加强关注。,家庭婚姻纠纷,家庭婚姻纠纷,0.9
JSGW202505070002,#邻里纠纷#井亭家园10幢有居民反映顶楼有抛垃圾的现象，请镇相关部门进行处理。,邻里纠纷,公共秩序纠纷,0.9
JSGW202505070006,万科金色城市小区居民反映楼上住户晚上10点以后噪音很大，影响楼下休息，请镇相关人员进行处理,邻里纠纷,噪声污染,0.9
JSGW202505070209,#邻里纠纷#井亭家园小区居民反馈，家楼下商铺晚上营业的时候声音特别吵，影响居民晚上休息，社区调解未果，请镇街相关部门协助调解。,物业管理纠纷,噪声污染,0.9
JSGW202505070401,报警人戴科权（男，46岁，手机号137****7852）与其老婆王松霞（女，45岁，手机号178****9456）有夫妻感情纠纷，男方有扬言情况，请村/社组织调解、沟通，化解矛盾，加强关注。,家庭婚姻纠纷,情感纠纷,0.9
JSGW202505070402,住户黄琬君（女，20岁，手机132****8672）反映父亲黄志强（男，43岁，手机133****8207）家暴她。请村/社组织调解、沟通，化解矛盾，加强关注。,家庭婚姻纠纷,家庭婚姻纠纷,0.9
JSGW202505070403,租户邬华明（男，51岁，四川省简阳市，手机号：159****7671）女朋友的王春（女，50岁，四川省绵阳市安州区人，手机号：150****5909）与前男友吕金龙（男，53岁，黑龙江省海伦市人手机号：150****5909），三人有男女感情纠纷，请村社加强关注。,情感纠纷,情感纠纷,0.9
JSGW202505070404,当事人严漂旦（女，横街镇人，30岁，手机号：183****7132）与男朋友司圣隆（男，23岁，新疆人，手机号：176****63920）有男女感情纠纷，双方有自杀倾向。请村社、物业加强关注。,治安隐患纠纷,情感纠纷,0.9
JSGW202505070406,报警人叶亚辉（女，30岁，浙江省建德市人，电话150****5730）与前夫潘柱（男，34岁，湖北省监利市人，电话158****8686）有离婚夫妻财产纠纷，请村社、物业加强关注。,物业管理纠纷,家庭婚姻纠纷,0.9
JSGW202505070407,反映楼上邻居将空调外机装在其家卧室上面，噪音扰民，双方存在邻里纠纷，请村/社组织调解、沟通，化解矛盾，加强关注。（报警人陈兰平，电话150****3779）,邻里纠纷,噪声污染,0.9
JSGW202505070408,报警人郑毅（男，18岁，集仕港镇湖山村里漕人，电话192****0252）反映父亲郑金华（男，48岁，电话150****8428）家暴他。请村/社组织调解、沟通，化解矛盾，加强关注。,土地森林草场水利等纠纷,家庭婚姻纠纷,0.9
JSGW202505070409,打麻将声扰民，存在邻里纠纷，请村社加强关注，提醒住户。,邻里纠纷,邻里纠纷,0.9
JSGW202505070412,劳资纠纷。（报警电话：136****5893）请劳动部门对接当事人，及时予以调解、仲裁、处理。,劳动人事（就业）纠纷,劳动人事（就业）纠纷,0.9
JSGW202505070413,劳资纠纷。（报警电话：176****7672）请劳动部门对接当事人，及时予以调解、仲裁、处理。,劳动人事（就业）纠纷,劳动人事（就业）纠纷,0.9
JSGW202505070417,报警人陈远（男，43岁，北仑人，手机号码号码：132****7700）与霍安（男，44岁，贵州人，手机号码：193****6288）有经济纠纷，请村社加强关注。,债务纠纷,经济纠纷,0.9
JSGW202505070418,彭成（男，39岁，贵州省纳雍县人，联系电话：159****5139）与其老婆刘贞（女，31岁，贵州省施秉县人，联系电话：150****5611）有夫妻感情纠纷。请村/社组织调解、沟通，化解矛盾，加强关注。,家庭婚姻纠纷,家庭婚姻纠纷,0.9
JSGW202505070501,业主把垃圾乱扔在小区里面不承认，双方协商不下。139****8636 #非警务#纠纷事项#物业管理问题#报警电话:139****8636,邻里纠纷,物业管理纠纷,0.9
JSGW202505070502,我跟别的加工厂有经济纠纷，现在有一个工人在闹事，没有过激性行为。132****7700 #非警务#纠纷事项#经济（债务）问题#报警电话:132****7700,其他纠纷,经济纠纷,0.9
JSGW202505070503,"我跟别的加工厂有经济纠纷，现在有一个工人在闹事，没有过激性行为。报警人电话：132****7700（10:01来电催促）
重复报警:报警时间:2025-05-07 10:01:01, 报警电话:132****7700, 联系电话:132****7700, #非警务#纠纷事项#经济（债务）问题#报警电话:132****7700",其他纠纷,经济纠纷,0.9
JSGW202505070504,我是房东，租客已经两个月没有付房租有纠纷，现在房子里还有租客的东西需要协助处理。报警人电话：139****5648 #非警务#纠纷事项#租赁问题#报警电话:139****5648,经济纠纷,债务纠纷,0.9
JSGW202505070505,我没有买过保险，支付宝无缘无故扣了我341元，对方称不可能全额退款。139****3801 #非警务#纠纷事项#消费问题#报警电话:139****3801,消费纠纷,消费纠纷,0.9
JSGW202505070506,老板拖欠工资不肯付，有劳资纠纷。报警人电话：178****3699 #非警务#纠纷事项#劳资问题#报警电话:178****3699,劳动人事（就业）纠纷,劳动人事（就业）纠纷,0.9
JSGW202505070507,老板欠我钱，有纠纷133****4512 #非警务#纠纷事项#经济（债务）问题#报警电话:133****4512,债务纠纷,债务纠纷,0.9
JSGW202505070508,租房退押金引起纠纷195****7282 #非警务#纠纷事项#租赁问题#报警电话:195****7282,经济纠纷,债务纠纷,0.9
JSGW202505070509,老板拖欠工资，报警电话：188****3831 #非警务#纠纷事项#劳资问题#报警电话:188****3831,劳动人事（就业）纠纷,劳动人事（就业）纠纷,0.9
JSGW202505070510,老板拖欠工资不肯付，有劳资纠纷。报警人电话：182****5930 #非警务#纠纷事项#劳资问题#报警电话:182****5930,劳动人事（就业）纠纷,劳动人事（就业）纠纷,0.9
JSGW202505070511,我是送货的，工人卸货时把我车子弄坏了，现有纠纷，报警电话：135****8276 #非警务#纠纷事项#其他纠纷事项#报警电话:135****8276,经济纠纷,损害赔偿纠纷,0.9
JSGW202505070512,我是物流公司的工作人员，把顾客的一批货弄丢了（50美金），现因为赔偿有纠纷。195****7686 #非警务#纠纷事项#物流（快递）问题#报警电话:195****7686,消费纠纷,消费纠纷,0.9
JSGW202505070513,无声。（回拨电话在集士港翁家桥金土地厂，干活拿不到工资，引起纠纷，前两天也报过警了，现在老板不肯承认。）186****6917 #非警务#纠纷事项#劳资问题#报警电话:186****6917,劳动人事（就业）纠纷,劳动人事（就业）纠纷,0.9
JSGW202505070514,师傅收了我的装修费，现在装修到一半跑路了。133****1953 #非警务#纠纷事项#消费问题#报警电话:133****1953,经济纠纷,消费纠纷,0.9
JSGW202505070515,这边顶楼的房子（法拍房）漏水很严重，联系物业称要明天处理。134****1617 #非警务#纠纷事项#物业管理问题#报警电话:134****1617,物业管理纠纷,物业管理纠纷,0.9
JSGW202505070516,这里司机不肯移车，引起纠纷。159****7270 #非警务#纠纷事项#其他纠纷事项#报警电话:159****7270,消费纠纷,街面秩序,0.9
JSGW202505070517,我（4-5个人）在这里工作后没有拿到工资，需要处理，报警人电话：195****5339 #非警务#纠纷事项#劳资问题#报警电话:195****5339,劳动人事（就业）纠纷,劳动人事（就业）纠纷,0.9
JSGW202505070518,对方介绍我去看牙齿，拿了回扣，现在我的牙齿有问题，对方不肯负责，现引起纠纷，联系电话139****5596 #非警务#纠纷事项#经济（债务）问题#报警电话:139****5596,医疗纠纷,消费纠纷,0.9
JSGW202505070519,纠纷，130****2152 #非警务#纠纷事项#经济（债务）问题#报警电话:130****2152,其他纠纷,其他纠纷,0.9
JSGW202505070520,#长效关注#来电只称有民事纠纷需要报警处理，一直不肯告知具体情况，后称是出轨的事情。130****2152 #非警务#纠纷事项#家庭婚姻感情问题#报警电话:130****2152,家庭婚姻纠纷,家庭婚姻纠纷,0.9
JSGW202505080001,这里不给我结算工资，引起纠纷，报警人电话：186****0157。（古林四平台反馈属集士港辖区） #非警务#纠纷事项#劳资问题#报警电话:186****0157,劳动人事（就业）纠纷,劳动人事（就业）纠纷,0.9
JSGW202505080002,对方有辆大车一直不开走停在门口，影响施工，和司机说说没用 #非警务#纠纷事项#物业管理问题#报警电话:150****9835,邻里纠纷,街面秩序,0.9
JSGW202505080003,#长效关注#199****2615，楼下装修分贝大，我与对方协商希望今天暂停一天不要装修，对方不同意有纠纷 #非警务#纠纷事项#邻里问题#报警电话:199****2615,邻里纠纷,噪声污染,0.9
JSGW202505080004,开除的员工来我办公影响我工作了。139****8668 #非警务#纠纷事项#劳资问题#报警电话:139****8668,劳动人事（就业）纠纷,劳动人事（就业）纠纷,0.9
JSGW202505080005,因为买二手车一定要我分期付款有纠纷。。133****4110 #非警务#纠纷事项#消费问题#报警电话:133****4110,经济纠纷,消费纠纷,0.9
JSGW202505080006,因为工资问题有纠纷，134****8110 #非警务#纠纷事项#劳资问题#报警电话:134****8110,劳动人事（就业）纠纷,劳动人事（就业）纠纷,0.9
JSGW202505080007,对方车子故意堵路，双方在一起有纠纷。180****6626 #非警务#纠纷事项#其他纠纷事项#报警电话:180****6626,交通事故纠纷,街面秩序,0.9
JSGW202505080008,员工报警，保安硬要检查车厢引起纠纷135****9509 #非警务#纠纷事项#其他纠纷事项#报警电话:135****9509,公共秩序纠纷,其他纠纷,0.9
JSGW202505080205,#邻里纠纷#万科金色城市小区居民反映楼上住户晚上11点以后噪音很大，影响楼下休息，请镇相关人员进行处理,邻里纠纷,噪声污染,0.9
JSGW202505080207,集港馨苑小区3-606投诉楼上3-706住户早上很早就制造噪音，影响休息，物业多次上门未果，请镇相关人员进行处理,物业管理纠纷,噪声污染,0.9
JSGW202505080402,#邻里纠纷#井亭家园南区58幢居民反应楼道有狗随地大小便，造成环境卫生差，社区网格员已上门劝导无果，请镇相关部门人员处理。,邻里纠纷,狗患纠纷,0.9
JSGW202505080406,集士北路地铁、造桥等沿线住户多次向村里反映，自家的房子陆续出现了墙面裂缝、瓷砖脱落、倾斜等现象，是受到了这些施工的影响。这些住户很担忧房子的安全。需要村里协调各部门沟通处理。,经济纠纷,工程施工纠纷,0.9
JSGW202505080501,租客房租未付，存在租房纠纷，请村社加强关注。（报警电话：139****5648）,邻里纠纷,债务纠纷,0.9
JSGW202505080502,劳资纠纷。（报警电话：178****3699）请劳动部门对接当事人，及时予以调解、仲裁、处理。,劳动人事（就业）纠纷,劳动人事（就业）纠纷,0.9
JSGW202505080503,报警人苏广真（手机号码：133****4512）与王泽春（手机号：150****2703）有经济纠纷。请村社加强关注。,债务纠纷,经济纠纷,0.9
JSGW202505080504,劳资纠纷。（报警电话：188****3831）请劳动部门对接当事人，及时予以调解、仲裁、处理。,劳动人事（就业）纠纷,劳动人事（就业）纠纷,0.9
JSGW202505080505,劳资纠纷。（报警电话：186****6917）请劳动部门对接当事人，及时予以调解、仲裁、处理。,劳动人事（就业）纠纷,劳动人事（就业）纠纷,0.9
JSGW202505080506,漏水纠纷。（报警电话：134****1617）请村社、物业加强关注，及时对接报警人及时处理。,物业管理纠纷,其他纠纷,0.9
JSGW202505080507,劳资纠纷。（报警电话：195****5339）请劳动部门对接当事人，及时予以调解、仲裁、处理。,劳动人事（就业）纠纷,劳动人事（就业）纠纷,0.9
JSGW202505080508,劳资纠纷。（报警电话：186****0157）请劳动部门对接当事人，及时予以调解、仲裁、处理。,劳动人事（就业）纠纷,劳动人事（就业）纠纷,0.9
JSGW202505080509,当事人颜匡杰（男，43岁，浙江省温岭市人手机号：186****3333）与当事人王燕（女，29岁，江西省抚州市东乡区人，暂住：集士港镇井亭社区紫御铭园19幢37号1203室身，手机号：198****6272）有男女感情纠纷，请村社、物业加强关注。,物业管理纠纷,情感纠纷,0.9
JSGW202505080510,宁宇（男，49岁，湖南省永顺县人，暂住集士港镇新后屠桥村南湖桥24号，手机150****9507）与他人有经济纠纷，请村社加强关注。,公共秩序纠纷,经济纠纷,0.9
JSGW202505080511,报警人陈银爱（女，40岁，安徽省池州市贵池区人，暂住：领秀熙城7幢10单元502室，手机183****1006）与颜匡杰（男，43岁，浙江省温岭市人，手机186****3333）有男女感情纠纷，请村社、物业加强关注。,物业管理纠纷,情感纠纷,0.9
JSGW202505080512,张寅莹（女，27岁，集士港镇董家桥村人，手机号：130****2257）反映爸爸张松元（娜，56岁，手机号：130****2257）打她，请村社、物业加强关注。,家庭婚姻纠纷,家庭婚姻纠纷,0.9
JSGW202505080514,反映该户人家噪音扰民，请村社、物业对业主做好提醒工作，加强关注。（报警电话：136****9550）,邻里纠纷,噪声污染,0.9
JSGW202505080515,租户杨琴（女，24岁，贵州省镇远县人，手机号码：195****0779）与前男友徐家俊（男，24岁，浙江省龙游县，手机199****2980）有男女感情纠纷，请村社、物业加强关注。,物业管理纠纷,情感纠纷,0.9
JSGW202505080516,报警人陈彪（男，30岁，贵州省镇远县人手机185****1791）怀疑老婆和前老板杨波（男，40岁，贵州省黔西市人，手机138****1626）有私下往来。请村社加强关注。,家庭婚姻纠纷,情感纠纷,0.9
JSGW202505090204,井亭家园54幢居民反映楼上住户阳台漏水，影响他正常生活，社区上门了解情况调解未果，请镇相关人员进行处理！-#邻里纠纷#,邻里纠纷,邻里纠纷,0.9
JSGW202505090301,当事人高贵芳（男，63岁，岳童村童家横人，电话180****0380）与当事人李干英（女，73岁，岳童村王家漕人，电话136****2062）在老年活动室打牌的时候发生争执。请村社加强关注，及时化解。,邻里纠纷,口角琐事纠纷,0.9
JSGW202505090302,报警人高军莲（女，36岁，电话189****5359）与老公张斌祥（男，40岁，江西省吉安市吉州区人，电话139****2774）有家庭纠纷，请村社、物业加强关注。,物业管理纠纷,家庭婚姻纠纷,0.9
JSGW202505090401,我来这边修车，老板把我的行驶证拿到保险公司，隐瞒我所钱没有到位，现在得知老板已经拿到了18000多块钱，引起纠纷。137****4517 #非警务#纠纷事项#消费问题#报警电话:137****4517,经济纠纷,消费纠纷,0.9
JSGW202505090402,乘客到了目的地不肯下车，需要调解159****0456 #非警务#纠纷事项#司乘（代驾）问题#报警电话:159****0456,消费纠纷,口角琐事纠纷,0.9
JSGW202505090403,我交了7000元找工作的中介费，现在找的工作不好，我退费，对方不肯，需要处理    177****5169 #非警务#纠纷事项#经济（债务）问题#报警电话:177****5169,消费纠纷,消费纠纷,0.9
JSGW202505090404,我交了7000元找工作的中介费，现在找的工作不好，我退费，对方不肯，需要处理    177****5169（需要再次处理）（辅助下单） #非警务#纠纷事项#经济（债务）问题#报警电话:177****5169,消费纠纷,消费纠纷,0.9
JSGW202505090405,我租了房，找了合租室友当时说东西不多，现在对方搬过来很多东西，不符合我找室友的的条件要对方离开，对方要我给其钱，双方在一起有纠纷，报警人：151****6071 #非警务#纠纷事项#租赁问题#报警电话:151****6071,经济纠纷,其他纠纷,0.9
JSGW202505090406,188****9392报：我卖车子，老板还欠我钱不给我，有纠纷需要处理 #非警务#纠纷事项#经济（债务）问题#报警电话:188****9392,经济纠纷,债务纠纷,0.9
JSGW202505100001,我是网约车，乘客喝多了不下车。报警人：138****2198 #非警务#纠纷事项#司乘（代驾）问题#报警电话:138****2198,消费纠纷,消费纠纷,0.9
JSGW202505100002,项目办负责人：因为工资问题有一个工友开车堵在门口195****8539 #非警务#纠纷事项#劳资问题#报警电话:195****8539,劳动人事（就业）纠纷,劳动人事（就业）纠纷,0.9
JSGW202505100003,我只是这里路过的，对方就称我拿了她的东西，双方引起纠纷。报警人：173****9506 #非警务#纠纷事项#其他纠纷事项#报警电话:173****9506,其他纠纷,其他纠纷,0.9
JSGW202505100004,我监控里看到他拿152****9435 #非警务#纠纷事项#其他纠纷事项#报警电话:152****9435,其他纠纷,其他纠纷,0.9
JSGW202505100005,有个外卖骑手租了电瓶车不付租金引起纠纷。报警人电话183****9286 #非警务#纠纷事项#租赁问题#报警电话:183****9286,经济纠纷,债务纠纷,0.9
JSGW202505100006,对方欠我薪资引起纠纷，电话：133****9629。 #非警务#纠纷事项#劳资问题#报警电话:133****9629,劳动人事（就业）纠纷,劳动人事（就业）纠纷,0.9
JSGW202505100007,153****1779：车子堵路，我让司机移车，司机不肯，而且态度很差，双方有纠纷 #非警务#纠纷事项#其他纠纷事项#报警电话:153****1779,消费纠纷,街面秩序,0.9
JSGW202505100008,（辅助下单）（来电催促）153****1779：车子堵路，我让司机移车，司机不肯，而且态度很差，双方有纠纷 #非警务#纠纷事项#金融问题#报警电话:153****1779,交通事故纠纷,街面秩序,0.9
JSGW202505110001,#长效关注#楼上3楼住户把垃圾扔在我家门口，我联系对方，对方不理我，需要调解151****8717 #非警务#纠纷事项#邻里问题#报警电话:151****8717,邻里纠纷,邻里纠纷,0.9
JSGW202505110002,#长效关注#603来电楼下403的狗翻了我家的垃圾，还把我的鞋子弄脏了，要求对方赔偿，有纠纷，我老公（手机号：186****2496）在家 #非警务#纠纷事项#邻里问题#报警电话:156****9917,邻里纠纷,狗患纠纷,0.9
JSGW202505110003,昨天发生交通事故，当时有人自称是保险公司的人来把我的车拖走了，现发现他们不是保险公司的人，我要把车拖走，他们还要我支付费用。报警人电话：130****9777 #非警务#纠纷事项#经济（债务）问题#报警电话:130****9777,交通事故纠纷,消费纠纷,0.9
JSGW202505110004,因为话费问题有纠纷。135****1705 #非警务#纠纷事项#消费问题#报警电话:135****1705,其他纠纷,消费纠纷,0.9
JSGW202505110005,对方货车故意堵着我对方货车(浙A 3S6W2)。159****2533 #非警务#纠纷事项#其他纠纷事项#报警电话:159****2533,交通事故纠纷,街面秩序,0.9
JSGW202505110006,"货车(浙A 3S6W2)车主往我车上泼饮料，双方车主因为移车问题发生口角，目前故意堵着我。159****2533
重复报警:报警时间:2025-05-11 11:28:26, 报警电话:159****2533, 联系电话:159****2533, 报警内容:货车(浙A 3S6W2)车主往我车上泼饮料，双方车主因为移车问题发生口角，目前故意堵着我。159****2533
重复报警:报警时间:2025-05-11 11:41:33, 报警电话:159****2533, 联系电话:159****2533, #非警务#纠纷事项#其他纠纷事项#报警电话:159****2533",经济纠纷,口角琐事纠纷,0.9
JSGW202505110007,我在58平台上看到二手车，我从200多公里的地方特意赶来，结果我来了现场后对方又说没有这个车，双方有纠纷。136****2447 #非警务#纠纷事项#消费问题#报警电话:136****2447,消费纠纷,消费纠纷,0.9
JSGW202505110008,有车堵路，车主在场，不肯移车，有纠纷。130****2325 #非警务#纠纷事项#其他纠纷事项#报警电话:130****2325,邻里纠纷,街面秩序,0.9
JSGW202505110009,我在工地上受了工伤，现工地负责人不跟我协商赔偿问题，有纠纷，133****7356。报警人现在海曙三院 #非警务#纠纷事项#劳资问题#报警电话:133****7356,劳动人事（就业）纠纷,劳动人事（就业）纠纷,0.9
JSGW202505110010,我是老板，因为工资问题和员工有纠纷，联系电话138****1577 #非警务#纠纷事项#劳资问题#报警电话:138****1577,劳动人事（就业）纠纷,劳动人事（就业）纠纷,0.9
JSGW202505110011,#长效关注#报警人称家庭纠纷，具体情况要现场说。180****8220 #非警务#纠纷事项#家庭婚姻感情问题#报警电话:180****8220,家庭婚姻纠纷,家庭婚姻纠纷,0.9
JSGW202505120001,因这里有个老头不让我使用服务站里面的水，双方引起纠纷。报警人：184****8536 #非警务#纠纷事项#消费问题#报警电话:184****8536,邻里纠纷,消费纠纷,0.9
JSGW202505120002,有人租我房子，不给我租金，信号差听不清后续131****5103 #非警务#纠纷事项#租赁问题#报警电话:131****5103,经济纠纷,债务纠纷,0.9
JSGW202505120003,有人租我房子，不给我租金，信号差听不清后续131****5103 #非警务#纠纷事项#租赁问题#报警电话:131****5103,经济纠纷,债务纠纷,0.9
JSGW202505120004,租房不付租金，引发纠纷131****2832 #非警务#纠纷事项#租赁问题#报警电话:131****2832,经济纠纷,债务纠纷,0.9
JSGW202505120005,有个人闯到我们办公室，因为对方欠我们公司的租金引起，151****8619 #非警务#纠纷事项#租赁问题#报警电话:151****8619,债务纠纷,债务纠纷,0.9
JSGW202505120006,租房纠纷，当时没讲清楚，现在双方在一起130****6938 #非警务#纠纷事项#租赁问题#报警电话:130****6938,经济纠纷,房地产纠纷,0.9
JSGW202505120007,这里有人拖欠我的工资，还有经济纠纷，双方在场，需要处理，187****8905 #非警务#纠纷事项#劳资问题#报警电话:187****8905,劳动人事（就业）纠纷,劳动人事（就业）纠纷,0.9
JSGW202505120008,因为停车费太贵引起纠纷。158****3754 #非警务#纠纷事项#物业管理问题#报警电话:158****3754,经济纠纷,消费纠纷,0.9
JSGW202505120009,我是做外卖的，有个顾客点了外卖，每天的单子都以有毛发为名义退单。189****6351 #非警务#纠纷事项#消费问题#报警电话:189****6351,消费纠纷,消费纠纷,0.9
JSGW202505120010,我在这里充电，老板不让我充电还说要罚我钱。135****5474 #非警务#纠纷事项#劳资问题#报警电话:135****5474,消费纠纷,劳动人事（就业）纠纷,0.9
JSGW202505120011,我来这里买车，合同签了，后称需要我交6000元服务费，双方有纠纷，186****7638 #非警务#纠纷事项#租赁问题#报警电话:186****7638,消费纠纷,消费纠纷,0.9
JSGW202505120012,因为劳资的事情，对方一个人在门口堵着我的门引起纠纷156****5350 #非警务#纠纷事项#劳资问题#报警电话:156****5350,劳动人事（就业）纠纷,劳动人事（就业）纠纷,0.9
JSGW202505120013,我的车被之前的朋友扣了，不清楚原因，现双方在一起132****3590 #非警务#纠纷事项#其他纠纷事项#报警电话:132****3590,经济纠纷,其他纠纷,0.9
JSGW202505120014,合伙人擅自把门锁锁了，也没有通知我，有纠纷。191****4373 #非警务#纠纷事项#其他纠纷事项#报警电话:191****4373,其他纠纷,其他纠纷,0.9
JSGW202505120015,#长效关注#有人把我的拿了不给我有纠纷。158****9923 #非警务#纠纷事项#家庭婚姻感情问题#报警电话:158****9923,家庭婚姻纠纷,其他纠纷,0.9
JSGW202505120016,#长效关注#家庭有矛盾，需要调解139****9735 #非警务#纠纷事项#家庭婚姻感情问题#报警电话:139****9735,家庭婚姻纠纷,家庭婚姻纠纷,0.9
JSGW202505120017,我来这边消费，本来要营业到凌晨，现在11：30开始就赶我们走，引起纠纷183****9260 #非警务#纠纷事项#消费问题#报警电话:183****9260,消费纠纷,消费纠纷,0.9
JSGW202505120116,#邻里纠纷#董博苑有居民在车库养鸡，周围居民有很大意见，与物业沟通未果，村里与改住户联系也没得到统一意见，现要求上级部门协助,物业管理纠纷,邻里纠纷,0.9
JSGW202505120118,最近孙某地里的土豆被人偷了一些，怀疑是附近陈某干的，去理论，两人吵了起来。,治安隐患纠纷,口角琐事纠纷,0.9
JSGW202505120119,井亭家园47幢居民反映楼上住户晚上11点后扰民，影响他正常生活，社区上门了解情况调解未果，请镇相关人员进行处理！-#邻里纠纷#,邻里纠纷,口角琐事纠纷,0.9
JSGW202505120120,#婚姻家庭纠纷#居住在本村辖区范围的范某和李某因夫妻问题产生矛盾，李某又持刀行为，范某已报警处理，李某情绪不稳定，需要相关部门协助处理,家庭婚姻纠纷,家庭婚姻纠纷,0.9
JSGW202505120124,小区徐先生反映，自己买了新能源汽车，物业不同意让安装充电桩，请镇相关部门处理。,消防隐患纠纷,消费纠纷,0.9
JSGW202505120125,#邻里纠纷#井亭家园业主来社区反应，隔壁邻居老年人破烂捡来放在公共部位，多次劝说无果，需请社区出面调解,物业管理纠纷,邻里纠纷,0.9
JSGW202505120126,#邻里纠纷#岳童家园业主来物业反应，这住户车辆每次乱停，为此住户发生口角，请村物出面调解一下,口角琐事纠纷,邻里纠纷,0.9
JSGW202505120127,集士港镇在集古路拆迁时，因拆迁过程中有隔壁没有拆迁的房子有影响，发生矛盾纠纷，村委会协调未结果，请镇相关部门协调处理。,公共秩序纠纷,征地拆迁纠纷,0.9
JSGW202505120138,岳童村后刘漕村民因爷爷去世后一套房子引起矛盾纠纷，经村调解委员会调解无效，需镇调解委员会介入,邻里纠纷,家庭婚姻纠纷,0.9
JSGW202505120205,前街翁某听别人说另一个汪某在说她坏话，骂她已去世二十多年的丈夫，后在我们网格群里两人吵架。,经济纠纷,口角琐事纠纷,0.9
JSGW202505120206,#矛调类其他#水木清华住户向社区反映因保利置业楼盘建造造成噪音污染与房屋开裂，请相关部门协助调解,邻里纠纷,噪声污染,0.9
JSGW202505120209,#婚姻家庭纠纷#奶奶称自己孙子经常无故殴打自己，社区上门调解未果请镇街相关部门协助处理。,治安隐患纠纷,家庭婚姻纠纷,0.9
JSGW202505120215,#矛调类其他：董博苑业主因垃圾问题与保洁发生纠纷，村委会相关人员进行初步调解未果，请镇相关部门协助处理。#,物业管理纠纷,公共秩序纠纷,0.9
JSGW202505120308,集港馨苑小区9幢403业主投诉楼上9幢503休息日装修，影响休息，物业多次上门沟通未果，请镇相关人员进行处理,物业管理纠纷,噪声污染,0.9
JSGW202505120313,#矛调类其他#因母亲去世，三兄妹争论财产分割问题,家庭婚姻纠纷,经济纠纷,0.9
JSGW202505120314,#婚姻家庭纠纷#迪赛缘园小区32幢78单元1103有家庭矛盾纠纷，社区调解无果，请镇街相关部门协助调解,公共秩序纠纷,家庭婚姻纠纷,0.9
JSGW202505120316,#矛调类其他#沿街商铺小区老板因垃圾分类点位问题与幸福里物业产生矛盾，请上级部门协助。,物业管理纠纷,环保纠纷,0.9
JSGW202505120318,幸福里商铺老板关于垃圾清运车一直从店门口过有意见，社区物业三方交谈为果，请升级部门进行协助处理。,物业管理纠纷,公共秩序纠纷,0.9
JSGW202505120324,#（一件事）纠纷#物业纠纷，有居民对董博苑物业停车费问题有异议，村里调解未果，请相关部门协助处理,公共秩序纠纷,物业管理纠纷,0.9
JSGW202505120329,方家新村11幢居民因为对门养的宠物随地大小便，引起楼道异味重发生争吵，村里多次协调，未果，请上级帮忙协调。,口角琐事纠纷,狗患纠纷,0.9
JSGW202505120332,陈某和徐某是婆媳关系，陈某一胎和二胎都是女儿，徐某一直希望要有一个孙子（加上三胎政策开放），为此事双方一直发生矛盾，村妇联一直调解未果。,家庭婚姻纠纷,家庭婚姻纠纷,0.9
JSGW202505120341,#（一件事）矛盾纠纷#群众反映后刘漕老年活动室赌博,治安隐患纠纷,公共秩序纠纷,0.9
JSGW202505120343,方家新村二期一户居民一直把自己的耕种工具堆放在公共区域的楼梯下，引起整幢居民的不满，村里协调多次，未果，请上级处理一下。,物业管理纠纷,公共秩序纠纷,0.9
JSGW202505120408,#婚姻家庭纠纷#妻子联系网格员及我村妇联反应丈夫因为家庭矛盾纠纷产生婚姻危机，村委会调解无果，请镇相关人员协助处理。,家庭婚姻纠纷,家庭婚姻纠纷,0.9
JSGW202505120415,#（文明检查）公共场所卫生-排查垃圾#沿街地面下水道味道重。引起周边群众不满，多次反映未果，还请镇性格部门处理。,邻里纠纷,环保纠纷,0.9
JSGW202505120417,#邻里纠纷：因最近气温有所上升，张某把车停在树荫一下，妨碍了董某出行。两人发生纠纷，村委会相关人员进行初步调解未果，请镇相关部门协助处理。#,公共秩序纠纷,邻里纠纷,0.9
JSGW202505120418,湖山村村民郑康德与邻居董世明因垃圾焚烧发生口角，经村委会调解未果，现请镇相关部门协助处理-#邻里纠纷#,口角琐事纠纷,口角琐事纠纷,0.9
JSGW202505120419,#邻里纠纷：董博苑居民向村委会反映，其邻居董某在家中养了两只金毛，懒于管理，时常清理不及时，风一吹，异味飘的整栋楼都能闻的到，影响到了正常生活。村委会相关人员多次进行调节未果，请镇相关部门协助处理。#,邻里纠纷,狗患纠纷,0.9
JSGW202505120421,#矛调类其他#集港馨苑业主反映，楼下大厅天花板脱落，物业不处理，请镇相关部门处理。,物业管理纠纷,物业管理纠纷,0.9
JSGW202505120501,报警人周震震（手机号码：177****5169）与周苡（手机号码：183****1463 ）工作内容不符合招聘是承诺的待遇产生纠纷。请劳动部门对接当事人，及时予以调解、仲裁、处理。,劳动人事（就业）纠纷,劳动人事（就业）纠纷,0.9
JSGW202505120502,报警人毛夏成（手机号码：151****6071）与张德江（手机号码：135****8722）有合租纠纷。请村社、物业加强关注。,物业管理纠纷,物业管理纠纷,0.9
JSGW202505120503,买卖二手车纠纷，（报警人吴豪，手机号码：188****9392）请工商部门对接当事人，组织调解、处理。,消费纠纷,消费纠纷,0.9
JSGW202505120504,劳资纠纷。（报警人陈桂彬，手机号码：195****8539）请劳动部门对接当事人，及时予以调解、仲裁、处理。,劳动人事（就业）纠纷,劳动人事（就业）纠纷,0.9
JSGW202505120505,男住户经常拿他人东西，疑似精神不太正常。（老婆陈雪清，手机号码：158****6236）请物业加强关注。,邻里纠纷,其他纠纷,0.9
JSGW202505120506,劳资纠纷。（报警人徐蔚敏，手机号码：133****9629）请劳动部门对接当事人，及时予以调解、仲裁、处理。,劳动人事（就业）纠纷,劳动人事（就业）纠纷,0.9
JSGW202505120507,两户人家因为停车问题，积怨已久，存在邻里纠纷。（报警电话：153****1779）,公共秩序纠纷,邻里纠纷,0.9
JSGW202505120508,怀疑3楼将垃圾扔他家门口，存在邻里纠纷。（报警电话：151****8717）请村/社组织调解、沟通，化解矛盾，加强关注。,公共秩序纠纷,邻里纠纷,0.9
JSGW202505120509,报警人屠燕飞（手机号码：130****9777）与对方林华（手机号：137****3239）因拖车费引起纠纷。请村社加强关注。,消费纠纷,消费纠纷,0.9
JSGW202505120510,工伤纠纷。（报警电话：133****7356）请劳动部门对接当事人，及时予以调解、仲裁、处理。,经济纠纷,劳动人事（就业）纠纷,0.9
JSGW202505120511,劳资纠纷。（报警人王文于，手机号码：138****1577；对方王小艳，手机号：198****6799）请劳动部门对接当事人，及时予以调解、仲裁、处理。,劳动人事（就业）纠纷,劳动人事（就业）纠纷,0.9
JSGW202505120512,棋牌室打牌、说话声音扰民，已多次报警，存在邻里纠纷，请村社、物业及时提醒店家注意，加强关注。,公共秩序纠纷,邻里纠纷,0.9
JSGW202505120515,棋牌室打麻将声音扰民。村里邻里矛盾，请物业加强关注，及时提醒店家注意。,物业管理纠纷,噪声污染,0.9
JSGW202505120516,楼下装修声音很大，噪音扰民，存在邻里纠纷。（报警电话：199****2615）请村/社组织调解、沟通，化解矛盾，，提醒业主在规定时间内装修，加强关注。,物业管理纠纷,噪声污染,0.9
JSGW202505120517,当事人张海桃（男，42岁，重庆市武隆区人，暂住：横街镇东村2-57-1，电话：131****0088）与当事人徐菊飞（女，42岁，集仕港镇广昇村华家人，电话：134****4261）双方因离婚后孩子的抚养费有纠纷，男方存在扬言情况。,公共秩序纠纷,家庭婚姻纠纷,0.9
JSGW202505120518,报警人李锦（女，25岁，湖南省张家界市永定区人，暂住：集士港镇井亭社区井亭家园25幢90单元208室，手机号133****3496）反映丈夫周宁波（男，27岁，贵州省遵义市播州区人，暂住：集士港镇井亭社区井亭家园25幢90单元208室，手机号198****6229）家暴。请村/社组织调解、沟通，化解矛盾，加强关注；妇联介入，提供相应帮助及法律咨询。,土地森林草场水利等纠纷,家庭婚姻纠纷,0.9
JSGW202505120519,刘小芳（女，45岁，浙江省象山县，手机号：180****3919）怀疑老公曹世成（男，47岁，河南省信阳市浉河区，现住：集士港镇广蔺社区日葵路550号，手机号：180****6666）跟他人同居，存在夫妻感情纠纷，请村社、物业加强关注。,公共秩序纠纷,情感纠纷,0.9
JSGW202505120520,报警人郭晚情（女，23岁，河南省宁陵县人，电话180****0912）与男朋友杨昌庆（男，40岁，电话159****8985）有感情纠纷，请村社、物业加强关注。,物业管理纠纷,情感纠纷,0.9
JSGW202505120522,当事人姜敏阁（女，35岁，河南省襄城县人，暂住：集士港镇丰成村工贸二路66号-212室，手机号158****6172）与前男友张露露（男，37岁，安徽省阜阳市颍东区人，暂住：集士港镇卖面桥村袁家漕头12号，手机号189****0035）有男女感情纠纷，请村社、物业加强关注。,公共秩序纠纷,情感纠纷,0.9
JSGW202505130001,我打了一辆顺风车，与司机因路线问题发生纠纷。175****5653 #非警务#纠纷事项#司乘（代驾）问题#报警电话:175****5653,消费纠纷,消费纠纷,0.9
JSGW202505130002,打了出租车，因为费用问题和司机有纠纷，现在去往聚财路聚财家园路上，电话184****9164 #非警务#纠纷事项#司乘（代驾）问题#报警电话:184****9164,消费纠纷,消费纠纷,0.9
JSGW202505130003,打了出租车，因为费用问题和司机有纠纷，现在去往聚财路聚财家园路上，电话184****9164（报警电话133****6107来电催促，称现在聚财路美艺彩印厂门口） #非警务#纠纷事项#司乘（代驾）问题#报警电话:184****9164,消费纠纷,消费纠纷,0.9
JSGW202505130004,我好心打车把我朋友送过来，朋友不给我车费，有纠纷。186****8243 #非警务#纠纷事项#经济（债务）问题#报警电话:186****8243,消费纠纷,债务纠纷,0.9
JSGW202505130005,我好心打车把我朋友送过来，朋友不给我车费，有纠纷。186****8243。后来电催促。 #非警务#纠纷事项#经济（债务）问题#报警电话:186****8243,消费纠纷,债务纠纷,0.9
JSGW202505130006,我们要不到工资，现在没钱吃饭。189****7276 #非警务#纠纷事项#劳资问题#报警电话:189****7276,劳动人事（就业）纠纷,劳动人事（就业）纠纷,0.9
JSGW202505130007,对方厂里不给我们加工费有纠纷189****9086 #非警务#纠纷事项#经济（债务）问题#报警电话:189****9086,劳动人事（就业）纠纷,劳动人事（就业）纠纷,0.9
JSGW202505130008,我在店里和别人聊天，老板和老板的妈妈不爱听，双方有纠纷130****8910 #非警务#纠纷事项#其他纠纷事项#报警电话:130****8910,消费纠纷,口角琐事纠纷,0.9
JSGW202505130009,我办联通卡，对方一定要我办第三张卡，但是我不需要，报警人：186****7903 #非警务#纠纷事项#消费问题#报警电话:186****7903,消费纠纷,消费纠纷,0.9
JSGW202505130010,150****9872对方吃饭不付钱，双方在一起有纠纷需要处理 #非警务#纠纷事项#消费问题#报警电话:150****9872,消费纠纷,消费纠纷,0.9
JSGW202505130011,老板叫来对方工人干活，对方不会电焊，我们就找了电焊工，因为后其电焊费问题引起纠纷157****7158 #非警务#纠纷事项#其他纠纷事项#报警电话:157****7158,其他纠纷,劳动人事（就业）纠纷,0.9
JSGW202505130012,130****5161：我在这里做装修，跟房东有纠纷，具体什么纠纷不肯说，需要调解 #非警务#纠纷事项#其他纠纷事项#报警电话:130****5161,经济纠纷,其他纠纷,0.9
JSGW202505130013,商家报：与顾客在交易二手车过程中有纠纷，双方有合同，需要调解176****2127 #非警务#纠纷事项#经济（债务）问题#报警电话:176****2127,消费纠纷,消费纠纷,0.9
JSGW202505130014,130****5161：我在这里做装修，跟房东有纠纷，具体什么纠纷不肯说，需要调解。（再次来电称还是需要街道工作人员上门调解。）（辅助下单） #非警务#纠纷事项#其他纠纷事项#报警电话:130****5161,经济纠纷,工程施工纠纷,0.9
JSGW202505130102,吕某和胡某是邻居，这次吕某家屋顶翻漏，在此过程中估计施工人员不注意，导致胡某家的屋顶有所破坏，造成漏雨现象。加上2家本来关系就一直紧张，就此事双方就开始了口角，村委会调解未果，望镇矛调中心协调处理。,经济纠纷,损害赔偿纠纷,0.9
JSGW202505130103,#邻里纠纷#井亭家园北区4幢居民反映有本幢住户将冰箱放在地下车库使用，不仅存在用电安全隐患，且影响其他车辆进出，经社区调解未果，请镇相关部门协助调解。,物业管理纠纷,邻里纠纷,0.9
JSGW202505130104,#邻里纠纷#井亭家园北区3幢居民反馈有出租房经常垃圾乱扔放在门口，楼道内臭气熏天，经社区调解未果，请镇相关部门协助调解,邻里纠纷,公共秩序纠纷,0.9
JSGW202505130105,#邻里纠纷#网格员接到半岛悦城居民来电要求调解漏水纠纷，社区调解未果，请镇相关部门进行处理。,邻里纠纷,邻里纠纷,0.9
JSGW202505130110,#邻里纠纷#井亭社区网格员接到居民来访，要求调解邻里关于噪音的矛盾，社区调解未果，请镇相关部门处理。,邻里纠纷,噪声污染,0.9
JSGW202505130117,#邻里纠纷#网格员在本辖区内巡逻发现西二巷8号在按装空调中发邻居发生矛盾纠纷，村委会协调未结果，请镇相关部门协调处理,邻里纠纷,邻里纠纷,0.9
JSGW202505130119,#邻里纠纷#祝家桥村绿叶新村29号，自家门前搭建灶台做饭，做饭时产生的油烟对隔壁邻居造成影响，造成两家矛盾升级。,邻里纠纷,邻里纠纷,0.9
JSGW202505130120,岳童村童家横村民任某与婆婆长期一起居住，婆婆年龄较大早晨起来声音大，长期影响她睡眠质量不好，心情郁闷，导致婆媳矛盾，经村调解无果，需镇调解委员会介入,家庭婚姻纠纷,邻里纠纷,0.9
JSGW202505130124,方家28幢一户人家方某，因为停车问题跟同一幢的钱某发生矛盾。钱某停车总是不规范，横着斜着乱停，说了多次，因28幢前停车位有限，所以总起争执。,公共秩序纠纷,邻里纠纷,0.9
JSGW202505130129,#邻里纠纷#井亭家园小区居民反馈，楼下商铺晚上营业的时候声音特别吵，经常搬运大物件，影响居民晚上休息，社区调解未果，请镇街相关部门协助调解。,物业管理纠纷,噪声污染,0.9
JSGW202505130131,网格员排查明仕丽庭小区，发现1幢1单元602室房屋漏水渗漏到楼下502室，502室业主要求赔偿损失，602室业主不出现不配合引起矛盾，网格员无法调解，需要社区联系相关部门来调解,物业管理纠纷,损害赔偿纠纷,0.9
JSGW202505130132,#邻里纠纷：董博苑小区有个老太婆是个戏曲爱好者，她经常在白天唱戏曲，有时晚上还大声播放戏曲，声音超级大。周围邻居多次上门沟通，请求她降低音量，考虑一下大家的休息时间。但她不仅不听，还变本加厉，依然我行我素，导致整个楼道的居民都对他怨声载道，邻里关系变得十分紧张。村委会相关人员进行初步调解未果，请镇相关部门协助处理。#,物业管理纠纷,噪声污染,0.9
JSGW202505130135,#邻里纠纷#小区业主因停车问题与水木清华小区物业产生矛盾，请求上级部门协助。,公共秩序纠纷,物业管理纠纷,0.9
JSGW202505130136,#邻里纠纷#格兰春晨二期小区陈某投诉隔壁邻居空调外机声音太大，给她造成严重影响，请求上级部门协助。,物业管理纠纷,噪声污染,0.9
JSGW202505130207,#邻里纠纷#万科20幢有业主反映，邻居在门口堆放杂物影响自己生活，切多次沟通无效，请镇相关人员进行处理。,公共秩序纠纷,邻里纠纷,0.9
JSGW202505130213,岳童家园陈某与张某因楼上楼下晒衣服水没有拧干，多次发生口角，经村调解无果请镇相关部门协助处理。,口角琐事纠纷,口角琐事纠纷,0.9
JSGW202505130219,#邻里纠纷#网格员在走访过程中，发现项家新村无物业小区有居民在公共道路圈养家禽，邻居投诉鸡鸭导致卫生环境乱脏差，味道难闻从而发生矛盾纠纷，网格员现场了解情况后，上报相关部门进行调解处理。,公共秩序纠纷,环保纠纷,0.9
JSGW202505130226,元禾别墅，关于装修垃圾乱堆放的邻里纠纷问题，网格员现场了解情况，无法调解，请上级部门协助调解-#邻里纠纷#,邻里纠纷,邻里纠纷,0.9
JSGW202505130228,#邻里纠纷：一位居民养了一只大型犬，却经常不牵绳在小区里遛狗。这只狗不仅随地大小便，还经常追逐小区里的老人和小孩，吓得大家惊慌失措。其他邻居多次向狗主人反映，希望他能文明养宠，牵好狗绳并及时清理粪便。但狗主人却不以为然，认为自己的狗很温顺，不会伤人，还指责邻居们大惊小怪。有一次，这只狗甚至咬伤了一个小孩，狗主人却拒绝承担责任，还与小孩的家长发生激烈争吵。这一系列事件导致小区里很多居民都对狗主人心怀不满，大家都尽量避免与他接触，邻里关系变得极为恶劣。村委会相关人员进行初步调解未果，请镇相关部门协助处理。#,经济纠纷,狗患纠纷,0.9
JSGW202505130230,#邻里纠纷：小区停车位紧张，有一户人家经常将自己的车停在两个车位中间，或者堵住其他车辆的通道，导致其他邻居停车非常困难。当被其他车主提醒时，他总是以各种理由推脱，要么说自己只是临时停一下，要么说找不到合适的车位。有一次，一位邻居因为着急上班，车被他堵住出不来，邻居请求他挪车，他却迟迟不来，导致邻居上班迟到。这件事引发了双方的激烈冲突，周围邻居也因为停车问题争吵不断。村委会相关人员进行初步调解未果，请镇相关部门协助处理。#,经济纠纷,公共秩序纠纷,0.9
JSGW202505130231,#（一件事）矛盾纠纷;（一件事）纠纷#小区业主因家中门锁被撬，与物业发生矛盾，请求上级门协助。,物业管理纠纷,物业管理纠纷,0.9
JSGW202505130232,#邻里纠纷#水木清华25-201与楼上住户因为噪音问题产生纠纷，请上级部门进行协商处理,邻里纠纷,噪声污染,0.9
JSGW202505130233,#邻里纠纷#居民反应邻居家在连廊上放满了盆栽，社区上门调解无果请镇街相关部门协助处理。,邻里纠纷,邻里纠纷,0.9
JSGW202505130234,#邻里纠纷#商铺业主反应楼上居民在露台安装洗手台导致楼下商铺漏水，社区上门调解未果请镇街相关部门协助处理。,工程施工纠纷,邻里纠纷,0.9
JSGW202505130237,#邻里纠纷#岳童家园业主来村物业反应，讲楼上装修尘土经常掉下来，为此发生口角，村物业调解无果，需请镇协助调解,口角琐事纠纷,工程施工纠纷,0.9
JSGW202505130303,朱某和孟某是邻居，朱某家的空调外机热风直吹孟某家的窗户，天气有开始热起来了，2家就此事又要开始口角之争。,口角琐事纠纷,邻里纠纷,0.9
JSGW202505130312,网格员在辖区内巡逻发现，施工单位在按装下水管时，影响里面小孩午睡，村委会协调未结果，请镇相关部门协调处理,工程施工纠纷,噪声污染,0.9
JSGW202505130313,方家新村29幢401，因为五楼总是把未甩干的衣服直接拿出来晾，导致401阳台外打湿又总有滴答声。双方发生矛盾。,邻里纠纷,邻里纠纷,0.9
JSGW202505130315,#邻里纠纷#万科2期19幢有居民反映楼上的空调外机，有时会滴水，晚上影响自己休息，多次调解未果，请镇相关部门进行处理。,邻里纠纷,邻里纠纷,0.9
JSGW202505130317,#（一件事）养犬-重点管理区：未以犬链有效管控犬只#居民反映邻居在小区遛狗不拴好狗绳，每次吓得自己小孩哇哇哭。多次提议拴好狗绳，对方不听，于是双方发生激烈的争吵。网格员调解后对方不听劝，需要镇处理,口角琐事纠纷,狗患纠纷,0.9
JSGW202505130320,集贸新苑小区业主反映，菜场三六九集市有摊位进场太早，噪音影响休息，多次找物业反映也没有得到解决，望有关部门介入处理。,邻里纠纷,噪声污染,0.9
JSGW202505130322,#损害赔偿纠纷#网格员走访发现碧桂园3幢6单元1403室厨房区域涉水严重，需要上级部门调解处置,物业管理纠纷,损害赔偿纠纷,0.9
JSGW202505130324,香槟水郡小区一居民投诉邻居在走廊内堆满了纸箱，堵住了消防通道，让走廊脏乱不堪，联系社区进行调解。,消防隐患纠纷,消防隐患纠纷,0.9
JSGW202505130326,#邻里纠纷：楼上的住户在装修时没有做好卫生间的防水处理，导致楼下邻居家的天花板开始出现水渍、墙皮脱落。楼下邻居发现后，第一时间上楼友好沟通，希望他们能尽快解决。然而，楼上住户却拒不承认是自己的问题，坚称是房屋质量问题或者是楼下邻居家自己不小心弄湿的。双方为此争吵不断，楼下邻居无奈只能找物业协调，可楼上住户还是百般推诿，甚至恶语相向。这一事件使得两家人见面就吵，原本融洽的邻里关系彻底破裂，周围邻居也被卷入这场纠纷，大家都觉得十分困扰。村委会相关人员进行初步调解未果，请镇相关部门协助处理。#,经济纠纷,邻里纠纷,0.9
JSGW202505130328,幸福里店铺老板一直拿车堵门，妨碍了垃圾运输车辆通过，经物业社区调解未果，现要求上级部门协助-#矛调类其他#,物业管理纠纷,街面秩序,0.9
JSGW202505130329,#邻里纠纷#幸福里小区业主投诉楼上漏水，家里被水淹了，经物业社区协调未果，现要求上级部门协助处理,物业管理纠纷,损害赔偿纠纷,0.9
JSGW202505130330,#邻里纠纷#格兰春晨二期小区业主投诉楼上漏水，导致他家墙面潮湿，需要楼上赔偿，请上级部门协商处理,经济纠纷,损害赔偿纠纷,0.9
JSGW202505130331,#邻里纠纷#格兰春晨二期小区有居民投诉，隔壁邻居在门口走廊上堆放大量杂物，有严重安全隐患，投诉物业处理不及时，请求上级部门协助,公共秩序纠纷,物业管理纠纷,0.9
JSGW202505130333,#邻里纠纷#井亭社区居民来社区反应，白色丰田车经常停车堵路，社区和物业也协调无果，需镇里帮忙调解,公共秩序纠纷,街面秩序,0.9
JSGW202505130401,井亭家园49幢居民反映楼上住户阳台养狗扰民，影响他正常生活，社区上门了解情况调解未果，请镇相关人员进行处理！,狗患纠纷,狗患纠纷,0.9
JSGW202505130402,#邻里纠纷#井亭社区网格员接到居民来访，要求对该幢楼外墙安装空调外机，存在安全隐患的问题进行调解，社区调解未果，请镇相关部门处理。,工程施工纠纷,邻里纠纷,0.9
JSGW202505130406,孙某，女，年龄80有余，子女长期不在身边。孙某一直购买保健品，这次5月过节，孙某的子女得知孙某购买了一个床垫，需要1万余元，她的子女认为孙某受骗了，需要把床垫退回，把钱退给孙某。就此事发生了口角，村委会协调未果，望镇矛调中心协调处理。,治安隐患纠纷,消费纠纷,0.9
JSGW202505130407,曹家的一外来人员秦某，被邻居的猫抓伤，要求赔偿，双方就赔偿问题发生矛盾。,经济纠纷,损害赔偿纠纷,0.9
JSGW202505130410,#邻里纠纷#岳童家园业主来反应，对门住户厨房垃圾放在门口，污水流了一地，为此发生口角,口角琐事纠纷,公共秩序纠纷,0.9
JSGW202505130414,广昇村网格员在辖区内发现有二位村民因邻里纠纷闹矛盾，导致出手打人，经村委调解无果，请上级部门协助调解。-#邻里纠纷#,邻里纠纷,邻里纠纷,0.9
JSGW202505130415,据村民反映，西陆村堰头25号租户明天拍摄抖音到很晚，引起周边村民无法休息，经村里调解，25号租户会合理安排拍摄时间。,邻里纠纷,噪声污染,0.9
JSGW202505130416,#邻里纠纷#网格员接到幸福里小区有居民因房屋违规装修影响到其他业主的信息，双方就赔偿问题谈不妥当，需要相关部门协助处理。,物业管理纠纷,损害赔偿纠纷,0.9
JSGW202505130418,#邻里纠纷#小区业主因楼上漏水问题与邻居产生纠纷，请求上级部门协助。,物业管理纠纷,邻里纠纷,0.9
JSGW202505130419,#邻里纠纷#水木23幢202住户由于漏水问题和楼上住户发生纠纷，社区调解未果，请上级部门进行协商处理,邻里纠纷,邻里纠纷,0.9
JSGW202505130420,#邻里纠纷#水木清华小区5幢住户投诉楼上噪音问题影响孩子读书，社区调解未果，请上级部门进行协商处理,物业管理纠纷,噪声污染,0.9
JSGW202505130422,#邻里纠纷#居民反应楼上居民晚上声音太大，影响自己晚上休息，社区上门调解未果请镇街相关部门协助处理。,邻里纠纷,噪声污染,0.9
JSGW202505130423,#邻里纠纷#居民反应邻居在楼道堆放杂物，社区上门调解未果请镇街相关部门协助处理。,公共秩序纠纷,物业管理纠纷,0.9
JSGW202505130424,#邻里纠纷#格兰春晨二期小区网格员接到居民投诉，投诉楼上业主晚上扰民，导致他们无法正常入睡，物业和社区协调几次，无法解决，请求上级部门协助。,物业管理纠纷,噪声污染,0.9
JSGW202505130601,报警人冉亚（手机号码：151****8619）与林诗诗（手机号码：151****8619）因租赁网约车有纠纷，请村社、物业加强关注。,物业管理纠纷,消费纠纷,0.9
JSGW202505130602,报警人刘宇（手机号码：130****6938）与曹智俊（手机号码：182****3637）因租房问题有纠纷，请村社、物业加强关注。,物业管理纠纷,房地产纠纷,0.9
JSGW202505130603,这户人家一直放戏曲的声音很吵扰民，存在邻里纠纷。（报警电话：153****1513）请村社加强关注，提醒住户注意音量。,邻里纠纷,噪声污染,0.9
JSGW202505140001,#婚姻家庭纠纷#我村有一老人因退休在家无所事事，闲暇之余看到某个保健品店可以免费领鸡蛋，时间久了被人忽悠每月购买几千块所谓的保健品，引起家庭矛盾，村内调解未果，请相关部门协助处理,消费纠纷,消费纠纷,0.9
JSGW202505140002,#邻里纠纷#村里有两位老人，年纪均已80岁以上，因为一块空置地块种植蔬菜引起口角，情绪激动，无法达成一致意见。请相关部门协助处理,口角琐事纠纷,土地森林草场水利等纠纷,0.9
JSGW202505140015,#邻里纠纷#金色城市13-302业主因13-301在连廊堆放杂物而矛盾，301业主认为这是她家私有的拒不配合清理，请镇里相关人员进行处理。,物业管理纠纷,邻里纠纷,0.9
JSGW202505140021,方家新村两户人家402和403，因为403装修，要把阳台扩一下，引发隔壁402不满，说影响结构。引起矛盾.,邻里纠纷,邻里纠纷,0.9
JSGW202505140026,#婚姻家庭纠纷#有群众因家庭婚姻纠纷产生口角 导致争吵 寻求村里帮助无果 希望上级一步部门协助处理解决,家庭婚姻纠纷,家庭婚姻纠纷,0.9
JSGW202505140030,#邻里纠纷#村民周某与吴某是邻居，周某在自家院子散养了五只鸡，因围栏破损未及时修理，鸡群多次进入吴某的菜园，啄食蔬菜，吴某多次提醒未果，将鸡扣留，双方发生口角并大打出手,经济纠纷,邻里纠纷,0.9
JSGW202505140107,水木清华小区一户业主家中被偷盗，投诉物业不作为，社区物业协调未果，请求上级协助,治安隐患纠纷,物业管理纠纷,0.9
JSGW202505140117,#邻里纠纷#金色城市10-801业主因楼上装修导致自己无法睡觉，不让人家装修，跑去和901业主吵架，物业协调无果，请镇里相关人员配合处理。,口角琐事纠纷,邻里纠纷,0.9
JSGW202505140119,方家小区一户人家四楼，他的楼上五楼总是晚上十点还在跳绳，说了几次无效。引发矛盾。,物业管理纠纷,噪声污染,0.9
JSGW202505140122,前街李某因屋后的空地杂草丛生，想着夏天到了清理一下，而且一旦下雨这个地方雨水冲下来，积了淤泥，但隔壁张某怕这样弄会影响他们家房子的安全，两人发生矛盾。,邻里纠纷,土地森林草场水利等纠纷,0.9
JSGW202505140123,东陈的陈某与妹妹小陈，因父母总是帮着陈某，赡养要一起感到不满而发什么矛盾。,家庭婚姻纠纷,家庭婚姻纠纷,0.9
JSGW202505140125,后街梁某，晒衣服拉了几条绳子，占了隔壁王某家的空地，因一点矛盾双方发生矛盾。,公共秩序纠纷,邻里纠纷,0.9
JSGW202505140127,后街张某和王某带小孩，因小朋友调皮发生矛盾，引起大人矛盾。,家庭婚姻纠纷,口角琐事纠纷,0.9
JSGW202505140133,丹凤新村一户居民反应隔壁居民常常聚餐到半夜，交谈打闹声音非常大，严重影响他休息。,邻里纠纷,噪声污染,0.9
JSGW202505140202,#邻里纠纷#我村拆迁小区有一10楼住户因为晚上睡觉水龙头未关引起漏水，把9楼住户天花板淹了，现9楼住户要求10楼赔付3万人民币，在村委会调节下在赔偿金额上无法达成一致意见，希望相关部门协助处理,经济纠纷,损害赔偿纠纷,0.9
JSGW202505140211,#其他纠纷#流动摊贩在深溪村陈家主路上设置摊位，深溪村志愿者劝阻流动摊位主搬离，因流动摊贩主不肯搬离，与深溪村志愿者发生矛盾。,邻里纠纷,街面秩序,0.9
JSGW202505140215,#邻里纠纷#金色城市5-208因楼上308业主经常在家吵架打架，导致无法居住投诉到物业，物业人员与308沟通，但308业主觉得自己在家里发出声音和其他人没有关系，物业调节无果，请镇里相关人员进行处理。,治安隐患纠纷,口角琐事纠纷,0.9
JSGW202505140217,#矛调类其他#四明山村网格员巡查中发现24幢103住户谢其君，因在小区绿化内种农作物等与保安发生冲突，引起纠纷。,物业管理纠纷,邻里纠纷,0.9
JSGW202505140226,方家新村居民反应户外健身设备上常常挂衣服，影响他们锻炼，而且影响小区整体美观。,物业管理纠纷,其他纠纷,0.9
JSGW202505140232,#婚姻家庭纠纷#孙某独自承担孙女的抚养责任，其儿子原先每个月都会支付生活费。但自儿子交往新女友后就未再履行赡养义务，而且他多次与儿子沟通均遭其女友阻挠。今日他情绪失控，冲入厨房持菜刀威胁，扬言与儿子“同归于尽”，导致现场一度失控，屋内物品散落，场面混乱。,治安隐患纠纷,家庭婚姻纠纷,0.9
JSGW202505140303,幸福里小区11幢801业主投诉楼下701业主因私自改造管道造成家中进水，物业社区协调未果，请求相关部门协助。,工程施工纠纷,损害赔偿纠纷,0.9
JSGW202505140306,幸福里小区业主11幢102业主投诉四楼精神病患者经常私自乱扔物品到楼下公共区域，造成污染，社区物业协调未果，请求上级相关部门协助。,物业管理纠纷,其他纠纷,0.9
JSGW202505140321,后街翁某与张某的地是相邻的，张某觉得翁某种地越来越过来了，翁某否认，双方发生口角争执。,口角琐事纠纷,土地森林草场水利等纠纷,0.9
JSGW202505140325,有村民到村委会反应，隔壁外来人员养狗不拴链条，影响周边居民进出，麻烦有关部门处理一下。-#邻里纠纷#-,狗患纠纷,狗患纠纷,0.9
JSGW202505140401,有个人欠我钱不还，引起纠纷，要求处理，报警人电话：191****9701 #非警务#纠纷事项#经济（债务）问题#报警电话:191****9701,债务纠纷,债务纠纷,0.9
JSGW202505140402,这里有人乱拍我，不愿意删除，现在产生纠纷，报警人电话：137****3431 #非警务#纠纷事项#其他纠纷事项#报警电话:137****3431,其他纠纷,其他纠纷,0.9
JSGW202505140403,老板不给工资，现引起纠纷，联系电话195****8491（请出警单位或出警人员接到指令后5分钟内尽快联系报警人）。 #非警务#纠纷事项#劳资问题#报警电话:195****8491,劳动人事（就业）纠纷,劳动人事（就业）纠纷,0.9
JSGW202505140404,我是司机，因为车费问题与乘客有纠纷，现我们双方在派出所里面，要求处理，报警人电话：133****6839 #非警务#纠纷事项#司乘（代驾）问题#报警电话:133****6839,消费纠纷,消费纠纷,0.9
JSGW202505140405,有人租我房子，不给我租金，现在还不肯走，之前报过警的。报警人电话：131****5103 #非警务#纠纷事项#租赁问题#报警电话:131****5103,经济纠纷,债务纠纷,0.9
JSGW202505140406,#长效关注#上个星期五我在这里针灸拔火罐，回家后一直人不舒服，发烧，现在我来这里，他们不给我处理，引起纠纷。158****0353 #非警务#纠纷事项#医患问题#报警电话:158****0353,医疗纠纷,医疗纠纷,0.9
JSGW202505140407,有个病人之前发烧在我们医院看诊，现对方称我们没有给其看好，引起纠纷，报警人电话：136****1073 #非警务#纠纷事项#医患问题#报警电话:136****1073,医疗纠纷,医疗纠纷,0.9
JSGW202505140408,收废品的人报警：我从别人处收来的物品，这里有个人说是他的，双方引起纠纷。报警人：150****9128 #非警务#纠纷事项#其他纠纷事项#报警电话:150****9128,其他纠纷,其他纠纷,0.9
JSGW202505140409,我是租户，因为电费与房东有纠纷，报警人电话135****0419 #非警务#纠纷事项#租赁问题#报警电话:135****0419,经济纠纷,其他纠纷,0.9
JSGW202505140410,"我们双方打完官司，对方拦着不让我走，双方发生纠纷，报警人电话136****7136
重复报警:报警时间:2025-05-14 16:36:08, 报警电话:136****7136, 联系电话:136****7136, 报警内容:我们双方打完官司，对方拦着不让我走，双方发生纠纷，报警人电话136****7136
重复报警:报警时间:2025-05-14 16:54:59, 报警电话:136****7136, 联系电话:136****7136, 报警内容:来电催促 #非警务#纠纷事项#其他纠纷事项#报警电话:136****7136",其他纠纷,其他纠纷,0.9
JSGW202505140411,153****2882报：对方欠我钱不还，双方在场，需要调解 #非警务#纠纷事项#经济（债务）问题#报警电话:153****2882,债务纠纷,债务纠纷,0.9
JSGW202505140412,因应聘人员不符合要求，我不录用对方。对方要求我报销车费，现在不肯离开，需要调解180****1238 #非警务#纠纷事项#劳资问题#报警电话:180****1238,劳动人事（就业）纠纷,劳动人事（就业）纠纷,0.9
JSGW202505140501,劳资纠纷。（报警人王业祥，手机号码：189****7276；唐总，手机号码：135****6902）请劳动部门对接当事人，及时予以调解、仲裁、处理。,劳动人事（就业）纠纷,劳动人事（就业）纠纷,0.9
JSGW202505140504,顺丰站点，推货物和撞击声声音很大扰民，存在邻里纠纷。请村社加强关注，物业做好劝导工作。（报警电话：159****3077）,物业管理纠纷,噪声污染,0.9
JSGW202505140505,张娇娇（女，32岁，集士港镇井亭家园37幢132号203室，手机158****3701）的婆婆与103住户张仁敖（男，83岁，集士港镇董家桥村人，手机号：150****6146）因停车问题存在邻里纠纷，请村/社组织调解、沟通，化解矛盾，加强关注。,公共秩序纠纷,邻里纠纷,0.9
JSGW202505140506,当事人兰海华（男，32岁，重庆市忠县人，手机号：131****6596）的儿子兰钦宇（男，12岁，重庆市忠县人，手机号：131****6596）与现妻子姚双双（女，39岁，手机号：156****1589）有家庭纠纷，兰钦宇有扬言情况，兰海华有不想抚养儿子兰钦宇的想法，请村社、物业加强关注，妇联等镇相关部门及时介入处理。,物业管理纠纷,家庭婚姻纠纷,0.9
JSGW202505140507,住户周诗梦（女，25岁，户籍：横街镇，手机132****1697）报警称母亲王丹亚（女，47岁，户籍：横街镇，手机130****4527）把其关在门外不让其进，还拿刀要劈她，疑似其母亲有暴力倾向，请村社、物业加强关注，镇相关部门予以关注。,家庭婚姻纠纷,家庭婚姻纠纷,0.9
JSGW202505150005,#征地拆迁纠纷#科茂路南侧绿化征地涉及零星作物的理赔诉求。,经济纠纷,征地拆迁纠纷,0.9
JSGW202505150006,领秀熙城，关于13幢22单元上下楼高空抛物的邻里纠纷问题，网格员现场了解情况，无法调解，请上级部门协助调解-#邻里纠纷#2,邻里纠纷,邻里纠纷,0.9
JSGW202505150010,#邻里纠纷#祝家桥村陈家车自然村两户邻居因下水道出口堵塞造成污水无法排除产生矛盾。,公共秩序纠纷,邻里纠纷,0.9
JSGW202505150016,井亭小区16幢楼上楼下因为养狗导致的噪音扰民等问题，社区调解未果，请镇相关人员进行处理-#邻里纠纷#,狗患纠纷,狗患纠纷,0.9
JSGW202505150017,井亭家园33幢因楼上住户管道漏水，导致楼下天花板墙面渗水，引发财产损失，社区调解未果，请镇相关人员进行处理-#邻里纠纷#,经济纠纷,损害赔偿纠纷,0.9
JSGW202505150019,"有井亭家园7幢居民反应隔壁住户的大型犬日夜狂吠，影响周围居民休息，多次投诉后狗主人态度恶劣，双方发生激烈争吵，甚至报警处理。  
-#邻里纠纷#",口角琐事纠纷,狗患纠纷,0.9
JSGW202505150021,井亭家园16幢地下室门口垃圾随意堆放，影响正常人员车辆通行，邻里矛盾突出，社区调解未果，请镇相关人员进行处理-#邻里纠纷#,公共秩序纠纷,公共秩序纠纷,0.9
JSGW202505150022,村民一直向村里反应集士北路在道路拓宽工程中，把他家里的下水管堵塞，村协调未果，需要镇里协调处理。,公共秩序纠纷,工程施工纠纷,0.9
JSGW202505150023,徐某和杜某为了一块空地种菜，吵得喋喋不休，村委会协商未果，需要镇矛调中心协调处理。,邻里纠纷,土地森林草场水利等纠纷,0.9
JSGW202505150025,陈某和林某是邻居，陈某年纪较轻，而且朋友多，晚上一直吵到林某休息，一直为此事争吵，村委会协调未果，望镇矛调中心协调处理。,邻里纠纷,邻里纠纷,0.9
JSGW202505150028,今天上午，网格员在巡查过程中发现华家自然村华某地里种的土豆被被外地人偷人正在偷挖，二人发生矛盾，请相关部门调解处理。,经济纠纷,其他纠纷,0.9
JSGW202505150029,方某家的狗生了幼崽，陈某家的孩子觉得好玩在逗，不小心被方某家的母狗咬伤，就赔偿问题发生口角，村委会协调未果，需要镇矛调中心协调处理。,经济纠纷,损害赔偿纠纷,0.9
JSGW202505150030,顾家港自然村一户人家早上遛狗遇到张某，狗一直朝着张某叫，吓到了张某，引起矛盾。,狗患纠纷,狗患纠纷,0.9
JSGW202505150031,顾家港有外地租户每次习惯把洗衣水，洗脚水 ，洗菜水等全部泼到门口 ，影响邻居通行，双方发生口角。,公共秩序纠纷,口角琐事纠纷,0.9
JSGW202505150104,西鹤楼四幢三楼深夜扰民，社区多次沟通没有效果，望相关部门介入,邻里纠纷,噪声污染,0.9
JSGW202505150106,领秀熙城，关于26幢77单元10楼的楼道乱堆放杂物的邻里纠纷问题，网格员现场了解情况，无法调解，请上级部门协助调解-#邻里纠纷#1,物业管理纠纷,邻里纠纷,0.9
JSGW202505150109,#邻里纠纷#祝家桥村张家桥自然村两户邻居因共同拥有的墙的归属问题产生矛盾。,邻里纠纷,邻里纠纷,0.9
JSGW202505150110,领秀熙城，关于27幢80单元门口有居民遛狗未牵狗绳的邻里纠纷问题，网格员现场了解情况，无法调解，请上级部门协助调解-#邻里纠纷#,公共秩序纠纷,狗患纠纷,0.9
JSGW202505150117,"紫御 铭园 3 幢 502  住户因 602 楼上漏水导致天花板发霉、家具受损，多次沟通无果，楼上业主推卸责任，双方争执不下，请镇相关人员处理。
-#邻里纠纷#",经济纠纷,邻里纠纷,0.9
JSGW202505150119,陈家漕苑5幢3楼家住着一个5岁孩子经常要跑跑跳跳，2楼住着张大爷，为此事（孩子跑跳）的噪音扰民发生纠纷。,邻里纠纷,噪声污染,0.9
JSGW202505150121,陈某家的油烟器排气口对准胡某家，为此事双方一直在争吵，村委会协调未果，望镇矛调中心协调处理。,口角琐事纠纷,邻里纠纷,0.9
JSGW202505150122,#邻里纠纷#因邻里琐事产生纠纷寻求村社人员帮助协助调解，调解未果希望上级部门进一步协助处理,邻里纠纷,邻里纠纷,0.9
JSGW202505150124,#邻里纠纷#有村民到村委会反应，隔壁邻居经常把车停在他家后门，影响进出，引起矛盾纠纷，麻烦有关部门协调处理一下。,邻里纠纷,邻里纠纷,0.9
JSGW202505150204,集士东楼1幢3楼漏水不维修，引发邻里矛盾，社区多次调解无果，望相关部门介入,邻里纠纷,邻里纠纷,0.9
JSGW202505150205,#矛调类其他# 流动摊贩在深溪村陈家主路上设置摊位，深溪村志愿者劝阻流动摊位主搬离，因流动摊贩主不肯搬离，与深溪村志愿者发生矛盾。,邻里纠纷,街面秩序,0.9
JSGW202505150208,紫御铭园小区14幢6楼居民投诉楼上空调水流到自家阳台，多次调解未果，请镇相关部门处理。,物业管理纠纷,邻里纠纷,0.9
JSGW202505150209,集港馨苑小区5幢606室业主投诉对门5幢605室业主把仓鼠养在过道上，气味很重，影响正常生活，物业多次上门沟通未果，请镇相关人员进行处理,物业管理纠纷,邻里纠纷,0.9
JSGW202505150216,明馨社区网格员收到投诉反映，明仕丽庭小区3幢2楼和3楼因为漏水问题，造成邻里矛盾纠纷，一直还在在调节。-#邻里纠纷#,物业管理纠纷,邻里纠纷,0.9
JSGW202505150220,冯大爷家在装修，吵到了李小姐中午午睡，为此一直发生口角，村委会也协商未果，需要镇矛调中心协商处理。,口角琐事纠纷,口角琐事纠纷,0.9
JSGW202505150221,陈某这次在胡某家的菜地里偷菜，被胡某看到了，胡某就认为以前自己种的菜都是陈某偷的，需要赔偿。陈某不同意，村委会协调未果，需要镇矛调中心协调处理。,经济纠纷,其他纠纷,0.9
JSGW202505150222,朱某向村妇联来反应，她家隔壁邻居一直要打骂自己的孩子，有时候特别过分。村妇联会持续关注，望镇妇联也密切关注。,口角琐事纠纷,口角琐事纠纷,0.9
JSGW202505150231,姚家自然村外地的租户总是蹲在门外面进行炒菜，特喜欢炒辣椒，烟雾总是飘到隔壁，影响邻居 ，双方产生矛盾。,邻里纠纷,邻里纠纷,0.9
JSGW202505150306,西鹤楼3号楼楼道堆积较多杂物引发邻里矛盾，望相关部门介入,物业管理纠纷,邻里纠纷,0.9
JSGW202505150307,赵家弄6号的居民放纵宠物狗随地大小便，影响卫生，引发邻里矛盾，望相关部门介入,狗患纠纷,狗患纠纷,0.9
JSGW202505150311,#邻里纠纷#网格员接到双银村徐家村民郑华贵投诉其邻居梅吉文经常半夜大声外放短视频打扰其作息时间需相关人员介入处理噪音问题,邻里纠纷,噪声污染,0.9
JSGW202505150317,"有居民反应，紫御铭园7幢402住户长期在楼道堆放废品，阻碍通行且存在火灾隐患，物业多次提醒无效，最终402与401爆发激烈争吵，险些动手。  
-#邻里纠纷#",治安隐患纠纷,邻里纠纷,0.9
JSGW202505150318,网格员在巡查过程中，集士西路在拆除房子，附近居民抱怨因房子拆除，动静大，噪音大，而且造成房子漏水处越来越多，要求要说法。,邻里纠纷,噪声污染,0.9
JSGW202505150320,明馨社区网格员接到矛盾纠纷，和宾府居民与物业就房屋外墙脱落问题引起纠纷，要求处理，多次调解，还没有解决。,物业管理纠纷,物业管理纠纷,0.9
JSGW202505150323,姚家自然村村民姚某隔壁人家张某晚上很晚还在唱歌，影响到姚某睡觉，姚某前去说了后， 还是没有改正，双方发生矛盾。,邻里纠纷,噪声污染,0.9
JSGW202505150401,老板拖欠我工资。135****1125 #非警务#纠纷事项#劳资问题#报警电话:135****1125,劳动人事（就业）纠纷,劳动人事（就业）纠纷,0.9
JSGW202505150402,来电称这里有经济纠纷，需要处理。报警人：158****3187。 #非警务#纠纷事项#经济（债务）问题#报警电话:158****3187,债务纠纷,经济纠纷,0.9
JSGW202505150403,"我们来这里干活，工时和工钱与说好的不一致，引起纠纷。报警人电话：133****4272
重复报警:报警时间:2025-05-15 09:32:34, 报警电话:133****4272, 联系电话:133****4272, 报警内容:我们来这里干活，工时和工钱与说好的不一致，引起纠纷。报警人电话：133****4272（09:44古林镇87457484来电反馈系集士港所辖区） #非警务#纠纷事项#劳资问题#报警电话:133****4272",劳动人事（就业）纠纷,劳动人事（就业）纠纷,0.9
JSGW202505150404,三天前就是因为吵架，报过警。对方把我手机摔坏，现因为手机赔偿问题，引起纠纷。155****1880 #非警务#纠纷事项#其他纠纷事项#报警电话:155****1880,其他纠纷,经济纠纷,0.9
JSGW202505150405,昨天也反映过的：因应聘人员不符合要求，我不录用对方。对方要求我报销车费，现在不肯离开，需要调解，现在对方又过来闹了，赖着不走。报警人电话：180****1238 #非警务#纠纷事项#劳资问题#报警电话:180****1238,劳动人事（就业）纠纷,劳动人事（就业）纠纷,0.9
JSGW202505150406,原先的店铺转让了，冲的卡不让用了引起纠纷138****6100 #非警务#纠纷事项#消费问题#报警电话:138****6100,消费纠纷,消费纠纷,0.9
JSGW202505150407,我是租户，因为电费与房东有纠纷，报警人电话135****0419 #非警务#纠纷事项#租赁问题#报警电话:135****0419,经济纠纷,其他纠纷,0.9
JSGW202505150408,我在理发店充了钱，现在对方不承认，还不给我们退钱，166****0059 #非警务#纠纷事项#消费问题#报警电话:166****0059,消费纠纷,消费纠纷,0.9
JSGW202505150409,我是顺风车，乘客定位目的地错了，到了目的地乘客不肯下车，引起纠纷，报警人电话：183****6002。 #非警务#纠纷事项#司乘（代驾）问题#报警电话:183****6002,消费纠纷,消费纠纷,0.9
JSGW202505150410,我租车跑滴滴，因为我的流水没有达到5000元，租车公司把我的拖车了，还扣了我曹操平台上的钱。135****4914 #非警务#纠纷事项#租赁问题#报警电话:135****4914,经济纠纷,消费纠纷,0.9
JSGW202505150411,有辆轿车堵路，车主在现场不肯移车，引起纠纷。139****1184 #非警务#纠纷事项#其他纠纷事项#报警电话:139****1184,经济纠纷,街面秩序,0.9
JSGW202505150412,有顾客因为充值的问题，在我们店里超，有纠纷，报警人电话：138****2213 #非警务#纠纷事项#消费问题#报警电话:138****2213,消费纠纷,消费纠纷,0.9
JSGW202505150413,报警人刚刚因为与顾客因为充值问题有纠纷的事情报过警，现来电催促，报警人电话：138****2213 #非警务#纠纷事项#消费问题#报警电话:138****2213,消费纠纷,消费纠纷,0.9
JSGW202505150414,#长效关注#我和父亲因为办理信用卡产生纠纷195****7093（请分局通知四平台） #非警务#纠纷事项#家庭婚姻感情问题#报警电话:195****7093,家庭婚姻纠纷,家庭婚姻纠纷,0.9
JSGW202505150501,报警人李须宇（男，15岁，河南省鹿邑县，暂住：集士港镇广昇村广昇新村5幢14单元806室，电话195****7523）因背书问题被老师王纯南（男，42岁，电话138****6689）打了两个巴掌。（李须宇妈妈佟广芝，电话199****0905）请校辅室予以关注，镇相关部门予以关注。,涉校园纠纷,涉校园纠纷,0.9
JSGW202505150504,劳资纠纷。（报警人张鹏鹏，手机号码：195****8491；对方何向楠，手机号：151****6080）请劳动部门对接当事人，及时予以调解、仲裁、处理。,劳动人事（就业）纠纷,劳动人事（就业）纠纷,0.9
JSGW202505150505,有房东有电费纠纷。（报警人张方明，手机号码：135****0419）请村社加强关注。,物业管理纠纷,其他纠纷,0.9
JSGW202505160005,#邻里纠纷#有村民到村委会反应，邻居家种的树叶掉下来，经常堵塞住他家屋顶的天沟，导致屋内墙面受潮发霉，麻烦有关部门协调处理一下。,邻里纠纷,邻里纠纷,0.9
JSGW202505160006,#邻里纠纷#岳童文化礼堂老年人搓小麻将娱乐中，因言语不当，为此发生口角，推倒老人，村社物业调解无果，需请镇调解委员会介入,经济纠纷,口角琐事纠纷,0.9
JSGW202505160007,#邻里纠纷#万科金色城市小区业主反映邻里空调设备噪音，影响严重。请镇相关部门处理。,邻里纠纷,噪声污染,0.9
JSGW202505160010,#邻里纠纷#网格员在巡查过程中，发现有一户人家在装修，而装修建筑垃圾随处乱扔，导致邻里关系不好，请调解人员介入处理。,邻里纠纷,公共秩序纠纷,0.9
JSGW202505160114,#邻里纠纷：因楼上小张家小孩跑来跑去，影响楼下休息。村委会相关人员进行初步调解未果，请镇相关部门协助处理。#,邻里纠纷,邻里纠纷,0.9
JSGW202505160116,#邻里纠纷：董某楼道堆放杂物堵塞通道，张某多次与董某沟通未果，村委会相关人员进行初步调解未果，请镇相关部门协助处理。#,物业管理纠纷,邻里纠纷,0.9
JSGW202505160118,明馨社区网格员接到矛盾纠纷，和宾府居民邻里之间就门口走廊养狗问题引起纠纷，要求处理，多次调解，还没有解决。,公共秩序纠纷,狗患纠纷,0.9
JSGW202505160121,#婚姻家庭纠纷#网格员在巡查过程中发现有一对夫妻在楼下对骂，有好心人上前劝阻拉开二人，还在破口大骂。请调解人员介入。,家庭婚姻纠纷,家庭婚姻纠纷,0.9
JSGW202505160201,有个人在路上低头捡东西，我按喇叭提醒对方，对方用东西丢我的车子，有纠纷，报警人电话：176****8311 #非警务#纠纷事项#其他纠纷事项#报警电话:176****8311,交通事故纠纷,口角琐事纠纷,0.9
JSGW202505160202,老板不发工资引起纠纷。158****6415 #非警务#纠纷事项#劳资问题#报警电话:158****6415,劳动人事（就业）纠纷,劳动人事（就业）纠纷,0.9
JSGW202505160203,对方称找银行帮我们放一笔贷款，去年对方没帮我们弄下来，后银行联系我们称帮我们贷款，现对方来找我要钱，双方有纠纷189****4034 #非警务#纠纷事项#金融问题#报警电话:189****4034,金融纠纷,金融纠纷,0.9
JSGW202505160204,对方称找银行帮我们放一笔贷款，去年对方没帮我们弄下来，后银行联系我们称帮我们贷款，现对方来找我要钱，双方有纠纷189****4034 #非警务#纠纷事项#金融问题#报警电话:189****4034,金融纠纷,金融纠纷,0.9
JSGW202505160205,对方不给我结算工资发生纠纷198****3991 #非警务#纠纷事项#劳资问题#报警电话:198****3991,劳动人事（就业）纠纷,劳动人事（就业）纠纷,0.9
JSGW202505160206,我在这家店已租代购买了电动摩托车，因为店家没有告知开电摩要有驾驶证，现要退钱有纠纷，电话：197****7911 #非警务#纠纷事项#消费问题#报警电话:197****7911,经济纠纷,消费纠纷,0.9
JSGW202505160207,辅助：我在这家店已租代购买了电动摩托车，因为店家没有告知开电摩要有驾驶证，现要退钱有纠纷，电话：197****7911 #非警务#纠纷事项#消费问题#报警电话:197****7911,经济纠纷,消费纠纷,0.9
JSGW202505160302,湖山村村民朱蓬骑电瓶车路过朱浪漕桥口与骑电瓶车的郑斌，因桥面窄小两车发生碰撞，引发两人产生口角相持不下，经村委会调解，各自表示对对方的谦意握手言和。-#邻里纠纷#,经济纠纷,交通事故纠纷,0.9
JSGW202505160303,#邻里纠纷#井亭家园11幢居民反应楼上小朋友吵闹影响休息，社区多次调解未果，希望相关部门处理,邻里纠纷,邻里纠纷,0.9
JSGW202505160309,#邻里纠纷#井亭家园小区居民反馈，楼下商铺晚上营业的时候声音特别吵，还会搬运大物件，影响居民休息，社区调解未果，请镇街相关部门协助调解。,物业管理纠纷,噪声污染,0.9
JSGW202505160310,#邻里纠纷：宠物狗在楼道随地大小便，主人不清理。村委会相关人员进行初步调解未果，请镇相关部门协助处理。#,狗患纠纷,狗患纠纷,0.9
JSGW202505160315,#（一件事）养犬#网格员在巡查过程中发现，狗子没有牵绳，看见人就串起来狂吠，很是吓人，附近居民多次跟狗主人反应都不见效，请调解人员介入。,狗患纠纷,狗患纠纷,0.9
JSGW202505160316,#（一件事）群租房#网格员在巡查过程中，发现一套三居室居住8个人，夜深人静的时候还发出很大的声音，导致楼下住户睡不好觉，请调解人员介入。,邻里纠纷,噪声污染,0.9
JSGW202505160404,#邻里纠纷：董博苑业主因垃圾问题与保洁发生纠纷，村委会相关人员进行初步调解未果，请镇相关部门协助处理。#,物业管理纠纷,公共秩序纠纷,0.9
JSGW202505160405,明馨社区网格员接到矛盾纠纷，和宾府小区居民邻里之间就进门口安装摄像头，认为侵犯他人隐私引起纠纷，要求处理，多次调解，还没有解决。,公共秩序纠纷,邻里纠纷,0.9
JSGW202505160409,秋实快速路施工中我村吴家自然村村民反映施工中噪音过大，影响他休息。需要相关部门规定工作时间。,工程施工纠纷,噪声污染,0.9
JSGW202505160501,劳资纠纷。（报警人王小波，手机号码：135****1125）请劳动部门对接当事人，及时予以调解、仲裁、处理。,劳动人事（就业）纠纷,劳动人事（就业）纠纷,0.9
JSGW202505160502,劳资纠纷。（报警人宋令春，手机号码：158****3187；对方手机号：153****9615）请劳动部门对接当事人，及时予以调解、仲裁、处理。,劳动人事（就业）纠纷,劳动人事（就业）纠纷,0.9
JSGW202505160503,劳资纠纷。（报警人邓富强，手机号码：133****4272；张只富，手机号码：152****0045）请劳动部门对接当事人，及时予以调解、仲裁、处理。,劳动人事（就业）纠纷,劳动人事（就业）纠纷,0.9
JSGW202505160505,劳资纠纷。（报警人刘永梅，报警电话：138****2213，对方王佳芬，手机号码：132****4806）请劳动部门对接当事人，及时予以调解、仲裁、处理。,劳动人事（就业）纠纷,劳动人事（就业）纠纷,0.9
JSGW202505160507,报警人贾晓敏（女，32岁，陕西省，电话：157****6558）系产妇（于5月5日生产），因产后情绪不佳与婆婆金卫萍（女，58岁，电话：131****7282）有纠纷。丈夫裘泽楷（电话：130****2820），请村社、物业加强关注。,物业管理纠纷,家庭婚姻纠纷,0.9
JSGW202505170001,这里有人划着船在这里电鱼，要举报。 130****7993 #非警务#林水管理#其它林水管理#报警电话:130****7993,环保纠纷,土地森林草场水利等纠纷,0.9
JSGW202505170002,老板不给我工资，报警人在现场，老板不在现场，引起纠纷158****2003 #非警务#纠纷事项#劳资问题#报警电话:158****2003,劳动人事（就业）纠纷,劳动人事（就业）纠纷,0.9
JSGW202505170003,198****9123报：因早上的交通事故，现在对方家属说没有钱，在这里吵，不让我离开 #非警务#纠纷事项#其他纠纷事项#报警电话:198****9123,交通事故纠纷,交通事故纠纷,0.9
JSGW202505170004,因为网约车的合同问题有纠纷，需要处理      131****2888 #非警务#纠纷事项#司乘（代驾）问题#报警电话:131****2888,消费纠纷,消费纠纷,0.9
JSGW202505170005,#长效关注#我要搬家，我老公不想离婚，不让我搬家，现在挡在门前不让我走，引起纠纷130****2424 #非警务#纠纷事项#家庭婚姻感情问题#报警电话:130****2424,家庭婚姻纠纷,家庭婚姻纠纷,0.9
JSGW202505170006,顾客拿黄金吊坠的时候不小心掉地上了，现在不愿意赔付，引起纠纷，电话133****3224 #非警务#纠纷事项#消费问题#报警电话:133****3224,消费纠纷,消费纠纷,0.9
JSGW202505170007,因为送外卖一天的工作量太大我不想干了，现在不给我工资，引起纠纷。180****2196 #非警务#纠纷事项#劳资问题#报警电话:180****2196,消费纠纷,劳动人事（就业）纠纷,0.9
JSGW202505170008,#长效关注#与家里人吵架，情绪激动，快打起来了，一直在催促快点到场，原因不清 #非警务#纠纷事项#家庭婚姻感情问题#报警电话:173****2987,家庭婚姻纠纷,家庭婚姻纠纷,0.9
JSGW202505170009,我吐在了出租车上，赔了对方30元，对方不愿意，绊了我一脚，有纠纷137****3867 #非警务#纠纷事项#司乘（代驾）问题#报警电话:137****3867,消费纠纷,消费纠纷,0.9
JSGW202505170010,我是网约车司机，乘客吐我车门上，乘客擦干净后，乘客非带我洗车，双方有纠纷，195****8442 #非警务#纠纷事项#司乘（代驾）问题#报警电话:195****8442,消费纠纷,消费纠纷,0.9
JSGW202505180001,网约车司机报：因为开错路引起纠纷。131****0272 #非警务#纠纷事项#司乘（代驾）问题#报警电话:131****0272,消费纠纷,消费纠纷,0.9
JSGW202505180002,乘客报警：出租车司机没把我送到目的地就停了159****1073 #非警务#纠纷事项#司乘（代驾）问题#报警电话:159****1073,消费纠纷,消费纠纷,0.9
JSGW202505180003,辅助单：乘客报警：出租车司机没把我送到目的地就停了159****1073 #非警务#纠纷事项#司乘（代驾）问题#报警电话:159****1073,消费纠纷,消费纠纷,0.9
JSGW202505180004,#长效关注#这户人家家里在吵架，往窗外扔东西，我路过时差点砸到我推车里的女儿，需要协调。131****9311 #非警务#纠纷事项#邻里问题#报警电话:131****9311,邻里纠纷,邻里纠纷,0.9
JSGW202505180005,昨天在厂里，推粽子的推拉车碰到我，受伤看医生的事情和领导交涉，引起纠纷。175****1885 #非警务#纠纷事项#劳资问题#报警电话:175****1885,劳动人事（就业）纠纷,劳动人事（就业）纠纷,0.9
JSGW202505180006,有车主故意堵路，双方在一起。131****8868 #非警务#纠纷事项#其他纠纷事项#报警电话:131****8868,公共秩序纠纷,街面秩序,0.9
JSGW202505180007,昨天在厂里，推粽子的推拉车碰到我，受伤看医生的事情和领导交涉，引起纠纷。175****1885 #非警务#纠纷事项#劳资问题#报警电话:175****1885,劳动人事（就业）纠纷,劳动人事（就业）纠纷,0.9
JSGW202505180008,#长效关注#公共停车场被对方占了不让引起纠纷，电话186****0701。 #非警务#纠纷事项#其他纠纷事项#报警电话:186****0701,邻里纠纷,街面秩序,0.9
JSGW202505180009,155****7370报：在店里充值会员卡，店员说已经换了老板，说我下次再来消费的话要我再付500元，需要调解 #非警务#纠纷事项#消费问题#报警电话:155****7370,消费纠纷,消费纠纷,0.9
JSGW202505180010,工资问题，双方发生纠纷 189****2733 #非警务#纠纷事项#劳资问题#报警电话:189****2733,劳动人事（就业）纠纷,劳动人事（就业）纠纷,0.9
JSGW202505180301,#婚姻家庭纠纷#与家里人吵架，情绪激动，快打起来了，一直在催促快点到场,治安隐患纠纷,家庭婚姻纠纷,0.9
JSGW202505190001,乘客来电：我大车钱已经付过了，现在到了目的地，出租车（浙BDT1575）司机又问我收钱，有纠纷131****8981（已电告海曙分局） #非警务#纠纷事项#司乘（代驾）问题#报警电话:131****8981,消费纠纷,消费纠纷,0.9
JSGW202505190002,老板拖欠我老婆工资，我在现场，老板不在现场，引起纠纷131****1309 #非警务#纠纷事项#劳资问题#报警电话:131****1309,劳动人事（就业）纠纷,劳动人事（就业）纠纷,0.9
JSGW202505190003,我在这边上班几天，工资不发，183****1005 #非警务#纠纷事项#劳资问题#报警电话:183****1005,劳动人事（就业）纠纷,劳动人事（就业）纠纷,0.9
JSGW202505190004,我充了钱，店里说是换老板了，不让我做了，有纠纷，136****8139 #非警务#纠纷事项#消费问题#报警电话:136****8139,消费纠纷,消费纠纷,0.9
JSGW202505190005,我来找工作，该公司要我交保险费与体检费，我不肯交，对方不录用我，报警人电话：155****3131 #非警务#纠纷事项#劳资问题#报警电话:155****3131,劳动人事（就业）纠纷,劳动人事（就业）纠纷,0.9
JSGW202505190006,保安合同到期不想走，说要打我引起纠纷。报警人电话：186****1221 #非警务#纠纷事项#其他纠纷事项#报警电话:186****1221,劳动人事（就业）纠纷,劳动人事（就业）纠纷,0.9
JSGW202505190007,#长效关注#我住在1107室，我的被子晒在阳台上，楼上1207室在装修，导致我的被子上全是水泥浆，楼上住户不管。131****9533 #非警务#纠纷事项#邻里问题#报警电话:131****9533,邻里纠纷,邻里纠纷,0.9
JSGW202505190008,我退租了，房客要我赔窗帘，现引起纠纷，联系电话198****6944 #非警务#纠纷事项#租赁问题#报警电话:198****6944,经济纠纷,消费纠纷,0.9
JSGW202505190009,因为工作问题引起，厨师长拉着我，我腿被拉伤了，120不要，双方产生纠纷。131****2779 #非警务#纠纷事项#其他纠纷事项#报警电话:131****2779,劳动人事（就业）纠纷,劳动人事（就业）纠纷,0.9
JSGW202505190010,房东称我把地板泡水了，不退我租房押金，现我在现场，需要处理。182****9061 #非警务#纠纷事项#租赁问题#报警电话:182****9061,经济纠纷,消费纠纷,0.9
JSGW202505190102,香槟水郡小区内2幢14楼居民投诉4楼居民养的狗晚上吵闹，影响居民休息，造成矛盾纠纷，希望村社进行处理调解。,狗患纠纷,狗患纠纷,0.9
JSGW202505190104,#邻里纠纷#井亭家园南区65幢102发现楼上202晚上很吵闹，影响休息，告知物业，物业联系202未果，202拒不配合处理，请镇里相关部门协助处理，谢谢。,物业管理纠纷,噪声污染,0.9
JSGW202505190108,#邻里纠纷#丰成新村1幢住户楼上晒衣服滴水影响楼下住户，邻里之间矛盾不可调和，请上级予以协助处理。,邻里纠纷,邻里纠纷,0.9
JSGW202505190109,#矛调类其他#丰成新村有群众反映群租房存在乱拉线现象，请上级部门处理。,邻里纠纷,其他纠纷,0.9
JSGW202505190110,明仕丽庭小区45楼道有两住户因漏水问题发生矛盾纠纷，多次协调无果，向社区寻求帮助,物业管理纠纷,邻里纠纷,0.9
JSGW202505190111,明仕丽庭小区有私家车占用他人固定车位，引发车主争执，向网格员寻求帮助,物业管理纠纷,街面秩序,0.9
JSGW202505190113,#矛调类其他#网格员巡查发现碧桂园幸福里沿街商铺润佳超市和幸福里业委会因商铺续租合同问题调解无果，需要上级部门处置,物业管理纠纷,房地产纠纷,0.9
JSGW202505190114,因陆某在骑电动车时刮擦林某停在本村新学校晒场车辆，经本村调解未果，现上报镇有关部门。,经济纠纷,交通事故纠纷,0.9
JSGW202505190115,因陈某租住在我村内，其居住为老房子，生活用水未通下水道，对邻居张某生活造成影响，引发口角，经村调解未果，现上报镇有关部门进行处理。,口角琐事纠纷,邻里纠纷,0.9
JSGW202505190202,橄榄树雅苑3幢1楼住户家里多次下水道污水返渗，对于物业处理不满，引起矛盾纠纷，希望相关进行处理,物业管理纠纷,物业管理纠纷,0.9
JSGW202505190206,网格员接到何家佳苑3号楼居民刘女士电话，称口袋里养了只狗，不仅味道大，而且小狗经常半夜乱叫很扰民，邻居们多次和小狗主人沟通无果，被迫无奈的刘女士只好求助网格员。随后网格员赶往现场把刘女士和小狗主人孙阿姨叫到了一起，可是方面沟通无果，先请相关部门人员出面一起调解此事,狗患纠纷,狗患纠纷,0.9
JSGW202505190210,#邻里纠纷#网格员在双银村接到村民潘崇飞举报其邻居胡永明恶意将垃圾丢至自己家门口引发矛盾需派人调解,邻里纠纷,公共秩序纠纷,0.9
JSGW202505190212,网格员去何家佳苑巡查，有居民反映，邻居朱阿姨在楼道口停放自行车及大量杂物，不方便邻居们出行且存在一定安全隐患，入户劝解多次，朱阿姨一直推迟处理，因此双方发生多次的争吵，无奈之下朱阿姨只能找到网格员调解此事。网格员沟通无果，现请相关部门人员与网格员一起调解此事。,口角琐事纠纷,街面秩序,0.9
JSGW202505190215,广昇新村小区有个住户精神有点问题经常跟邻居吵架请处理一下。,口角琐事纠纷,邻里纠纷,0.9
JSGW202505190217,集贸新苑小区885楼道上下两户居民因为周末装修电钻噪音过大引发纠纷，物业协调不下，向网格员寻求帮助,物业管理纠纷,噪声污染,0.9
JSGW202505190221,#损害赔偿纠纷#网格员巡查发现保利明月春汀6幢406室厨房管道倒灌，导致306室全屋进水，地板被泡，调解无果，需要上级部门处置,邻里纠纷,损害赔偿纠纷,0.9
JSGW202505190222,王某租住于本村公房二楼，李某租住于本村公房三楼，因李某小孩晚上较吵，造成楼下王某生活困扰，产生口角，经本村调解未果，现上报镇有关部门进行处理。,口角琐事纠纷,噪声污染,0.9
JSGW202505190224,#邻里纠纷#岳童家园业主来反应，二楼租户客人较多，酒后大声聊天，直接影响楼下老年人睡觉,物业管理纠纷,口角琐事纠纷,0.9
JSGW202505190312,#邻里纠纷#网格员巡查发现水木清华小区18幢102室和202室因房屋渗水事情争辩，需要上级协调处置,邻里纠纷,邻里纠纷,0.9
JSGW202505190318,#劳动争议纠纷#童家横点村民反映在搭棚时工人因公负伤，产生矛盾纠纷，请求村委会给与调解。,经济纠纷,劳动人事（就业）纠纷,0.9
JSGW202505190402,橄榄树雅苑5幢两个邻居因为楼道堆放杂物引起矛盾纠纷，希望相关人员进行处理。,物业管理纠纷,邻里纠纷,0.9
JSGW202505190404,橄榄树雅苑商铺营业噪音过大，引起楼上邻居不满。造成矛盾纠纷，希望相关人员进行处理,公共秩序纠纷,噪声污染,0.9
JSGW202505190407,橄榄树雅苑幼儿园门口消防通道经常有车违规停放，影响幼儿园家长接送，引起矛盾纠纷，希望相关部门进行处理,消防隐患纠纷,街面秩序,0.9
JSGW202505190418,#婚姻家庭纠纷#丰成村村民两夫妻因家庭琐事争吵，经村里调解无果，请上级部门予以协助处理。,家庭婚姻纠纷,家庭婚姻纠纷,0.9
JSGW202505190424,#邻里纠纷#网格员巡查发现海西明月府1幢204室和304室因噪音矛盾调解无果，需要上级部门协调,邻里纠纷,噪声污染,0.9
JSGW202505190426,#邻里纠纷#网格员巡查发现水木清华小区21幢402室和403室因楼道公共区域侵占问题争吵，需要上级部门协调,口角琐事纠纷,邻里纠纷,0.9
JSGW202505190428,王某租住在我村，其朋友较多，经常在家聚餐，因聚餐时声音较大，造成邻居华某生活困扰，后产生口角，经本村调解未果，现上报镇有关部门进行处理。,邻里纠纷,口角琐事纠纷,0.9
JSGW202505190429,胡某因车辆停放造成邻居王某出行困难，后产生口角，经本村调解未果，现上报镇有关部门进行处理。,口角琐事纠纷,邻里纠纷,0.9
JSGW202505190501,工伤纠纷。（报警电话：175****1885）请劳动部门对接当事人，及时予以调解、仲裁、处理。,经济纠纷,劳动人事（就业）纠纷,0.9
JSGW202505190503,劳资纠纷，涉及人数较多。（报警电话：131****1309）请劳动部门对接当事人，及时予以调解、仲裁、处理。,劳动人事（就业）纠纷,劳动人事（就业）纠纷,0.9
JSGW202505190504,劳资纠纷。（报警人杨浩，手机号码：158****6415；对方苟靖，手机号：172****8066）请劳动部门对接当事人，及时予以调解、仲裁、处理。,劳动人事（就业）纠纷,劳动人事（就业）纠纷,0.9
JSGW202505190505,报警人舒林送（手机号码：189****4034）与黄卓雄（手机号：183****8312）有经济纠纷。请村社、物业加强关注。,物业管理纠纷,经济纠纷,0.9
JSGW202505190506,劳资纠纷。（报警人周成虎，手机号码：198****3991；对方胡奎元，手机号：152****4063）请劳动部门对接当事人，及时予以调解、仲裁、处理。,劳动人事（就业）纠纷,劳动人事（就业）纠纷,0.9
JSGW202505190508,劳资纠纷。（报警电话：158****2003）请劳动部门对接当事人，及时予以调解、仲裁、处理。,劳动人事（就业）纠纷,劳动人事（就业）纠纷,0.9
JSGW202505190509,报警人苏吉亮（手机号码：131****2888）与对方胡颖超（手机号：139****5674）因网约车租车合同问题有纠纷。请村社加强关注。,消费纠纷,消费纠纷,0.9
JSGW202505190510,有家庭纠纷，请村社、物业加强关注。（报警电话：130****2424）,物业管理纠纷,家庭婚姻纠纷,0.9
JSGW202505190511,报警人田乐（男，26岁，湖南省龙山县人，手机号码：173****2987）与对方田祖义（男，48岁，湖南省龙山县人，暂住：集士港镇祝家桥村庙桥头5号，手机号：180****3280）有家庭纠纷。请村社加强关注。,公共秩序纠纷,家庭婚姻纠纷,0.9
JSGW202505190514,报警人高清清（女，35岁，手机139****7835）反映老公黄红春（男，37岁，手机132****7281）家暴。请村/社组织调解、沟通，化解矛盾，加强关注；妇联介入，提供相应帮助及法律咨询。,家庭婚姻纠纷,家庭婚姻纠纷,0.9
JSGW202505190517,王利伟（男，33岁，河南省项城市人，手机号：188****1393，住址：古林镇张家潭村街面10-10号205）与前女友张红梅（女，36岁，四川省巴中市巴州区，暂住：集士港镇元禾村何家佳苑一号楼806，手机号：136****8745）有男女感情纠纷，请村社、物业加强关注。,公共秩序纠纷,情感纠纷,0.9
JSGW202505190520,报警人陆鹏（男，45岁，手机号187****5685）与女友黄兰英（女，38岁，四川省资阳市雁江区人，暂住：集士港镇横港村横港新家园20幢51号403室，手机号139****0959）有男女感情纠纷，女方有扬言情况，请村社、物业加强关注。,物业管理纠纷,情感纠纷,0.9
JSGW202505190521,报警人熊桂东（女，39岁，湖北省麻城市人，电话：138****0192）与对方林赟（男，46岁，电话：158****7700)有男女感情纠纷，请村社、物业加强关注。,物业管理纠纷,情感纠纷,0.9
JSGW202505190522,报警人俞明武（男，56岁，浙江省新昌县人，暂住集士港镇西陆村前柳漕41号，手机号133****7317）的老婆与俞明君（男，53岁，古林人，手机号130****2266）有债务纠纷，请村社加强关注。,家庭婚姻纠纷,债务纠纷,0.9
JSGW202505190523,周丽能（女，46岁，户籍：鄞州区姜山镇，手机号177****6547）与男朋友夏多军（男，40岁，江苏省昆山市人，手机号185****0503）有男女感情纠纷，请村社、物业加强关注。,物业管理纠纷,情感纠纷,0.9
JSGW202505190524,报警人温丽(女，30岁，江西省石城县人，电话：181****2381)与男友李涛(男，27岁，四川省南充市顺庆人，暂住：集士港镇卖面桥村聚才路1755号DD226，电话：151****6784)有男女感情纠纷，请村社、物业加强关注。,公共秩序纠纷,情感纠纷,0.9
JSGW202505190525,报警人袁芳芳（女，34岁，贵州省铜仁市万山区人，电话：181****9609）反映老公龙正章（男，25岁，贵州省镇远县人，电话：172****0713）家暴。请村/社组织调解、沟通，化解矛盾，加强关注；妇联介入，提供相应帮助及法律咨询。,土地森林草场水利等纠纷,家庭婚姻纠纷,0.9
JSGW202505200001,广昇新村小区5号楼203室住户李义浪，门卫保安小区墙体粉刷塌落叫他签字，他脑子不灵说保安收物业费后打电话110，警察上门调解了解情况后，是保安叫他签字，不是收物业费。,物业管理纠纷,其他纠纷,0.9
JSGW202505200007,缘园小区25幢两户业主因门口放鞋架问题发生争执，双方多次发生争吵，社区调解无果，请镇街相关部门协助调解。,口角琐事纠纷,邻里纠纷,0.9
JSGW202505200103,年华苑1幢209室和309室由于室外悬挂湿衣服而引起矛盾纠纷，社区调解无果，需要相关部门协助调解,邻里纠纷,邻里纠纷,0.9
JSGW202505200108,#邻里纠纷#汪某和林某因徒土地租赁边界划分不明起争执，从而引发口角，经本村调解未果，现上报镇有关部门进行处理。,口角琐事纠纷,土地森林草场水利等纠纷,0.9
JSGW202505200109,岳童村岳阳居民家门口经常被邻居私家车停车，阻挡该死居民出入，多次提醒无效，双方产生矛盾纠纷，经村调解无果，需镇调解委员会介入。,公共秩序纠纷,邻里纠纷,0.9
JSGW202505200201,#邻里纠纷#井亭家园12幢居民反映，楼上租户晚上噪音扰民，沟通无果，希望介入调解,邻里纠纷,噪声污染,0.9
JSGW202505200204,#外来租户徐某和姜某因租房问题发生纠纷，当事人姜某疑似有精神病，请相关部门协助处理。-#（一件事）群租房#,经济纠纷,房地产纠纷,0.9
JSGW202505200207,格兰小区1幢两户业主因楼下卫生问题发生争执，双方多次发生争吵，社区调解无果，请镇街相关部门协助调解-#邻里纠纷#,公共秩序纠纷,邻里纠纷,0.9
JSGW202505200210,#邻里纠纷#因李某房屋进行装修，施工时产生的噪音和灰尘对隔壁邻居陈某造成影响，从而引发口角，经本村调解未果，现上报镇有关部门进行处理。,口角琐事纠纷,邻里纠纷,0.9
JSGW202505200211,#邻里纠纷#因陈某饲养宠物狗，但未及时处理宠物在公共区域的排泄物，且气味难闻影响环境，邻居提出意见后，从而引发口角，经本村调解未果，现上报镇有关部门进行处理。,口角琐事纠纷,狗患纠纷,0.9
JSGW202505200212,#邻里纠纷#因张某房屋排水不合理，导致对林某造成影响，从而引发口角，经本村调解未果，现上报镇有关部门进行处理。,口角琐事纠纷,邻里纠纷,0.9
JSGW202505200304,杨某因带两个孩子事情繁琐，加上日常家务，和丈夫顾某发生争吵，后矛盾又涉及双方父母，村妇联及村委会调解未果，望镇矛调中心协调处理。,家庭婚姻纠纷,家庭婚姻纠纷,0.9
JSGW202505200310,"2025年5月19日小区物业接到反馈，20幢403室传出激烈争吵声。据了解，该户租客夫妻二人因家庭琐事发生争执，加之妻子当日心情不佳且饮酒较多，双方言语冲突较为激烈。当时室内还有在场朋友，因担心冲突升级，遂拨打110报警电话。同时，为以防突发状况，还拨打了120急救电话与119火警电话。
-#婚姻家庭纠纷#",消防隐患纠纷,家庭婚姻纠纷,0.9
JSGW202505200313,#邻里纠纷#因徐某租住在一楼为了生活方便，将鞋柜、电动车等物品摆在单元口，对楼上住户产生影响，从而引发口角，经本村调解未果，现上报镇有关部门进行处理。,口角琐事纠纷,邻里纠纷,0.9
JSGW202505200318,#婚姻家庭纠纷;邻里纠纷#有车停在商家店门口，商家让车主挪车对方不挪，还说他就要停在这里，两者引起矛盾纠纷,公共秩序纠纷,街面秩序,0.9
JSGW202505200401,老板不给我工资引起纠纷。158****3836 #非警务#纠纷事项#劳资问题#报警电话:158****3836,劳动人事（就业）纠纷,劳动人事（就业）纠纷,0.9
JSGW202505200402,报警人称他们干活老板不给工资。157****8670 #非警务#纠纷事项#劳资问题#报警电话:157****8670,劳动人事（就业）纠纷,劳动人事（就业）纠纷,0.9
JSGW202505200403,#长效关注#有车停在我店门口，我让车主挪车对方不挪，还说他就要停在这里130****1046 #非警务#纠纷事项#邻里问题#报警电话:130****1046,邻里纠纷,街面秩序,0.9
JSGW202505200404,我在这边买车，没讲清楚条款，要退款有纠纷135****9127 #非警务#纠纷事项#消费问题#报警电话:135****9127,消费纠纷,消费纠纷,0.9
JSGW202505200405,昨天在这里订了一辆二手车，交了押金，现在来试车，我想要退，对方不退押金。156****2827 #非警务#纠纷事项#消费问题#报警电话:156****2827,经济纠纷,消费纠纷,0.9
JSGW202505200406,快递员故意把我的快递给扔了，原因不清，双方有纠纷，135****6607 #非警务#纠纷事项#物流（快递）问题#报警电话:135****6607,消费纠纷,消费纠纷,0.9
JSGW202505200407,我是客户来做脸，现对方找理由不让我做，有纠纷187****8090 #非警务#纠纷事项#消费问题#报警电话:187****8090,消费纠纷,消费纠纷,0.9
JSGW202505200408,对方欠钱不还，有纠纷159****8196 #非警务#纠纷事项#经济（债务）问题#报警电话:159****8196,债务纠纷,债务纠纷,0.9
JSGW202505200409,我在这里办了卡，现在称换老板了，无法使用之前的卡有纠纷198****5776 #非警务#纠纷事项#消费问题#报警电话:198****5776,消费纠纷,消费纠纷,0.9
JSGW202505200410,老板拖欠工资不肯付，有劳资纠纷。报警人电话：131****1612 #非警务#纠纷事项#劳资问题#报警电话:131****1612,劳动人事（就业）纠纷,劳动人事（就业）纠纷,0.9
JSGW202505200411,我是租客，房东不退房租有纠纷，双方发生吵架。158****4989 #非警务#纠纷事项#租赁问题#报警电话:158****4989,经济纠纷,消费纠纷,0.9
JSGW202505200501,劳资纠纷。（报警人称任彩波，手机号码：183****1005）请劳动部门对接当事人，及时予以调解、仲裁、处理。,消费纠纷,劳动人事（就业）纠纷,0.9
JSGW202505200503,601室反映701室邻居每天早上3-4点开始，剁肉声音很大，噪音扰民，存在邻里纠纷，请村/社组织调解、沟通，化解矛盾，加强关注。（报警电话：133****7604）,邻里纠纷,噪声污染,0.9
JSGW202505210004,#（一件事）群租房#万科17幢3楼业主反映2楼租客晚上噪音扰民严重，沟通无果，请镇相关工作人员处理。,物业管理纠纷,噪声污染,0.9
JSGW202505210010,网格员接到居民的投诉。说领秀熙城小区28幢705室是一家小作坊，经常有机器噪音的声音，噪音严重扰民，影响周边的居民，网格员没有调解成功，请帮忙联系相关部门处理。,物业管理纠纷,噪声污染,0.9
JSGW202505210013,格兰小区17幢305和205因为楼道对方杂物问题发生争执，双方对次争吵，社区调解无果，请镇街相关部门协助调解-#邻里纠纷#,公共秩序纠纷,邻里纠纷,0.9
JSGW202505210101,老板拖欠工资不给，现我在上班处，报警人电话：176****7089 #非警务#纠纷事项#劳资问题#报警电话:176****7089,劳动人事（就业）纠纷,劳动人事（就业）纠纷,0.9
JSGW202505210102,我们签的三个第三方工作人员因为工资问题在医院闹事（集士港所723948来电称因劳资问题引起纠纷，属于四平台管辖）135****6847 #非警务#纠纷事项#劳资问题#报警电话:135****6847,劳动人事（就业）纠纷,劳动人事（就业）纠纷,0.9
JSGW202505210103,店员没有把老手机上的资料给我导到新手机上，还把手机里的资料弄丢了，还发现买的新手机是二手的，需要处理     132****1751 #非警务#纠纷事项#消费问题#报警电话:132****1751,消费纠纷,消费纠纷,0.9
JSGW202505210104,（辅助下单，催促）店员没有把老手机上的资料给我导到新手机上，还把手机里的资料弄丢了，还发现买的新手机是二手的，需要处理     132****1751 #非警务#纠纷事项#消费问题#报警电话:132****1751,消费纠纷,消费纠纷,0.9
JSGW202505210105,我买的二手车不能过户，现在对方寻找其他方式给我过户，但是要我承担费用。我不认可，需要调解132****0533 #非警务#纠纷事项#消费问题#报警电话:132****0533,经济纠纷,消费纠纷,0.9
JSGW202505210106,因餐费问题，双方发生纠纷 137****7613 #非警务#纠纷事项#消费问题#报警电话:137****7613,消费纠纷,消费纠纷,0.9
JSGW202505210107,176****5067顾客来电手机被商家刷机了，赔偿引起纠纷 #非警务#纠纷事项#消费问题#报警电话:176****5067,消费纠纷,消费纠纷,0.9
JSGW202505210108,快递员来电，我已经离职了，老板拖欠工资引起纠纷  187****0890 #非警务#纠纷事项#物流（快递）问题#报警电话:187****0890,劳动人事（就业）纠纷,劳动人事（就业）纠纷,0.9
JSGW202505210109,#长效关注#我在这里充卡了，商家不退款有纠纷159****6251 #非警务#纠纷事项#消费问题#报警电话:159****6251,消费纠纷,消费纠纷,0.9
JSGW202505210110,老板工资不发，双方协商不下182****0887 #非警务#纠纷事项#劳资问题#报警电话:182****0887,劳动人事（就业）纠纷,劳动人事（就业）纠纷,0.9
JSGW202505210111,四年前我向公司买了土方车，但是车子是在公司名下，现在公司的人说要告我，不让我开这个车，对方也没给我工资，报警人在事发地，对方不在，153****7168 #非警务#纠纷事项#劳资问题#报警电话:153****7168,其他纠纷,劳动人事（就业）纠纷,0.9
JSGW202505210112,我是顾客去取餐，因为对方态度不好产生口角纠纷157****6207 #非警务#纠纷事项#消费问题#报警电话:157****6207,消费纠纷,消费纠纷,0.9
JSGW202505210113,我是顾客去取餐，因为对方态度不好产生口角纠纷157****6207（报警人称因为派出所迟迟不到场，所以阻止古茗出餐了） #非警务#纠纷事项#消费问题#报警电话:157****6207,消费纠纷,消费纠纷,0.9
JSGW202505210201,后屠桥村民因婚姻问题引发矛盾纠纷，双方各执一词，经常吵架摔东西，影响周边村民日常生活，村协调不成，请镇相关部门及时处理,公共秩序纠纷,家庭婚姻纠纷,0.9
JSGW202505210215,格兰一期小区14幢103和303室因为楼上乱丢垃圾问题发生多次争执，社区调解无果，请镇街相关部门协助调解-#邻里纠纷#,公共秩序纠纷,邻里纠纷,0.9
JSGW202505210302,#邻里纠纷#16幢5楼业主在非规定时间进行装修施工，电钻声严重影响楼下4楼老人休息。4楼多次沟通无果，请镇相关部门及时处理。,工程施工纠纷,噪声污染,0.9
JSGW202505210306,#邻里纠纷#紫御铭园小区20幢低层业主在公共绿化带晾晒被褥，影响小区美观，遭高层业主投诉。物业上门沟通过，屡禁不止，请镇相关部门处理。,物业管理纠纷,物业管理纠纷,0.9
JSGW202505210307,青垫九河桥翁某在倒垃圾途中，因垃圾袋破裂，垃圾洒落在陈某的家门口前，且未清理，导致双方产生矛盾，希望相关部门帮忙管理一下,经济纠纷,公共秩序纠纷,0.9
JSGW202505210315,#邻里纠纷#童家横点村民因房前明堂晾晒衣服引起纠纷，村委会调解未果请镇相关部门进行处理,邻里纠纷,邻里纠纷,0.9
JSGW202505210406,明馨社区利时广场居民向社区网格员反应，邻居张奶奶遛狗不牵绳，屡劝不止，存在隐患，希望社区出面调解,狗患纠纷,狗患纠纷,0.9
JSGW202505210408,#邻里纠纷#井亭家园60幢205单元王女士反映家中鼠患，物业不处理。,物业管理纠纷,狗患纠纷,0.9
JSGW202505210410,西港九河桥周某因停车不当，导致翁某出行不便，双方产生矛盾，希望有关部门帮忙管理一下,公共秩序纠纷,邻里纠纷,0.9
JSGW202505210411,西港九河桥徐某养有宠物狗，且经常随地大小便，不予清理，张某多次提醒不听，因此双方产生矛盾，希望相关部门帮忙管理一下,狗患纠纷,狗患纠纷,0.9
JSGW202505210414,#邻里纠纷#岳童家园业主来反应，放在门岗的一箱快递(椰子)被小孩全部拿完，为此发生口角，村社物业调解无果，需请镇调解委员会介入,口角琐事纠纷,消费纠纷,0.9
JSGW202505210501,劳资纠纷。（报警人刘文涛，手机号码：158****3836；对方刘思胜，手机号：138****1821）请劳动部门对接当事人，及时予以调解、仲裁、处理。,劳动人事（就业）纠纷,劳动人事（就业）纠纷,0.9
JSGW202505210502,劳资纠纷。（报警电话：157****8670）请劳动部门对接当事人，及时予以调解、仲裁、处理。,劳动人事（就业）纠纷,劳动人事（就业）纠纷,0.9
JSGW202505210504,买卖二手车纠纷。（报警人桂清丰，手机号码：156****2827；对方马焕文，手机号：130****0922）请工商部门对接当事人，组织调解、处理。,消费纠纷,消费纠纷,0.9
JSGW202505210506,反映501装修扰民，存在邻里纠纷，请村社加强关注，提醒业主在规定时间内装修。（报警电话：173****7021）,物业管理纠纷,邻里纠纷,0.9
JSGW202505210507,反映金色城市2幢6单元704室噪音扰民，存在邻里纠纷，请物业加强关注，及时提醒业主在注意音量。（报警电话：139****6626）,物业管理纠纷,邻里纠纷,0.9
JSGW202505210509,租户当事人金微娟（女，17岁，四川省三台县，电话156****5802）与男朋友王安旭（男，18岁，河南省扶沟县人，电话130****0027）有男女感情纠纷，请村社、物业加强关注。女孩姐姐金玲（女，30岁，四川省三台县人，，电话136****0452）,物业管理纠纷,情感纠纷,0.9
JSGW202505210512,报警人门小梅（女，46岁，安徽省利辛县人，手机号158****8818）反映丈夫李峰（男，47岁，安徽省利辛县人，手机号137****5558）家暴。请村/社组织调解、沟通，化解矛盾，加强关注；妇联介入，提供相应帮助及法律咨询。,家庭婚姻纠纷,家庭婚姻纠纷,0.9
JSGW202505210513,报警人梁光珠（手机号135****6847）和工人徐国忠（手机号183****5817）、周平阳（手机号157****3639）、陈红甫（手机号133****7232）和第三方应佩芝（手机号135****3497）之间的劳资纠纷。请劳动部门对接当事人，及时予以调解、仲裁、处理。,劳动人事（就业）纠纷,劳动人事（就业）纠纷,0.9
JSGW202505220001,#长效关注#两夫妻因为感情纠纷吵架。189****5795 #非警务#纠纷事项#家庭婚姻感情问题#报警电话:189****5795,家庭婚姻纠纷,家庭婚姻纠纷,0.9
JSGW202505220002,我是网约车司机，乘客吐在我的车上不赔偿，还甩我的车门引起纠纷，188****6989 #非警务#纠纷事项#司乘（代驾）问题#报警电话:188****6989,消费纠纷,消费纠纷,0.9
JSGW202505220003,我找了装修公司装修，现在对方一直不给我们装修，产生纠纷，报警人电话：135****2727 #非警务#纠纷事项#消费问题#报警电话:135****2727,工程施工纠纷,消费纠纷,0.9
JSGW202505220004,我之前在这家充值了钱，现在发现老板跑了，新的店老板不承认，引起纠纷。139****7045 #非警务#纠纷事项#消费问题#报警电话:139****7045,经济纠纷,消费纠纷,0.9
JSGW202505220005,我在这里买的榴莲坏了，水果店不肯给我退，双方有纠纷138****6793 #非警务#纠纷事项#消费问题#报警电话:138****6793,消费纠纷,消费纠纷,0.9
JSGW202505220006,因为移车问题产生纠纷131****8000 #非警务#纠纷事项#其他纠纷事项#报警电话:131****8000,邻里纠纷,街面秩序,0.9
JSGW202505220007,我的快递丢失了，工作人员让我报警，报警人电话：132****1995 #非警务#纠纷事项#物流（快递）问题#报警电话:132****1995,消费纠纷,消费纠纷,0.9
JSGW202505220008,对方以找工作理由让我先交押金，现在不退我押金，产生纠纷，报警人电话：130****6731 #非警务#纠纷事项#劳资问题#报警电话:130****6731,消费纠纷,劳动人事（就业）纠纷,0.9
JSGW202505220009,我在这里存款，因金额与工作人员有纠纷，报警人电话130****6058 #非警务#纠纷事项#金融问题#报警电话:130****6058,金融纠纷,金融纠纷,0.9
JSGW202505220010,我在厂里上班时被厂里的筐子砸到了，现厂里无人负责，引起纠纷，报警人电话：151****9519. #非警务#纠纷事项#劳资问题#报警电话:151****9519,劳动人事（就业）纠纷,劳动人事（就业）纠纷,0.9
JSGW202505220011,130****1670报：我们的车子送到这里维修，店家用次品代替新品给我维修，我们在店门口需要调解 #非警务#纠纷事项#消费问题#报警电话:130****1670,经济纠纷,消费纠纷,0.9
JSGW202505220102,#邻里纠纷#井亭家园小区10幢有居民反映半夜楼上总是有噪音，影响居民正常休息，请镇相关部门处理,邻里纠纷,噪声污染,0.9
JSGW202505220105,桃花源郡小区12幢602室居民与12幢702室居民因装修扰民导致矛盾纠纷问题，请社区联系相关部门处理,物业管理纠纷,噪声污染,0.9
JSGW202505220109,#邻里纠纷#李某工作原因，经常半夜下班，导致到家后声音较大，影响隔壁王某休息，从而引发口角，经本村调解未果，现上报镇有关部门进行处理。,口角琐事纠纷,口角琐事纠纷,0.9
JSGW202505220203,#邻里纠纷#井亭家园南区658幢102发现楼上202漏水，自家天花板渗水发霉，联系202未果，202拒不配合处理，请镇里相关部门协助处理，谢谢。,邻里纠纷,邻里纠纷,0.9
JSGW202505220206,#邻里纠纷#井亭家园8幢有居民反映邻居在楼道里安装了摄像头，侵犯居民隐私，请镇相关部门处理,邻里纠纷,邻里纠纷,0.9
JSGW202505220218,#邻里纠纷#近日，德馨园小区2幢5号门一居民的小孩被同一个楼道内2楼一户居民的宠物猫抓破脸，养宠物的那户居民以对方没管好小孩为由，拒绝道歉，为此两家发生矛盾。,狗患纠纷,邻里纠纷,0.9
JSGW202505220301,#劳动争议纠纷#岳童村网格员在安全生产检查中发现业主与职工的劳动合同矛盾,物业管理纠纷,劳动人事（就业）纠纷,0.9
JSGW202505220305,#邻里纠纷#张某因朋友较多经常在家聚餐，导致隔壁李某被其吵闹无法正常休息，从而引发口角，经本村调解未果，现上报镇有关部门进行处理。,邻里纠纷,口角琐事纠纷,0.9
JSGW202505220310,广昇村网格员在巡查中发现有邻里纠纷，请上级领导联系相关人员进行处理。,邻里纠纷,邻里纠纷,0.9
JSGW202505220401,#邻里纠纷#网格员接到居民反馈，因晾晒衣服问题，小区居民造成口角纠纷，经社区协商后未果，请镇相关部门处理,口角琐事纠纷,口角琐事纠纷,0.9
JSGW202505220405,#邻里纠纷#林某因晾晒衣服时，未拧干衣物导致水滴落在楼下住户徐某的衣服上，从而引发口角，经本村调解未果，现上报镇有关部门进行处理。,口角琐事纠纷,口角琐事纠纷,0.9
JSGW202505220501,劳资纠纷。（报警电话：176****7089）请劳动部门对接当事人，及时予以调解、仲裁、处理。,劳动人事（就业）纠纷,劳动人事（就业）纠纷,0.9
JSGW202505220502,普济医院因第三方用人单位辞退员工有纠纷（报警人普济医院梁光珠，手机号码：135****6847；员工陈红甫，手机号码：133****7232、周平阳，手机号码：157****3639、徐国忠，手机号码：183****5817）。请劳动部门对接当事人，及时予以调解、仲裁、处理。,劳动人事（就业）纠纷,劳动人事（就业）纠纷,0.9
JSGW202505220504,买卖二手车纠纷。（报警人钟合伟，手机号码：132****0533；对方潘凯，手机号码：158****9083）请工商部门对接当事人，组织调解、处理。,消费纠纷,消费纠纷,0.9
JSGW202505220505,劳资纠纷。（报警人杨小波，手机号码：187****0890；对方杨玉娥，手机号码：139****6340）请劳动部门对接当事人，及时予以调解、仲裁、处理。,劳动人事（就业）纠纷,劳动人事（就业）纠纷,0.9
JSGW202505220506,报警人季鑫涛（手机号码：159****6251）与赵建军（手机号码：188****5666）因充值卡消费问题有纠纷。请工商部门对接当事人，组织调解、处理。,消费纠纷,消费纠纷,0.9
JSGW202505220507,劳资纠纷。（报警人黄照书，手机号码：182****0887；李培培，手机号码：159****5659）请劳动部门对接当事人，及时予以调解、仲裁、处理。,劳动人事（就业）纠纷,劳动人事（就业）纠纷,0.9
JSGW202505220508,有夫妻感情纠纷。（报警人任海涛，手机号码：189****5795）请物业加强关注。,物业管理纠纷,家庭婚姻纠纷,0.9
JSGW202505220509,302业主马晶磊（手机号159****6660）反映楼上402邻居王沥萍（手机号187****1680）空调噪音扰民，存在邻里纠纷。请村/社组织调解、沟通，化解矛盾，加强关注。,物业管理纠纷,噪声污染,0.9
JSGW202505220511,"当事人曹春晓（男，39岁，电话：159****5567）与当事人李春霞（女，36岁，电话：135****4066）有离婚夫妻财产纠纷。请村社、物业加强关注。
",物业管理纠纷,家庭婚姻纠纷,0.9
JSGW202505230006,#邻里纠纷#业主投诉，有人不文明遛狗，物业进行劝说无果，望镇府相关部门进行处理,狗患纠纷,狗患纠纷,0.9
JSGW202505230007,岳童村张某与刘某因门口田地自留地发生口角，村社调解无果,口角琐事纠纷,土地森林草场水利等纠纷,0.9
JSGW202505230008,岳童村村民鲍某和张某因院墙砌墙偏向张某这边，张某在墙壁上打钉鲍某不肯，发生口角，村社调解无果，需镇调解委员会介入。,口角琐事纠纷,邻里纠纷,0.9
JSGW202505230010,#228国道施工期间，周边居民反映施工噪音严重干扰了他们的日常生活，双方因此产生纠纷。#-#（一件事）矛盾纠纷#,工程施工纠纷,噪声污染,0.9
JSGW202505230011,#邻里纠纷#网格员日常走访发现邻里之间因为房屋地基问题，发生争吵，请相关人员及时调节处理,口角琐事纠纷,邻里纠纷,0.9
JSGW202505230014,#邻里纠纷#网格员接到双银村徐家村民求助，其邻居近期于门前养了几只家禽，地面卫生未清理干净，因天热散发异味，引起争执，帮忙沟通解决。,邻里纠纷,邻里纠纷,0.9
JSGW202505230021,迪赛缘园小区8幢402业主向物业投诉楼下302有噪音，影响休息，302业主表示未产生噪音，双方发生争吵，经物业和社区调解无果，请社区联系有关部门协助。-#邻里纠纷#,口角琐事纠纷,邻里纠纷,0.9
JSGW202505230104,#邻里纠纷#井亭家园南区73幢303发现楼上403早上很早开始装修，影响休息，告知物业，403拒不配合处理，请镇里相关部门协助处理，谢谢。,物业管理纠纷,工程施工纠纷,0.9
JSGW202505230111,两家邻居因宅基地界限的事儿有点矛盾，老李觉得老王盖房子的时候占了他家几厘米的地，两家就开始有点互相看不顺眼，经常有口角骂来骂去，经村委会调解无果，需镇调解委员会调解。,口角琐事纠纷,土地森林草场水利等纠纷,0.9
JSGW202505230112,#228国道施工期间，大型施工机械和重型车辆的行驶引发地面震动，对附近房屋的结构安全造成潜在风险。居民房屋因震动出现裂缝等安全隐患，从而与施工方产生纠纷。#-#损害赔偿纠纷#,经济纠纷,损害赔偿纠纷,0.9
JSGW202505230113,#邻里纠纷#网格员日常走访发现邻里间因为土地种植问题，发生矛盾争吵，请相关人员及时调节处理,口角琐事纠纷,土地森林草场水利等纠纷,0.9
JSGW202505230114,#损害赔偿纠纷#网格员日常巡查发现邻里间因为建房导致邻居家房屋开裂，发生争吵，请相关负责人及时调节,口角琐事纠纷,损害赔偿纠纷,0.9
JSGW202505230204,童某来村委会反应张某在他自由田边种农作物，因此两人有矛盾纠纷，经村委会调解无果，需镇调解委员会介入。,土地森林草场水利等纠纷,土地森林草场水利等纠纷,0.9
JSGW202505230205,#邻里纠纷#近日，网格长接到德馨园3幢3号门一居民投诉：其楼上邻居在双休日白天进行装修，多次反映后，仍不听劝，已影响她休息。,邻里纠纷,噪声污染,0.9
JSGW202505230209,张三与胡某因相邻土地的边界问题发生争执，双方对土地界限各抵一词，导致无法达成共识，经村委会调解无果，需镇调解委员会调解介入。,土地森林草场水利等纠纷,土地森林草场水利等纠纷,0.9
JSGW202505230210,#婚姻家庭纠纷#网格员日常走访发现夫妻间因为金钱矛盾，发生争吵，请相关负责人及时调解处理,家庭婚姻纠纷,家庭婚姻纠纷,0.9
JSGW202505230212,#损害赔偿纠纷#网格员日常巡查发现228国道施工期间响动严重影响周边村民日常生活，导致村民和施工队发生争吵，请相关人员及时调节处理,口角琐事纠纷,工程施工纠纷,0.9
JSGW202505230213,#邻里纠纷#网格员日常走访发现邻居间因为房屋地基问题发生纠纷，请相关负责人及时调节处理,邻里纠纷,土地森林草场水利等纠纷,0.9
JSGW202505230214,#邻里纠纷#岳童家园业主来反应，地下车库黑色越野车主多次乱停车，村物业调解无果，需请镇调解委介入,物业管理纠纷,邻里纠纷,0.9
JSGW202505230215,#邻里纠纷#网格员在走访过程中小区业主反应1幢有业主在小区内养鸡养鸭，影响周边居民生活。,物业管理纠纷,狗患纠纷,0.9
JSGW202505230301,"【预警信息：民转刑】问题描述：网上事项:浙江省宁波市海曙区集士港镇【郑佩佩】通过【浙里办】反映：家里已经装了隔音玻璃，还是抵不住集市的嘈扰。汽车随意进小区，肆无忌惮地摁喇叭。小区物业除了收物业费出现外，根本不存在。没有人维护秩序。没有人管理狂按汽车喇叭。这是符合现代城市建设的要求的么？(区级)。当事人信息：郑佩佩，常住人口，35，188****4867，鄞奉路43弄15号501室。信访系统2025-05-21已调处，请对矛盾纠纷调处后续情况进行跟踪回访,对后续可能存在的矛盾做进一步排查化解,切实将矛盾纠纷化解在萌芽状态,确保辖区稳定和谐。（来源：信访）",公共秩序纠纷,噪声污染,0.9
JSGW202505230302,报警人胡建林（手机号码：139****7045）在该店办的会员卡（4月24日刚充值的2000元）不让其使用有纠纷。请工商部门对接当事人，组织调解、处理。,公共秩序纠纷,消费纠纷,0.9
JSGW202505230303,劳资纠纷。（报警人金八路，手机号：178****3500；对方闫华伟，手机号：187****3047；工人小班组长童培养，手机号：133****7118）请劳动部门对接当事人，及时予以调解、仲裁、处理。,公共秩序纠纷,劳动人事（就业）纠纷,0.9
JSGW202505230403,#邻里纠纷#-绿叶新村，因邻居将花草种植到隔壁邻居门口导致矛盾纠纷。,公共秩序纠纷,邻里纠纷,0.9
JSGW202505230405,#邻里纠纷#楼上业主投诉楼上业主晒衣服不脱水，望政府相关部门进行处理,物业管理纠纷,邻里纠纷,0.9
JSGW202505230406,#邻里纠纷#楼下业主投诉楼上业主吵闹，望政府相关部门进行处理,物业管理纠纷,口角琐事纠纷,0.9
JSGW202505230413,格兰春晨1期小区4幢602和702因楼道堆放杂物问题，双方多次发生争吵，社区上门调解无果，请相关部门协助调解-#邻里纠纷#,口角琐事纠纷,邻里纠纷,0.9
JSGW202505230414,格兰春晨1期小区6幢201因楼下架空层有杂物堆放且有僵尸车，与物业沟通多次，物业未进行处理，社区进行调解无果，请相关部门协助处理-#邻里纠纷#,物业管理纠纷,物业管理纠纷,0.9
JSGW202505230501,有人在村里面的公共车位上装了很多地锁，导致我无法停车。135****6826 #非警务#纠纷事项#其他纠纷事项#报警电话:135****6826,邻里纠纷,街面秩序,0.9
JSGW202505230502,我从江苏来这里，现因为二手车买卖问题有纠纷。199****2350 #非警务#纠纷事项#消费问题#报警电话:199****2350,经济纠纷,消费纠纷,0.9
JSGW202505230503,工人因为工资问题，跟我协商不下。153****8802 #非警务#纠纷事项#劳资问题#报警电话:153****8802,劳动人事（就业）纠纷,劳动人事（就业）纠纷,0.9
JSGW202505230504,我买车，现工作人员要服务费，有纠纷。153****8179 #非警务#纠纷事项#消费问题#报警电话:153****8179,经济纠纷,消费纠纷,0.9
JSGW202505230505,报警人口音重，称干完活老板没给我钱，报警人131****1825 #非警务#纠纷事项#劳资问题#报警电话:131****1825,劳动人事（就业）纠纷,劳动人事（就业）纠纷,0.9
JSGW202505230506,有人欠我朋友的钱不还，现在找到欠钱的人了，担心引起打架，现在未打架。195****1931 #非警务#纠纷事项#经济（债务）问题#报警电话:195****1931,债务纠纷,债务纠纷,0.9
JSGW202505230507,因为欠钱问题，产生经济纠纷，电话155****8888 #非警务#纠纷事项#经济（债务）问题#报警电话:155****8888,债务纠纷,债务纠纷,0.9
JSGW202505230508,因为欠钱问题，产生经济纠纷，电话155****8888 #非警务#纠纷事项#经济（债务）问题#报警电话:155****8888,债务纠纷,债务纠纷,0.9
JSGW202505240001,#长效关注#邻居一直骂我，产生纠纷，报警人电话：138****1776 #非警务#纠纷事项#邻里问题#报警电话:138****1776,邻里纠纷,邻里纠纷,0.9
JSGW202505240002,我卖二手车，谈好是卖41000元 ，现在车行工作人员只给我36500元，报警人对方在店里151****0312 #非警务#纠纷事项#消费问题#报警电话:151****0312,经济纠纷,消费纠纷,0.9
JSGW202505240003,我们来这里维修，因为这个设备很老了，客户觉得我们给修坏了，起纠纷175****2071 #非警务#纠纷事项#消费问题#报警电话:175****2071,经济纠纷,消费纠纷,0.9
JSGW202505240004,我是租客，因为租房合同已到期，房东不退我押金有纠纷，156****0521 #非警务#纠纷事项#租赁问题#报警电话:156****0521,经济纠纷,消费纠纷,0.9
JSGW202505240005,我是租客，因为租房合同已到期，房东不退我押金有纠纷，156****0521 #非警务#纠纷事项#租赁问题#报警电话:156****0521,经济纠纷,消费纠纷,0.9
JSGW202505240101,岳童村鲍家166号陈标与钟荣因家庭矛盾发生打架，钟荣用手掐陈标脖子。村委会调解无果，需镇调解委员会介入调解。,治安隐患纠纷,家庭婚姻纠纷,0.9
JSGW202505240102,#邻里纠纷#绿叶新村有村民在自家门口搭建阳光房对邻居采光造成影响，双方产生矛盾。,邻里纠纷,邻里纠纷,0.9
JSGW202505240201,村民甲和村民乙拥有相邻的土地，但两人之间的界限不明确，导致争执不断，村委会调解无果，需镇调解委员会介入调解。,土地森林草场水利等纠纷,土地森林草场水利等纠纷,0.9
JSGW202505250001,岳童村童某和张某因为河边洗拖把的水甩到张某身上，两个人发生纠纷动手打了童某，经村社调解无果，需镇调解委员会介入。,治安隐患纠纷,口角琐事纠纷,0.9
JSGW202505250101,我在这这里干活，老板工资没给我，我在现场老板不在158****4608 #非警务#纠纷事项#劳资问题#报警电话:158****4608,劳动人事（就业）纠纷,劳动人事（就业）纠纷,0.9
JSGW202505250102,工资问题，双方有纠纷   138****8482 #非警务#纠纷事项#劳资问题#报警电话:138****8482,劳动人事（就业）纠纷,劳动人事（就业）纠纷,0.9
JSGW202505250103,网约车司机报：乘客踢我车子，具体原因不清楚，双方在一起135****8868 #非警务#纠纷事项#司乘（代驾）问题#报警电话:135****8868,消费纠纷,消费纠纷,0.9
JSGW202505250104,158****8346报：因退款退车问题与店家有纠纷 #非警务#纠纷事项#消费问题#报警电话:158****8346,经济纠纷,消费纠纷,0.9
JSGW202505250105,昨天，我被人家的狗咬了，与其协商不下，我现在在对方家门口，需要处理。182****1291 #非警务#纠纷事项#经济（债务）问题#报警电话:182****1291,经济纠纷,狗患纠纷,0.9
JSGW202505250106,#长效关注#131****2896，我跟我老公分居了，现在老公因为我要离婚的事情跑到我家里来跟我吵架，我在楼下等 #非警务#纠纷事项#家庭婚姻感情问题#报警电话:131****2896,家庭婚姻纠纷,家庭婚姻纠纷,0.9
JSGW202505250301,#邻里纠纷村民李某建房时超出宅基地范围，邻居王某阻拦并产生矛盾冲突,土地森林草场水利等纠纷,土地森林草场水利等纠纷,0.9
JSGW202505260017,"#邻里纠纷#
集贸新苑王先生反馈集贸新苑小区外来车辆车主陈先生占用他人固定车位，寻求网格员帮助，网格员协调不成功，请镇相关部门协调处理",物业管理纠纷,街面秩序,0.9
JSGW202505260107,#邻里纠纷#碧玥府17幢5楼居民和6楼居民因噪音问题产生矛盾，社区调解未果，请镇相关部门协助调解,邻里纠纷,噪声污染,0.9
JSGW202505260108,#邻里纠纷#碧玥府12幢7楼居民和8楼居民因噪音问题产生矛盾，社区调解未果，请镇相关部门协助调解,邻里纠纷,噪声污染,0.9
JSGW202505260109,#邻里纠纷#春华里小区3幢上下楼梯业主因为楼上噪音问题发生争执，社区调解无果，请街镇相关人员领导安排处理,物业管理纠纷,噪声污染,0.9
JSGW202505260119,印象花都丽苑小区2幢3单元702业主和802业主因阳台漏水问题发生矛盾，双方的赔偿修复问题，经社区多次调解无果，请联系有关部门协助调解。,经济纠纷,损害赔偿纠纷,0.9
JSGW202505260121,集贸新苑小区1-865号604居民吴先生反馈865号704居民每天凌晨直播扰民，向网格员求助，请求相关部门协同处理-#邻里纠纷#,邻里纠纷,噪声污染,0.9
JSGW202505260122,港都4号楼305室居民找网格员投诉噪音扰民，没有协调成功，请相关部门出面协调。,邻里纠纷,噪声污染,0.9
JSGW202505260204,印象花都丽苑小区16幢1301业主与隔壁1302业主因宠物犬夜里叫声问题与隔壁住户存在纠纷，双方多次沟通无果，物业与社区调解无果，请镇街相关部门协助调解-#邻里纠纷#,公共秩序纠纷,狗患纠纷,0.9
JSGW202505260210,集贸新苑小区855号居民毛先生反馈周末855号其他邻居装修噪音扰民，经网格员协助，报相关部门处置-#邻里纠纷#,邻里纠纷,噪声污染,0.9
JSGW202505260301,我之前在这里租了面包车，当时谈的是以租代购，现在发现合同存在误导，我现在找到对方公司，双方发生纠纷，报警人电话138****4527 #非警务#纠纷事项#租赁问题#报警电话:138****4527,经济纠纷,消费纠纷,0.9
JSGW202505260302,#长效关注#这个房子是我儿子和儿媳一起买的，现在我儿媳把门钥匙换了，不让我进去，双方有纠纷130****0511 #非警务#纠纷事项#家庭婚姻感情问题#报警电话:130****0511,家庭婚姻纠纷,家庭婚姻纠纷,0.9
JSGW202505260303,这里有人欠我钱，我找到他家，需要处理。155****2226 #非警务#纠纷事项#经济（债务）问题#报警电话:155****2226,债务纠纷,债务纠纷,0.9
JSGW202505260304,我与前公司公司因为住房公积金更改表能否盖章产生纠纷130****1062 #非警务#纠纷事项#劳资问题#报警电话:130****1062,劳动人事（就业）纠纷,劳动人事（就业）纠纷,0.9
JSGW202505260305,买的二手手机有问题，我退货，对方不肯说，需要处理      138****4052 #非警务#纠纷事项#消费问题#报警电话:138****4052,消费纠纷,消费纠纷,0.9
JSGW202505260401,劳资纠纷。（报警人杨康琪，手机号码：153****8802；对方刘强，手机号：130****8114 ）请劳动部门对接当事人，及时予以调解、仲裁、处理。,劳动人事（就业）纠纷,劳动人事（就业）纠纷,0.9
JSGW202505260403,劳资纠纷。（报警电话：131****1825）请劳动部门对接当事人，及时予以调解、仲裁、处理。,劳动人事（就业）纠纷,劳动人事（就业）纠纷,0.9
JSGW202505260404,报警人尧桂兰（女，56岁，江西省抚州市人，联系电话：180****7530）与朱兰香（女，59岁，户籍：集士港镇元禾村何家居民172号，联系电话：138****1776）因晒衣服问题存在邻里纠纷。请村/社组织调解、沟通，化解矛盾，加强关注。,邻里纠纷,邻里纠纷,0.9
JSGW202505260405,报警人邓成兴（手机号码：151****0312）与毕玉华（手机号码：176****2127）有买卖二手车纠纷。请工商部门对接当事人，组织调解、处理。,消费纠纷,消费纠纷,0.9
JSGW202505260406,劳资纠纷。（报警人侯远刚，手机号码：138****8482）请劳动部门对接当事人，及时予以调解、仲裁、处理。,劳动人事（就业）纠纷,劳动人事（就业）纠纷,0.9
JSGW202505260407,买卖二手车纠纷。（报警人虞贺杰，手机号码：158****8346）请工商部门对接当事人，组织调解、处理。,消费纠纷,消费纠纷,0.9
JSGW202505260408,报警人彭琳馨（手机号码：131****2896）与丈夫蔡碧超（手机号：130****9662）有夫妻感情纠纷，请村/社组织调解、沟通，化解矛盾，加强关注。,家庭婚姻纠纷,家庭婚姻纠纷,0.9
JSGW202505260412,报警人梅海燕（女，45岁，浙江省三门县人，电话：159****9619）与当事人卢庭会（男，50岁，浙江省三门县，暂住：集士港镇岳童村潺头杨113号，电话：150****0834）有男女感情纠纷，请村社加强关注。,情感纠纷,情感纠纷,0.9
JSGW202505260413,报警人刘柳（女，29岁，安徽省太和县人，电话198****3220）称反映老公程叙庆（男，30岁，安徽省宣城市宣州区人，电话178****0753）家暴。请村/社组织调解、沟通，化解矛盾，加强关注；妇联介入，提供相应帮助及法律咨询。,消费纠纷,家庭婚姻纠纷,0.9
JSGW202505260415,反映有流浪狗，请城管确认狗的归属权，确认是否流浪犬只，按规定处理。,狗患纠纷,狗患纠纷,0.9
JSGW202505260416,报警人徐宗燚（男，22岁，云南省大关县人，电话184****3231）与女朋友耿和梦（女，21岁，云南省彝良县人，电话198****8946）有男女感情纠纷，女朋友有自杀倾向。请村/社组织调解、沟通，化解矛盾，加强关注。,治安隐患纠纷,情感纠纷,0.9
JSGW202505260417,当事人何飘（男，24岁，贵州省仁怀市人，手机131****2187）与妻子刘玉莲（女，21岁，贵州省纳雍县人，手机183****7832）有家庭纠纷，老公打老婆，现已对何飘开具家暴通知书。请村/社组织调解、沟通，化解矛盾，加强关注；妇联介入，提供相应帮助及法律咨询。,家庭婚姻纠纷,家庭婚姻纠纷,0.9
JSGW202505260418,熊玉玲（女，30岁，江西省弋阳县人，手机号：180****7029）与前男友杨成飞（手机号：135****3016）有男女感情纠纷，男方有扬言情况，请村社、物业加强关注。,物业管理纠纷,情感纠纷,0.9
JSGW202505260420,周先容（女，52岁，籍贯：贵州省仁怀市人，户籍：集仕港镇董家桥村水角涨１１组２４号，手机158****9147）与丈夫张永达（男，53岁，董家桥村人，手机198****3685）有夫妻感情纠纷，请村社、物业加强关注。,公共秩序纠纷,家庭婚姻纠纷,0.9
JSGW202505260509,桃花源郡小区8幢居民投诉邻居噪音问题，产生矛盾纠纷，向广蔺一网格员提出调解申请，经过调解未果请求社区联系镇调解员进行调解#邻里纠纷#,邻里纠纷,噪声污染,0.9
JSGW202505270001,#邻里纠纷#岳童村鲍家村民因与周边邻居因口角产出矛盾，请求调解,口角琐事纠纷,口角琐事纠纷,0.9
JSGW202505270005,香槟水郡有居民投诉隔壁居民安装的空调就在他家次卧庞，声音太大，严重影响孩子睡眠，与邻居产生纠纷，请社区调解。,工程施工纠纷,噪声污染,0.9
JSGW202505270014,#邻里纠纷#幸福公寓租客反映凌晨二点有人制造噪音，网格员走访发现是因为有租客自称精神病犯了，人不舒服，对方不愿意配合，需要上级部门处理,邻里纠纷,噪声污染,0.9
JSGW202505270015,网格员接到居民投诉，领秀熙城25-504投诉同楼层住户楼道乱堆放杂物，多次劝说仍未整改，请联系镇级相关部门协助劝说。,工程施工纠纷,邻里纠纷,0.9
JSGW202505270019,#邻里纠纷#丰集苑1幢楼道堆满杂物，业主不肯处理，希望镇相关部门予以协助。,物业管理纠纷,邻里纠纷,0.9
JSGW202505270104,#邻里纠纷#桃李郡12幢3楼居民和4楼居民因噪音问题产生矛盾，社区调解未果，请镇相关部门协助调解.,邻里纠纷,噪声污染,0.9
JSGW202505270115,湖山村网格员在巡逻员发现村民郑贤家因在侧墙面翻新时，与邻居洪林发生矛盾。洪林认为郑贤不应该拼他家的墙面，应该自立墙面，郑贤认为一直以来就拼墙，就翻个新要自立没这个理，俩人相持不下发生口角。村委会网格调解无果请镇相关部门进行处理-#邻里纠纷#,口角琐事纠纷,邻里纠纷,0.9
JSGW202505270116,#邻里纠纷#陈某反映邻居家的孙女，在晚上大吵大闹，自己心脏不好，听着大的响声很难受，碍于情面，没好意思去找。直到昨日，孩子声越来越大，陈某的情绪一下子爆发了，找到邻居，希望孩子能小点声，当时说话的语气重了点，两人你一言我一语争吵了起来。,口角琐事纠纷,噪声污染,0.9
JSGW202505270118,#邻里纠纷#丰成新村3幢有狗叫一直扰民，经物业协调未果，请镇相关部门予以协助。,狗患纠纷,狗患纠纷,0.9
JSGW202505270205,#（一件事）矛盾纠纷-流动摊贩、占道经营纠纷；邻里纠纷#云林西路与经三路交叉口由于工地施工经常有流动摊贩占道经营，与人发生纠纷，村委会对流动摊贩沟通未果，无执法权，请相关部门协助处理,公共秩序纠纷,街面秩序,0.9
JSGW202505270212,湖山村一辆电瓶车车主李某宝与汽车车主赵某珍在路口不慎发生轻微刮蹭，引起争执，李某宝认为汽车车速过快。赵某珍认为电瓶车随意变道，村委会调解无果现请镇相关部门协助调解。,经济纠纷,交通事故纠纷,0.9
JSGW202505270216,#邻里纠纷#村民散养的鸡破坏邻居的菜地，网格员多次调解赔偿无果。,经济纠纷,邻里纠纷,0.9
JSGW202505270217,网格员接到居民投诉，领秀熙城11-504投诉楼上住户扰民，请联系镇相关部门帮忙协助处理。,邻里纠纷,口角琐事纠纷,0.9
JSGW202505270221,#邻里纠纷#丰成新村1幢有空调外机发出异响影响邻里，经村和物业协调未果，希望镇里相关部门协助。,物业管理纠纷,邻里纠纷,0.9
JSGW202505270301,因为工资问题工人跟厂里有矛盾，在吵闹。183****2907  （请分局通知四平台，已电告海曙分局） #非警务#纠纷事项#劳资问题#报警电话:183****2907,劳动人事（就业）纠纷,劳动人事（就业）纠纷,0.9
JSGW202505270302,老板拖欠工资不肯付，有劳资纠纷。报警人电话：156****3558 #非警务#纠纷事项#劳资问题#报警电话:156****3558,劳动人事（就业）纠纷,劳动人事（就业）纠纷,0.9
JSGW202505270303,老板拖欠工资不肯付，有劳资纠纷。报警人电话：156****3558（已电告海曙分局） #非警务#纠纷事项#劳资问题#报警电话:156****3558,劳动人事（就业）纠纷,劳动人事（就业）纠纷,0.9
JSGW202505270304,#长效关注#与邻居有纠纷。151****1825 #非警务#纠纷事项#邻里问题#报警电话:151****1825,邻里纠纷,邻里纠纷,0.9
JSGW202505270305,乘客的海鲜把我车弄湿了，不肯赔洗车费，有纠纷159****1929 #非警务#纠纷事项#司乘（代驾）问题#报警电话:159****1929,经济纠纷,消费纠纷,0.9
JSGW202505270306,用户一定要我们今天处理，赖在这里不肯走，有纠纷。195****0263 #非警务#纠纷事项#其他纠纷事项#报警电话:195****0263,其他纠纷,其他纠纷,0.9
JSGW202505270307,我是快递员，因收件人地址写错了，导致快递送错，现对方不承认有这个快递。191****7004 #非警务#纠纷事项#物流（快递）问题#报警电话:191****7004,消费纠纷,消费纠纷,0.9
JSGW202505270308,有经济纠纷，现对方车堵着我的货车，不让走。137****2946 #非警务#纠纷事项#经济（债务）问题#报警电话:137****2946,经济纠纷,经济纠纷,0.9
JSGW202505270309,这家瑜伽馆不承认报警人之前办的卡，现在引起纠纷，报警电话133****0242 #非警务#纠纷事项#消费问题#报警电话:133****0242,消费纠纷,消费纠纷,0.9
JSGW202505270310,代驾绕路，我现在和代驾有纠纷，需要协调。189****6991 #非警务#纠纷事项#司乘（代驾）问题#报警电话:189****6991,消费纠纷,消费纠纷,0.9
JSGW202505270311,客人不付代驾费，引起纠纷，报警人电话182****3035. #非警务#纠纷事项#司乘（代驾）问题#报警电话:182****3035,消费纠纷,消费纠纷,0.9
JSGW202505270312,网约车司机报警，乘客吐脏车子不肯赔偿，双方有纠纷155****1219 #非警务#纠纷事项#司乘（代驾）问题#报警电话:155****1219,消费纠纷,消费纠纷,0.9
JSGW202505270401,夫妻闹离婚，存在家庭纠纷。请村社、物业加强关注。,物业管理纠纷,家庭婚姻纠纷,0.9
JSGW202505270504,#邻里纠纷#岳童家园业主来反应，车棚门口废物堆了好长时间，村物业劝说无果，需请镇调解委介入,公共秩序纠纷,物业管理纠纷,0.9
JSGW202505270506,西溪里9幢5楼和6楼业主因噪音问题产生矛盾，社区调解未果，请镇有关部门协助调解。-#邻里纠纷#,邻里纠纷,噪声污染,0.9
JSGW202505270507,#家事一类事#碧玥府小区9幢6楼发生家庭暴力问题，社区调解未果，请镇里相关部门处理,物业管理纠纷,家庭婚姻纠纷,0.9
JSGW202505280018,#（一件事）矛盾纠纷#家事一类事#丰成村有村民因拆迁财产纠纷有家庭矛盾，请及时关注处理。,工程施工纠纷,征地拆迁纠纷,0.9
JSGW202505280020,#损害赔偿纠纷#陈某反应王某烧秸秆的时候把他田里的东西烧掉了，王某不进行道歉，两者产生矛盾,土地森林草场水利等纠纷,损害赔偿纠纷,0.9
JSGW202505280021,#邻里纠纷#因陈某家中有高考生，李某近期在小区内跳广场舞，陈某介意高考完再跳，李某不听劝双方起争执。,物业管理纠纷,口角琐事纠纷,0.9
JSGW202505280101,广昇村网格员在辖区内巡查时发现，有村民与邻居因为狗狗不栓狗绳，导致狗咬人事件，因村委调解无效，请上级部门协助处理。-#损害赔偿纠纷#,经济纠纷,狗患纠纷,0.9
JSGW202505280117,#婚姻家庭纠纷#祝家桥村陈家车自然村有户村民宣称妻子在外有外遇，要将妻子逐出门。妻子声称只是一般关系。现已报警，有家庭暴力倾向。,家庭婚姻纠纷,家庭婚姻纠纷,0.9
JSGW202505280204,吴某种在地里的土豆被偷，怀疑是方某干的，找到方某对质，方某不承认，村委会调解未果，望镇矛调中心协调处理。,治安隐患纠纷,其他纠纷,0.9
JSGW202505280213,#邻里纠纷#祝家桥村陈家车自然村村民购买电动车，长期停在自家门口充电，导致周边邻居出行不便，引起矛盾纠纷并有用电不当火灾隐患。,消防隐患纠纷,邻里纠纷,0.9
JSGW202505280216,#邻里纠纷#王家自然村有反应他隔壁有一个精神问题的租赁户，时常半夜大吵大闹对周边邻居休息造成影响。,治安隐患纠纷,邻里纠纷,0.9
JSGW202505280217,#矛调类其他#李先生发现自己充电的电动车经常被人无故拔掉电源，联系物业调监控后发现是小孩拔掉的，于是找到家长张女士，，希望家长能够加强管教，避免以后再发生这种情况，但张女士比较护短，觉得是李先生小题大做，于是发生争吵，村委与物业都调节不下，请求民警过来帮忙。,经济纠纷,邻里纠纷,0.9
JSGW202505280301,声音很大扰民，存在邻里纠纷，请村社、物业加强关注。报警人电话135****9946,物业管理纠纷,邻里纠纷,0.9
JSGW202505280302,劳资纠纷。（报警人柳绍阳，手机号码：183****2907；员工李雪梅，手机号码：156****3558 ）请劳动部门对接当事人，及时予以调解、仲裁、处理。,劳动人事（就业）纠纷,劳动人事（就业）纠纷,0.9
JSGW202505280303,报警人谢依花（84岁，深溪村翁家人，手机号码：151****1825）与翁亚琴（女，74岁，深溪村路北人，手机号码：180****9663）两人互拔田里种的农作物，存在邻里矛盾纠纷。请村/社组织调解、沟通，化解矛盾，加强关注。,经济纠纷,邻里纠纷,0.9
JSGW202505280305,反映204室一直放佛经，声音扰民，存在邻里纠纷。（报警电话：138****6981）请村社、物业加强关注，及时提醒业主注意。,物业管理纠纷,邻里纠纷,0.9
JSGW202505280307,报警人杨京京（男，17岁，电话：181****4783）因玩电子产品被父亲杨红军（男，43岁，电话：130****0022）发现，双方发生纠纷，请村社、物业加强关注。,物业管理纠纷,家庭婚姻纠纷,0.9
JSGW202505280308,小孩吴佳轩（男，15岁，电话：130****9482）不愿意读书，父亲吴叶挺（男，49岁，电话：130****9482）对其教育双方发生引起纠纷，请村社、物业加强关注。,物业管理纠纷,家庭婚姻纠纷,0.9
JSGW202505280401,对方不给工资有纠纷185****0567 #非警务#纠纷事项#劳资问题#报警电话:185****0567,劳动人事（就业）纠纷,劳动人事（就业）纠纷,0.9
JSGW202505280402,卖废品的人把铁当铝卖给我，我现在来退钱对方不肯158****8081 #非警务#纠纷事项#消费问题#报警电话:158****8081,消费纠纷,消费纠纷,0.9
JSGW202505280403,我老公租了一年的滴滴车，因为一年的合同到了，现在来退车，店里说保险的问题退不了，让我们继续租，双方有纠纷，报警人称在井亭家园南区等工作人员，159****9957 #非警务#纠纷事项#租赁问题#报警电话:159****9957,消费纠纷,消费纠纷,0.9
JSGW202505280404,191****8030，我老公（139****7623）之前干活的老板娘从去年一直没有发工资，后面发现老板娘把店转让了，现在我老公找到老板娘的车了，对方躲在楼上不愿意出面，我老公跟一个阿姨在现场我不在 #非警务#纠纷事项#劳资问题#报警电话:191****8030,劳动人事（就业）纠纷,劳动人事（就业）纠纷,0.9
JSGW202505280405,刚下班我在厂里摔了，骨折了，单位不出医药费，双方有纠纷，我现在人在集士港三院住院部。182****1406 #非警务#纠纷事项#劳资问题#报警电话:182****1406,劳动人事（就业）纠纷,劳动人事（就业）纠纷,0.9
JSGW202505280406,在上个月29号在弟弟横街出了车祸，现在在集士港诚鸿医院住院部6楼660，对方（132****3453，张海江）不过来付医药费，保险公司已经赔了6000元，现在医药费还差5万多，解释不通，请与报警人联系173****9307 #非警务#纠纷事项#经济（债务）问题#报警电话:173****9307,交通事故纠纷,债务纠纷,0.9
JSGW202505280407,我们在这家减肥店里冲卡，现在对方要关店铺，并且开新店铺，但是对方不给我们换新店铺的卡，也不退钱，双方在一起有纠纷。130****4205 #非警务#纠纷事项#消费问题#报警电话:130****4205,消费纠纷,消费纠纷,0.9
JSGW202505280408,我钥匙没带，我让门卫给我开下门，门卫不同意，还要骂我。151****2592 #非警务#纠纷事项#物业管理问题#报警电话:151****2592,公共秩序纠纷,物业管理纠纷,0.9
JSGW202505280501,方某和林某是邻居，这次方某家屋顶翻漏，在此过程中估计施工人员不注意，导致林某家的屋顶有所破坏，造成漏雨现象。加上2家本来关系就一直紧张，就此事双方就开始了口角，村委会调解未果，望镇矛调中心协调处理。,经济纠纷,邻里纠纷,0.9
JSGW202505280502,吴某和婆婆翁某发生矛盾，婆媳两日常矛盾积累，加上婆婆要求生二胎，儿媳不愿生，这次矛盾激化，村委会调解未果，望镇矛调中心协调处理。,家庭婚姻纠纷,家庭婚姻纠纷,0.9
JSGW202505290008,#邻里纠纷#祝家桥村王家自然村有户村民在田间放老鼠药，将隔壁邻居的狗毒死造成两家邻居矛盾。,经济纠纷,邻里纠纷,0.9
JSGW202505290009,#征地拆迁纠纷-拆迁诉求#秋实快速建造有部分沿行跟村民反映道路对其建房屋造成很大影响，要求拆迁。,公共秩序纠纷,征地拆迁纠纷,0.9
JSGW202505290012,#邻里纠纷#巡查和中发现何家自然村刘某和李某是住在同一排的邻居，刘某长期忍受李某家3个孩子不分昼夜的嬉戏吵闹、夫妻吵架等噪音令其身心俱疲，得不到好的休息。而邻居李某又对刘某家里喂养鸽子不及时清理粪便而心存不满。双方为此多次发生口角，并升级为言语攻击，双方矛盾愈演愈烈。,家庭婚姻纠纷,邻里纠纷,0.9
JSGW202505290101,昨天工厂叫我今天来干活，今天我戴眼镜来了对方就不要我干活了，还不给我路费。报警人电话：190****1186 #非警务#纠纷事项#劳资问题#报警电话:190****1186,劳动人事（就业）纠纷,劳动人事（就业）纠纷,0.9
JSGW202505290102,工作人员报，客户一定要我给他办好业务，现在还不让我去吃饭，引起纠纷，134****2477 #非警务#纠纷事项#消费问题#报警电话:134****2477,消费纠纷,消费纠纷,0.9
JSGW202505290103,工作人员报，客户一定要我给他办好业务，现在还不让我去吃饭，引起纠纷，134****2477（再次来电催促）（辅助下单） #非警务#纠纷事项#消费问题#报警电话:134****2477,消费纠纷,消费纠纷,0.9
JSGW202505290104,外卖员报：我骑车进小区送外卖，现物业不让我出去，报警人电话：130****3283 #非警务#纠纷事项#物业管理问题#报警电话:130****3283,消费纠纷,物业管理纠纷,0.9
JSGW202505290105,外卖员报：我骑车进小区送外卖，现物业不让我出去，报警人电话：130****3283（辅助，催促） #非警务#纠纷事项#物业管理问题#报警电话:130****3283,消费纠纷,物业管理纠纷,0.9
JSGW202505290106,客服一直给我打电话让我专网，严重影响到我，今天我来营业厅让他们不要再给我打定话，但是对方说没有给我打过引起纠纷，需要处理    137****5437 #非警务#纠纷事项#消费问题#报警电话:137****5437,消费纠纷,消费纠纷,0.9
JSGW202505290107,房子到期，租客不肯搬走，有纠纷136****9491 #非警务#纠纷事项#租赁问题#报警电话:136****9491,经济纠纷,其他纠纷,0.9
JSGW202505290108,房子到期，租客不肯搬走，有纠纷136****9491（已电告海曙分局）（来电催促街道，辅助下单） #非警务#纠纷事项#租赁问题#报警电话:136****9491,经济纠纷,房地产纠纷,0.7
JSGW202505290109,对方欠了我的工资，我就踢了对方的东西，现在对方不让我走 #非警务#纠纷事项#劳资问题#报警电话:185****5662,劳动人事（就业）纠纷,劳动人事（就业）纠纷,0.9
JSGW202505290110,之前因为理发店的师傅剪得不错，我们就冲了卡，但是现在来发现师傅离职了，我们要退卡钱，理发店不让，有纠纷，151****8412 #非警务#纠纷事项#消费问题#报警电话:151****8412,消费纠纷,消费纠纷,0.9
JSGW202505290111,网约车司机：乘客吐在车上，现在因为洗车费的事情有纠纷133****7400 #非警务#纠纷事项#司乘（代驾）问题#报警电话:133****7400,消费纠纷,消费纠纷,0.9
JSGW202505290112,物业报警称这里有个租客家里的油烟机有问题，告知其喊二房东来维修，但对方不同意，现有纠纷双方在一起，057****72685 #非警务#纠纷事项#物业管理问题#报警电话:057****72685,物业管理纠纷,物业管理纠纷,0.9
JSGW202505290113,因为我两个外卖送反了，我过来处理这个事情，站长就骂我，还拿我钥匙182****6137 #非警务#纠纷事项#物流（快递）问题#报警电话:182****6137,消费纠纷,消费纠纷,0.9
JSGW202505290207,#邻里纠纷#巡查中发现何家佳苑1幢1001室楼上住户家中管道老化渗漏，导致楼下天花板及墙面出现大面积水渍，不仅影响居住环境，还可能引发安全隐患，双方因维修责任和赔偿问题产生分歧，矛盾逐渐升级。,经济纠纷,损害赔偿纠纷,0.9
JSGW202505290309,#邻里纠纷#巡查中发现何家佳苑3幢住户张某下楼被泼了一身的水，抬头已找不到人，对其造成身体伤害，请派出所协助处理。,经济纠纷,治安隐患纠纷,0.9
JSGW202505290401,劳资纠纷。（报警人高海旺，手机号码：185****0567；童老板；手机号：138****5988；项目负责人张彦超，手机号码：187****0386)）请劳动部门对接当事人，及时予以调解、仲裁、处理。,劳动人事（就业）纠纷,劳动人事（就业）纠纷,0.9
JSGW202505290402,工伤纠纷。（报警人张如如，手机号码：182****1406）请劳动部门对接当事人，及时予以调解、仲裁、处理。,经济纠纷,劳动人事（就业）纠纷,0.9
JSGW202505290405,303室反映楼上403养了只狗，一直在叫，很扰民，存在邻里纠纷，请村社、物业加强关注。（报警电话：182****7349）,狗患纠纷,狗患纠纷,0.9
JSGW202505290407,打麻将声扰民，存在邻里纠纷，请村社、物业加强关注，及时提醒业主。（报警电话：138****6390）,物业管理纠纷,邻里纠纷,0.9
JSGW202505290409,杨清瑞（女，20岁，云南省师宗县人，手机号：191****5133）与男朋友宁征南（男，21岁，安徽省宿州市埇桥区人，手机号：130****0335）有男女朋友感情纠纷、经济纠纷。请村社、物业加强关注。,公共秩序纠纷,情感纠纷,0.9
JSGW202505290410,业主徐嘉立（男，30岁，横街镇人，现住杨家馨苑，手机号：138****2027）与保安郭先平（手机号：131****3878）存着口角纠纷，请村社、物业加强关注。,公共秩序纠纷,口角琐事纠纷,0.9
JSGW202505290510,#邻里纠纷#集北新村11幢86号因油烟管未处置得当，直排隔壁邻居。产生矛盾,邻里纠纷,邻里纠纷,0.9
JSGW202505300002,#婚姻家庭纠纷#丰成村村民因家庭原因夫妻双方发生争吵调解无果请上级有关部门协助调解,家庭婚姻纠纷,家庭婚姻纠纷,0.9
JSGW202505300009,水木清华小区居民5幢602业主投诉某幢顶楼业主平台安装防盗门，影响消防通道通畅，社区物业与双方居民调解未果，请求上级部门协助解决。,治安隐患纠纷,消防隐患纠纷,0.9
JSGW202505300011,海西明月府小区6幢802业主投诉邻居连廊放盆栽影响道路通畅，要求及时搬移，社区物业调解未果，要求上级部门协助调解,物业管理纠纷,邻里纠纷,0.9
JSGW202505300106,#婚姻家庭纠纷#丰成村村民因家庭生活因素夫妻发生争吵经多次劝导无果请上级有关部门协助调解,家庭婚姻纠纷,家庭婚姻纠纷,0.9
JSGW202505300114,幸福里小区居民投诉小区旁边道路阴井盖被损坏车辆路过经常有异响，造成噪音，社区物业解决未果要求上级部门协助,经济纠纷,噪声污染,0.9
JSGW202505300115,#邻里纠纷#居民反应自家厨房顶漏水，经调查是楼上住户违规改管道导致，社区上门调解未果请镇街相关部门协助处理,邻里纠纷,邻里纠纷,0.9
JSGW202505300213,#邻里纠纷#网格员接到明玥春汀居民投诉房子严重漏水，社区上门协调未果，请求上级部门协助解决。,邻里纠纷,工程施工纠纷,0.9
JSGW202505300214,#邻里纠纷#网格员接到海西明月府居民投诉楼下邻居私自改造公共平台，社区与双方协调未果，请求上级部门协助解决。,工程施工纠纷,邻里纠纷,0.9
JSGW202505300215,幸福里小区居民6幢702投诉楼下602业主由于私自改造管道，造成家中进水造成损失，社区物业调解未果，要求上级部门协助,经济纠纷,损害赔偿纠纷,0.9
JSGW202505300217,#邻里纠纷#网格员接到居民投诉楼上租房晚上太吵，影响日常生活，社区与双方协调未果，请求上级部门协助解决。,邻里纠纷,噪声污染,0.9
JSGW202505300218,广昇村网格员在巡查中发现，邻居家的几只鸡鸭踩塌了邻居田里种植的青菜，产生了矛盾纠纷。请上级领导联系相关人员进行处理。,土地森林草场水利等纠纷,邻里纠纷,0.9
JSGW202505300302,网格员巡查走访中翁先生反应在集士港工贸三路与聚才路公寓21时装修扰民，影响市民正常休息，现要去有关部门协助,邻里纠纷,噪声污染,0.9
JSGW202505300304,网格员巡查走访中翁先生反应在集士港工贸三路与聚才路公寓22时装修扰民，影响市民正常休息，现要去有关部门协助,邻里纠纷,噪声污染,0.9
JSGW202505300309,邻里纠纷#丰成村村民因楼道摆放东西发生争吵，村里出面协调解决无果请上级部门协助处理,口角琐事纠纷,邻里纠纷,0.9
JSGW202505300322,#矛调类其他#井亭文化家园二楼老年活动室，两位居民因为打麻将结算金钱有出入，从语言冲突演变成肢体冲突，有矛盾失控的可能，请镇相关部门进行处理。,治安隐患纠纷,其他纠纷,0.9
JSGW202505300401,老板不发工资，现在产生纠纷，报警人电话：158****8729。 #非警务#纠纷事项#劳资问题#报警电话:158****8729,劳动人事（就业）纠纷,劳动人事（就业）纠纷,0.9
JSGW202505300402,租客要提前退房，现在对方想要退回押金一直在闹，双方在场。131****9711 #非警务#纠纷事项#租赁问题#报警电话:131****9711,经济纠纷,债务纠纷,0.7
JSGW202505300403,#长效关注#我和邻居有纠纷，具体原因不肯说。198****2950 #非警务#纠纷事项#邻里问题#报警电话:198****2950,邻里纠纷,邻里纠纷,0.9
JSGW202505300404,员工之前受了工伤，现在是停职留薪阶段，我们想让员工搬离员工宿舍，员工不同意，双方发生纠纷，报警人电话152****8955 #非警务#纠纷事项#劳资问题#报警电话:152****8955,劳动人事（就业）纠纷,劳动人事（就业）纠纷,0.9
JSGW202505300405,店员报，因房子交易的事情引起，双方有纠纷    153****2335 #非警务#纠纷事项#房地产问题#报警电话:153****2335,房地产纠纷,房地产纠纷,0.9
JSGW202505300406,190****8910：我买的榴莲没熟，老板不肯换，有纠纷 #非警务#纠纷事项#消费问题#报警电话:190****8910,消费纠纷,消费纠纷,0.9
JSGW202505300407,199****5510报：店家不给我开发票，双方有纠纷 #非警务#纠纷事项#消费问题#报警电话:199****5510,消费纠纷,消费纠纷,0.9
JSGW202505300408,#长效关注#因琐事我爸妈与邻居吵架，有纠纷181****5090 #非警务#纠纷事项#邻里问题#报警电话:181****5090,邻里纠纷,邻里纠纷,0.9
JSGW202505300409,183****4398室友不给房租费，人在现场，有纠纷 #非警务#纠纷事项#租赁问题#报警电话:183****4398,经济纠纷,债务纠纷,0.9
JSGW202505310001,#长效关注#我在哺乳期，跟老公产生了纠纷，现在要抱走孩子，双方有纠纷158****4653 #非警务#纠纷事项#家庭婚姻感情问题#报警电话:158****4653,家庭婚姻纠纷,家庭婚姻纠纷,0.9
JSGW202505310002,这里拖欠我们的货款一直不肯给。双方在一起有纠纷。137****7855 #非警务#纠纷事项#经济（债务）问题#报警电话:137****7855,债务纠纷,债务纠纷,0.9
JSGW202505310003,因为卸货引起口角纠纷，两辆车子故意堵住我们的店面房。156****7510 #非警务#纠纷事项#物流（快递）问题#报警电话:156****7510,公共秩序纠纷,口角琐事纠纷,0.9
JSGW202505310004,我网约车租赁公司，因为租车问题和客户有纠纷。137****5003 #非警务#纠纷事项#租赁问题#报警电话:137****5003,经济纠纷,消费纠纷,0.9
JSGW202505310005,我找中介买电瓶车，现电瓶车不要了，中介钱不肯退钱，电话190****9905 #非警务#纠纷事项#消费问题#报警电话:190****9905,经济纠纷,消费纠纷,0.9
JSGW202505310006,我在这里租车跑网约车，现在不租了，他们不退我押金，还让我再给2000元钱，电话155****7250 #非警务#纠纷事项#租赁问题#报警电话:155****7250,经济纠纷,消费纠纷,0.9
JSGW202505310007,我之前在这里预存钱做项目，之前对方说项目做完后会把钱返还给我，现我来处理但店家不肯出面。报警人电话：199****6001 #非警务#纠纷事项#消费问题#报警电话:199****6001,经济纠纷,消费纠纷,0.9
JSGW202505310008,我工资多发给了员工，现在员工不肯退回，需要调解。136****8182 #非警务#纠纷事项#劳资问题#报警电话:136****8182,劳动人事（就业）纠纷,劳动人事（就业）纠纷,0.9
JSGW202505310009,我要卖车，对方付了定金，现我犹豫不确定要卖了，对方要我赔偿违约金，并把我车拖走了，报警人电话：131****9260 #非警务#纠纷事项#消费问题#报警电话:131****9260,经济纠纷,消费纠纷,0.9
JSGW202505310010,我是顾客，现麻将馆里的老板娘因为费用问题不让我走，双方引起纠纷，需要处理，报警人电话：181****9042 #非警务#纠纷事项#消费问题#报警电话:181****9042,消费纠纷,消费纠纷,0.9
JSGW202505310011,这里有一位业主故意将车子堵在车库门口，有纠纷，电话：177****6675。 #非警务#纠纷事项#物业管理问题#报警电话:057****06036,邻里纠纷,物业管理纠纷,0.9
JSGW202505310012,房东不退房租和押金，产生纠纷，报警人电话：137****6603 #非警务#纠纷事项#租赁问题#报警电话:137****6603,经济纠纷,消费纠纷,0.9
JSGW202505310013,房东不退房租和押金，产生纠纷，报警人电话：137****6603。（后来电催促） #非警务#纠纷事项#租赁问题#报警电话:137****6603,经济纠纷,消费纠纷,0.9
JXIW202505010001,#长效关注#有人欠我钱，有纠纷。137****1077 #非警务#纠纷事项#经济（债务）问题#报警电话:137****1077,债务纠纷,债务纠纷,0.9
JXIW202505010002,#长效关注#135****6787管理人员报：有个车主说他的车是在我们这里刮擦的，但是我说不是，现在双方吵架了，报警人坚持说不是交通事故，是纠纷 #非警务#纠纷事项#物业管理问题#报警电话:135****6787,物业管理纠纷,物业管理纠纷,0.9
JXIW202505010003,#长效关注#有个人堵店里的门，还不让我做生意，引起纠纷。131****9070 #非警务#纠纷事项#其他纠纷事项#报警电话:131****9070,其他纠纷,街面秩序,0.9
JXIW202505010004,#长效关注#对方人肉占了两个车位，引起纠纷，187****1368 #非警务#纠纷事项#其他纠纷事项#报警电话:187****1368,其他纠纷,街面秩序,0.9
JXIW202505010005,#长效关注#店家不肯支付货款，引发纠纷173****9578 #非警务#纠纷事项#经济（债务）问题#报警电话:173****9578,债务纠纷,债务纠纷,0.9
JXIW202505010006,#长效关注#181****1306：我租了房子，因为退租问题，房东把我电停了，需要帮助 #非警务#纠纷事项#租赁问题#报警电话:181****1306,债务纠纷,其他,0.7
JXIW202505020001,#长效关注#一个顾客来染头发，觉得价格不合适，双方有纠纷185****4337 #非警务#纠纷事项#消费问题#报警电话:185****4337,消费纠纷,消费纠纷,0.9
JXIW202505020002,#长效关注#顾客把我的衣服试穿时弄烂了，有纠纷，电话152****8943。 #非警务#纠纷事项#消费问题#报警电话:152****8943,消费纠纷,消费纠纷,0.9
JXIW202505020003,#长效关注#130****7790：口腔医疗问题，对方说我们影响其工作生活，现在人站在我们桌子上。 #非警务#纠纷事项#医患问题#报警电话:130****7790,医疗纠纷,医疗纠纷,0.9
JXIW202505020004,#长效关注#因买的衣服，顾客不满意，双方引起纠纷。报警人：152****2047 #非警务#纠纷事项#消费问题#报警电话:152****2047,消费纠纷,消费纠纷,0.9
JXIW202505020005,#长效关注#因买的衣服，顾客不满意，双方引起纠纷。报警人：152****2047 #非警务#纠纷事项#消费问题#报警电话:152****2047,消费纠纷,消费纠纷,0.9
JXIW202505020006,#长效关注#工作上的事情与老板因工资问题引起纠纷，报警人131****6923 #非警务#纠纷事项#劳资问题#报警电话:131****6923,劳动人事（就业）纠纷,劳动人事（就业）纠纷,0.9
JXIW202505020007,#长效关注#老板拖欠工资，有纠纷178****8110 #非警务#纠纷事项#消费问题#报警电话:178****8110,消费纠纷,劳动人事（就业）纠纷,0.9
JXIW202505020008,#长效关注#177****0349顾客来电在这里办理了3000元的项目，认为和价格不符，想要退款，有纠纷 #非警务#纠纷事项#消费问题#报警电话:177****0349,消费纠纷,消费纠纷,0.9
JXIW202505020009,#长效关注#我手机贴膜，贴膜的人把我手机屏幕弄坏了，双方在一起，具体位置可以联系报警人。报警人：191****6967 #非警务#纠纷事项#消费问题#报警电话:191****6967,消费纠纷,消费纠纷,0.9
JXIW202505020010,#长效关注#（辅助下单 来电催促）我手机贴膜，贴膜的人把我手机屏幕弄坏了，双方在一起，具体位置可以联系报警人。报警人：191****6967（已电告海曙） #非警务#纠纷事项#消费问题#报警电话:191****6967,消费纠纷,消费纠纷,0.9
JXIW202505020011,#长效关注#136****7534我来这里送货，现在收货方不肯付钱，还拦着我不让走，有纠纷需要处理 #非警务#纠纷事项#物流（快递）问题#报警电话:136****7534,消费纠纷,债务纠纷,0.9
JXIW202505020012,#长效关注#欠钱不还引起纠纷，报警人电话：195****9079 #非警务#纠纷事项#经济（债务）问题#报警电话:195****9079,债务纠纷,债务纠纷,0.9
JXIW202505030101,#长效关注#我和一个有家室的男的分手了，对方问我要了40万元分手费，我给了对方后，对方每天来家里骚扰我，今天还来我上班的地方骚扰我，还想要打我，对方现在走了。135****3942 #非警务#纠纷事项#经济（债务）问题#报警电话:135****3942,债务纠纷,情感纠纷,0.9
JXIW202505030102,#长效关注#我之前向对方租了电瓶车，前段时间我骑租的电瓶车被车子撞了，保险公司已经赔偿了对方修车的钱，现老板还要我额外给其600块钱，否则一直不取消我的订单，导致平台一直在扣我的钱，有纠纷，电话：166****7810。报警人现在骆驼 #非警务#纠纷事项#租赁问题#报警电话:166****7810,债务纠纷,消费纠纷,0.9
JXIW202505030103,#长效关注#我之前向对方租了电瓶车，前段时间我骑租的电瓶车被车子撞了，保险公司已经赔偿了对方修车的钱，现老板还要我额外给其600块钱，否则一直不取消我的订单，导致平台一直在扣我的钱，有纠纷，电话：166****7810。报警人现在骆驼（11：44报警人再次来电催促，需要处理） #非警务#纠纷事项#租赁问题#报警电话:166****7810,债务纠纷,消费纠纷,0.9
JXIW202505030104,#长效关注#我们在门店抽奖，商家把大奖藏起来，导致我们抽不到，产生纠纷，电话178****1483 #非警务#纠纷事项#消费问题#报警电话:178****1483,消费纠纷,消费纠纷,0.9
JXIW202505030105,我来这里做医美，现在我觉得这里没有给我做好，引起纠纷。138****2396 #非警务#纠纷事项#消费问题#报警电话:138****2396,消费纠纷,消费纠纷,0.9
JXIW202505030106,来电称对方不还我的钱，双方在一起。188****5060 #非警务#纠纷事项#经济（债务）问题#报警电话:188****5060,债务纠纷,债务纠纷,0.9
JXIW202505030107,我在这里修手机，没修好还要收我钱，产生纠纷，报警人电话：158****6320 #非警务#纠纷事项#消费问题#报警电话:158****6320,消费纠纷,消费纠纷,0.9
JXIW202505030108,客人和客人之间吵起来了，不让我们正常营业，需要处理，报警人电话137****1892 #非警务#纠纷事项#其他纠纷事项#报警电话:137****1892,其他纠纷,公共秩序纠纷,0.9
JXIW202505030109,因双方发生口角引起纠纷，电话133****5109。 #非警务#纠纷事项#其他纠纷事项#报警电话:133****5109,口角琐事纠纷,口角琐事纠纷,0.9
JXIW202505040001,#长效关注#有个人和我（未成年）一起玩游戏，输了不给我钱，双方在一起178****1040 #非警务#纠纷事项#经济（债务）问题#报警电话:178****1040,债务纠纷,债务纠纷,0.9
JXIW202505040002,对方不付尾款，现在不让我送货的司机离开现场，现在司机与对方在一起有纠纷需要处理。133****2001 #非警务#纠纷事项#物流（快递）问题#报警电话:133****2001,消费纠纷,消费纠纷,0.9
JXIW202505040003,辅助：对方不付尾款，现在不让我送货的司机离开现场，现在司机与对方在一起有纠纷需要处理。133****2001 #非警务#纠纷事项#物流（快递）问题#报警电话:133****2001,消费纠纷,债务纠纷,0.9
JXIW202505040004,#长效关注#之前有人买手机没有付钱引起纠纷。188****8031 #非警务#纠纷事项#消费问题#报警电话:188****8031,消费纠纷,消费纠纷,0.9
JXIW202505050001,#长效关注#我是司机(浙BD92733)，乘客带了狗，把坐垫弄脏，不肯赔付。182****5240 #非警务#纠纷事项#司乘（代驾）问题#报警电话:182****5240,消费纠纷,消费纠纷,0.9
JXIW202505050002,155****0006顾客来电和工作人员因房间退费有纠纷 #非警务#纠纷事项#消费问题#报警电话:155****0006,消费纠纷,消费纠纷,0.9
JXIW202505050003,#长效关注#在手机店里买二手手机，发现不是原装屏，有纠纷152****2543 #非警务#纠纷事项#消费问题#报警电话:152****2543,消费纠纷,消费纠纷,0.9
JXIW202505050004,#长效关注#前几天我在这里找工作，店里说在山东有活干，我们到了山东后说没有活，店里的人微信把我拉黑了，4.30号我从山东回来了，店里没有人，5.1休息劳动局也休息，我今天在现场要处理。报警人155****7768 #非警务#纠纷事项#劳资问题#报警电话:155****7768,劳动人事（就业）纠纷,劳动人事（就业）纠纷,0.9
JXIW202505050005,#长效关注#开锁师傅打不开我家的锁，还把锁弄坏了。我现在找到商家店铺，要求商家赔偿。商家只承担一半的责任，需要调解130****3452 #非警务#纠纷事项#消费问题#报警电话:130****3452,消费纠纷,消费纠纷,0.9
JXIW202505050006,#长效关注#开锁师傅打不开我家的锁，还把锁弄坏了。我现在找到商家店铺，要求商家赔偿。商家只承担一半的责任，需要调解130****3452（到现场，未找到店铺，告知联系12315） #非警务#纠纷事项#消费问题#报警电话:130****3452,消费纠纷,消费纠纷,0.9
JXIW202505050007,#长效关注#有个人说我抢他座位，拍了我的照片，说要发到网上去，电话130****8072 #非警务#纠纷事项#消费问题#报警电话:130****8072,消费纠纷,消费纠纷,0.9
JXIW202505050008,#长效关注#昨天弟弟去现场，对方称入职要先交了160元说去指定医院体检，手机扫码支付了，回来后觉得不太对劲，想退钱对方不退引起纠纷，我们不在现场。报警人136****7794。（分局来电要改非警务） #非警务#纠纷事项#劳资问题#报警电话:136****7794,劳动人事（就业）纠纷,劳动人事（就业）纠纷,0.9
JXIW202505050009,#长效关注#市场通道被承包方封掉了，导致我们货车无法通行  139****7021 #非警务#纠纷事项#其他纠纷事项#报警电话:139****7021,其他纠纷,街面秩序,0.9
JXIW202505060001,2025-05-06 06:55:43新街握兰巷18号404室，老公家暴我，具体原因不肯告知。民警顾崇逸到达现场，经了解系两夫妻因妻子晚归口头吵架，未发生打架，现场调解。现场处结单已上传。报警人曾欣，3623*****6527；当事人曾荣超，3623*****3917,治安隐患纠纷,家庭婚姻纠纷,0.9
JXIW202505060101,#长效关注#因有人停车费逃单引起纠纷，电话135****6787。 #非警务#纠纷事项#消费问题#报警电话:135****6787,消费纠纷,消费纠纷,0.9
JXIW202505060102,#长效关注#我是租客，因为退租的问题与二手房东有纠纷，需要处理，报警人电话：135****3819 #非警务#纠纷事项#租赁问题#报警电话:135****3819,经济纠纷,消费纠纷,0.7
JXIW202505060103,#长效关注#之前买的四件套起球了我要退货，有纠纷，电话188****3884。 #非警务#纠纷事项#消费问题#报警电话:188****3884,消费纠纷,消费纠纷,0.9
JXIW202505060104,#长效关注#我与商家因退换手机的问题产生纠纷。152****5469 #非警务#纠纷事项#消费问题#报警电话:152****5469,消费纠纷,消费纠纷,0.9
JXIW202505060105,#长效关注#我们这里因为修理电脑的问题引起纠纷。188****5056 #非警务#纠纷事项#消费问题#报警电话:188****5056,消费纠纷,消费纠纷,0.9
JXIW202505060106,#长效关注#项目没做好，对方不退款，产生纠纷。138****2396 #非警务#纠纷事项#消费问题#报警电话:138****2396,消费纠纷,消费纠纷,0.9
JXIW202505060107,#长效关注#医美公司倒闭，让我来这里消费，现在这里不承认，引起纠纷。133****5215 #非警务#纠纷事项#消费问题#报警电话:133****5215,消费纠纷,消费纠纷,0.9
JXIW202505060108,#长效关注#商家诱导消费，现我和商家有纠纷，联系电话130****7328 #非警务#纠纷事项#消费问题#报警电话:130****7328,消费纠纷,消费纠纷,0.9
JXIW202505070001,#长效关注#150****5020报：外面的人在道路施工，路面不能压，导致我车子无法开出去，刚才问他们说一个小时就能开，现在又说还需要一个小时引起纠纷 #非警务#纠纷事项#其他纠纷事项#报警电话:150****5020,其他纠纷,工程施工纠纷,0.9
JXIW202505070002,#长效关注#我找中介找工作，我做了体检后，联系不上对方，报警电话：135****9463 #非警务#纠纷事项#其他纠纷事项#报警电话:135****9463,其他纠纷,劳动人事（就业）纠纷,0.9
JXIW202505070003,#长效关注#在酒店干活，欠们工钱不给，电话175****7391 #非警务#纠纷事项#劳资问题#报警电话:175****7391,劳动人事（就业）纠纷,劳动人事（就业）纠纷,0.9
JXIW202505070004,#长效关注#我来这里找工作，称需要服装费，我交钱后称这个岗位不需要人，钱也没有退我。报警人电话：130****3899 #非警务#纠纷事项#经济（债务）问题#报警电话:130****3899,债务纠纷,劳动人事（就业）纠纷,0.9
JXIW202505070005,#长效关注#我找中介找工作，我做了体检后，对方没有帮我找工作，现联系不上对方，报警电话：135****9463 #非警务#纠纷事项#其他纠纷事项#报警电话:135****9463,其他纠纷,劳动人事（就业）纠纷,0.9
JXIW202505070006,#长效关注#昨天我遇到一个美容院的人推销，后他拉我进去做美容，说好198元钱，后又让我免费体验项目，但只做了半边脸，做另一边要付2800元钱，因当时我的脸一半白一半黑的，我只能付钱做了，现我怀疑被忽悠。报警人现人不在现场。189****5569 #非警务#纠纷事项#消费问题#报警电话:189****5569,消费纠纷,消费纠纷,0.9
JXIW202505070007,#长效关注#我帮我爱人通过贷款担保，现在变成了主贷人，现在跟中。137****4347 #非警务#纠纷事项#经济（债务）问题#报警电话:137****4347,债务纠纷,债务纠纷,0.9
JXIW202505070008,#长效关注#移车，人在附近故意不来移车，产生纠纷，报警人156****5555 #非警务#纠纷事项#其他纠纷事项#报警电话:156****5555,经济纠纷,街面秩序,0.9
JXIW202505070009,#长效关注#我来卖手机，和对方有纠纷，报警电话：186****1715 #非警务#纠纷事项#消费问题#报警电话:186****1715,消费纠纷,消费纠纷,0.9
JXIW202505070010,#长效关注#我女朋友来找工作，刚开始沟通好的工资多少，今天过来办理入职，让她买电话卡，让她签协议，与描述不符，现在要退卡退两百元钱，对方不同意，双方协商不下。131****5214 #非警务#纠纷事项#劳资问题#报警电话:131****5214,劳动人事（就业）纠纷,劳动人事（就业）纠纷,0.9
JXIW202505070011,#长效关注#我女儿（徐晓娣，东恩中学读初三）不肯去读书，在家里大吵大闹要玩手机，138****6277 #非警务#纠纷事项#家庭婚姻感情问题#报警电话:138****6277,家庭婚姻纠纷,家庭婚姻纠纷,0.9
JXIW202505070012,#长效关注#我昨晚头撞到玻璃门，我现在店里要求去看医生，店家不同意引起纠纷 #非警务#纠纷事项#其他纠纷事项#报警电话:180****4836,其他纠纷,消费纠纷,0.9
JXIW202505070013,#长效关注#我要转让店面，上个月中介来收我的中介费，称把店铺转让出去后会把押金还给我，现中介人联系不上钱也没有给我。报警人电话：186****4444 #非警务#纠纷事项#租赁问题#报警电话:186****4444,债务纠纷,消费纠纷,0.9
JXIW202505070014,#长效关注#我在平台订了民宿，现想要退宿，对方称要扣一天房费，有纠纷。136****0936 #非警务#纠纷事项#消费问题#报警电话:136****0936,消费纠纷,消费纠纷,0.9
JXIW202505070015,#长效关注#我是运货司机，运货方和收货方有矛盾，现在两边的人都不肯给我运费，现在人在一起，有纠纷。报警人电话176****5104 #非警务#纠纷事项#物流（快递）问题#报警电话:176****5104,消费纠纷,劳动人事（就业）纠纷,0.9
JXIW202505070016,我是厕所管理人员，与外卖员因扫码拿纸问题产生纠纷。139****4639 #非警务#纠纷事项#其他纠纷事项#报警电话:139****4639,消费纠纷,消费纠纷,0.9
JXIW202505070017,我与对方因为染头发价格问题，现在产生纠纷，报警人电话：156****4802 #非警务#纠纷事项#消费问题#报警电话:156****4802,消费纠纷,消费纠纷,0.9
JXIW202505070018,我与对方因为染头发价格问题，现在产生纠纷，报警人电话：156****4802 #非警务#纠纷事项#消费问题#报警电话:156****4802,消费纠纷,消费纠纷,0.9
JXIW202505070019,#长效关注#我跟我爸妈吵架了，具体原因不肯说，报警人电话：181****1283 #非警务#纠纷事项#家庭婚姻感情问题#报警电话:181****1283,家庭婚姻纠纷,家庭婚姻纠纷,0.9
JXIW202505070401,我找中介找工作，我做了体检后，对方没有帮我找工作，现联系不上对方，报警电话：135****9463。请江厦街道介入化解矛盾,其他纠纷,劳动人事（就业）纠纷,0.9
JXIW202505080001,#长效关注#我在这里消费，因为价格问题产生纠纷，报警人电话137****0968 #非警务#纠纷事项#消费问题#报警电话:137****0968,消费纠纷,消费纠纷,0.9
JXIW202505080002,#长效关注#我在这里消费，因为价格问题产生纠纷，报警人电话137****0968 #非警务#纠纷事项#消费问题#报警电话:137****0968,消费纠纷,消费纠纷,0.9
JXIW202505080003,和另一个代驾因为生意的问题产生纠纷，现在另一个代驾不让我走，报警人电话183****9982 #非警务#纠纷事项#司乘（代驾）问题#报警电话:183****9982,消费纠纷,口角琐事纠纷,0.9
JXIW202505080004,#长效关注#我的孩子（13岁）不肯睡觉，还和我们吵架，请处理，联系电话137****6230 #非警务#纠纷事项#家庭婚姻感情问题#报警电话:137****6230,家庭婚姻纠纷,家庭婚姻纠纷,0.9
JXIW202505080005,"我们家漏水到楼下邻居家里,现在协商不下180****6799 #非警务#纠纷事项#邻里问题#报警电话:180****6799",邻里纠纷,邻里纠纷,0.9
JXIW202505080006,"我的两个合伙人背着我私自收钱,我发现后和对方有纠纷156****9667 #非警务#纠纷事项#经济（债务）问题#报警电话:156****9667",劳动人事（就业）纠纷,经济纠纷,0.9
JXIW202505080007,我们4个人是新入职的员工，公司让我们办了电话卡、还交了一个238元的体检费，现在我们想让老板退这个430元，发生矛盾，175****9225 #非警务#纠纷事项#劳资问题#报警电话:175****9225,劳动人事（就业）纠纷,劳动人事（就业）纠纷,0.9
JXIW202505080008,公司辞退了我，不给我辞退书，引起纠纷。199****8370   一直在吵架 #非警务#纠纷事项#劳资问题#报警电话:199****8370,劳动人事（就业）纠纷,劳动人事（就业）纠纷,0.9
JXIW202505080009,有的人试用期没通过，要拿走单位电脑，对方情绪激动，可能还想动手，189****6051 #非警务#纠纷事项#劳资问题#报警电话:189****6051,劳动人事（就业）纠纷,劳动人事（就业）纠纷,0.9
JXIW202505080010,#长效关注#乘客报警：说打出租车的价格太高，双方有纠纷155****5830 #非警务#纠纷事项#司乘（代驾）问题#报警电话:155****5830,消费纠纷,消费纠纷,0.9
JXIW202505080011,我在这里纹身，现间隔了一年，但是钱之前就已经全部给对方了，现对方要求我再补800元，我不肯，对方不肯给我纹完，有纠纷，166****9868 #非警务#纠纷事项#消费问题#报警电话:166****9868,消费纠纷,消费纠纷,0.9
JXIW202505080012,我在这里纹身，现间隔了一年，但是钱之前就已经全部给对方了，现对方要求我再补800元，我不肯，对方不肯给我纹完，有纠纷，166****9868 #非警务#纠纷事项#消费问题#报警电话:166****9868,消费纠纷,消费纠纷,0.9
JXIW202505080201,市民反映世界中心有装修单位6点开始有装修，与物业反映无果，望有关部门处理。,物业管理纠纷,噪声污染,0.9
JXIW202505090001,#长效关注#有人故意堵着大门口不肯让159****1220 #非警务#纠纷事项#其他纠纷事项#报警电话:159****1220,其他纠纷,街面秩序,0.9
JXIW202505090002,#长效关注#有人故意堵着大门口不肯让159****1220 #非警务#纠纷事项#其他纠纷事项#报警电话:159****1220,其他纠纷,街面秩序,0.9
JXIW202505090003,#长效关注#顾客报：我在这里买东西，商家辱骂我，引起纠纷183****2835 #非警务#纠纷事项#消费问题#报警电话:183****2835,消费纠纷,消费纠纷,0.9
JXIW202505090004,我在这里装种牙，因为价格问题和种牙的时间问题双方有纠纷139****2906 #非警务#纠纷事项#消费问题#报警电话:139****2906,医疗纠纷,消费纠纷,0.9
JXIW202505090005,#长效关注#对方因为自己业务问题没弄清楚，在这里闹，影响我们办公130****9236 #非警务#纠纷事项#其他纠纷事项#报警电话:130****9236,其他纠纷,公共秩序纠纷,0.9
JXIW202505090006,#长效关注#因有客人要求我们改券，在沟通过程中客人觉得我们的工作人员说话让他觉得不舒服了，现一直在闹。报警人：199****9059 #非警务#纠纷事项#消费问题#报警电话:199****9059,消费纠纷,消费纠纷,0.9
JXIW202505090007,#长效关注#因有客人要求我们改券，在沟通过程中客人觉得我们的工作人员说话让他觉得不舒服了，现一直在闹。报警人：199****9059.后称不用去了人走了 #非警务#纠纷事项#消费问题#报警电话:199****9059,消费纠纷,消费纠纷,0.9
JXIW202505090008,#长效关注#我在这里上班，店里今天辞退我，因为工资有纠纷，151****8791 #非警务#纠纷事项#劳资问题#报警电话:151****8791,劳动人事（就业）纠纷,劳动人事（就业）纠纷,0.9
JXIW202505090009,#长效关注#外卖员报：我送错了餐，我来换的时候，对方把我的外卖吃掉了，不肯付餐费引起纠纷。172****9490 #非警务#纠纷事项#物流（快递）问题#报警电话:172****9490,消费纠纷,消费纠纷,0.9
JXIW202505090010,#长效关注#外卖员报：我送错了餐，我来换的时候，对方把我的外卖吃掉了，不肯付餐费引起纠纷。172****9490 #非警务#纠纷事项#物流（快递）问题#报警电话:172****9490,消费纠纷,消费纠纷,0.9
JXIW202505090011,#长效关注#网约车司机：有乘客吐在车上，不肯付洗车费，需要处理188****2315 #非警务#纠纷事项#司乘（代驾）问题#报警电话:188****2315,消费纠纷,消费纠纷,0.9
JXIW202505090012,#长效关注#辅助，网约车司机报警：有乘客吐在车上，不肯付洗车费，需要处理188****2315 #非警务#纠纷事项#司乘（代驾）问题#报警电话:188****2315,消费纠纷,消费纠纷,0.9
JXIW202505100001,#长效关注#报警人称因客户需要退掉做的医疗产品费用有纠纷，电话180****3378。 #非警务#纠纷事项#消费问题#报警电话:180****3378,消费纠纷,消费纠纷,0.9
JXIW202505100002,#长效关注#我在这里买了手机，现对方不给退，未说地址就把电话挂了，回拨一直打不通，报警人电话186****6252 #非警务#纠纷事项#消费问题#报警电话:186****6252,消费纠纷,消费纠纷,0.9
JXIW202505100003,我在这里纹眉毛没弄好，对方不同意196****1280 #非警务#纠纷事项#消费问题#报警电话:196****1280,消费纠纷,消费纠纷,0.9
JXIW202505100004,#长效关注#我买了一部手机，我想退货，引起纠纷。180****8143 #非警务#纠纷事项#消费问题#报警电话:180****8143,消费纠纷,消费纠纷,0.9
JXIW202505100005,#长效关注#我找了家青年旅社，对方不让我住，引起纠纷，报警人电话136****3756 #非警务#纠纷事项#消费问题#报警电话:136****3756,消费纠纷,消费纠纷,0.9
JXIW202505100006,#长效关注#我找了中介介绍工作，但是一直没介绍成功，现对方不肯退还押金，双方引起纠纷，报警电话156****0865 #非警务#纠纷事项#经济（债务）问题#报警电话:156****0865,债务纠纷,消费纠纷,0.9
JXIW202505100007,#长效关注#退租电瓶车的钱引起纠纷，报警人电话：187****3752 #非警务#纠纷事项#租赁问题#报警电话:187****3752,债务纠纷,消费纠纷,0.9
JXIW202505100008,#长效关注#这里的理发店乱收费，还不让我走，需要调解189****9141 #非警务#纠纷事项#消费问题#报警电话:189****9141,消费纠纷,消费纠纷,0.9
JXIW202505110001,150****4619：我们在平台上定好了房间，现在房东要加价才能让我们入住，我们联系平台退款也需要房东同意才能退，现在房东联系得上但是不肯说自己在哪里，需要报警处理 #非警务#纠纷事项#消费问题#报警电话:150****4619,经济纠纷,消费纠纷,0.9
JXIW202505110002,#长效关注#我老公在这送快递，因为工资被扣问题有纠纷。186****1831 #非警务#纠纷事项#劳资问题#报警电话:186****1831,劳动人事（就业）纠纷,劳动人事（就业）纠纷,0.9
JXIW202505110003,#长效关注#我们给顾客多发了一台洗地机，现联系对方不肯归还，180****7057 #非警务#纠纷事项#消费问题#报警电话:180****7057,消费纠纷,消费纠纷,0.9
JXIW202505110004,#长效关注#租装备对方不退钱，有纠纷。177****5452 #非警务#纠纷事项#租赁问题#报警电话:177****5452,债务纠纷,消费纠纷,0.9
JXIW202505110005,#长效关注#我们叫了顺风车(浙CAT7712)送东西，现司机要收高速费，我没给，司机就不把东西给我。186****0386 #非警务#纠纷事项#物流（快递）问题#报警电话:186****0386,消费纠纷,消费纠纷,0.9
JXIW202505110006,#长效关注#我的车停在这里被保安拖走了，原因不清楚，还不告诉我车在什么地方。报警人电话：157****8373 #非警务#纠纷事项#物业管理问题#报警电话:157****8373,物业管理纠纷,物业管理纠纷,0.9
JXIW202505110007,#长效关注#我是骑手，商家称我弄丢了外卖，现因为外卖问题有纠纷。155****3261 #非警务#纠纷事项#其他纠纷事项#报警电话:155****3261,其他纠纷,消费纠纷,0.9
JXIW202505110008,我在这边烫了头，后面给我加套餐，也没有和我说价钱。后我觉得发型不好看，想要退钱，对方不肯引起纠纷186****8223 #非警务#纠纷事项#消费问题#报警电话:186****8223,消费纠纷,消费纠纷,0.9
JXIW202505110009,#长效关注#我的车停在这里被保安拖走了，原因不清楚，还不告诉我车在什么地方。报警人电话：157****8373 #非警务#纠纷事项#物业管理问题#报警电话:157****8373,物业管理纠纷,物业管理纠纷,0.9
JXIW202505110010,#长效关注#停车场显示周末对外开放，有辆车开过来未抬杆，对方停在停车场门口不移。报警人电话：156****7083 #非警务#纠纷事项#其他纠纷事项#报警电话:156****7083,其他纠纷,街面秩序,0.9
JXIW202505110011,#长效关注#司机帮我们送银行卡，司机等我们的时候车子有个违章，让我负责，双方有纠纷。177****8487 #非警务#纠纷事项#司乘（代驾）问题#报警电话:177****8487,消费纠纷,消费纠纷,0.9
JXIW202505110012,#长效关注#我是骑手，商家称我弄丢了外卖，现因为外卖问题有纠纷。155****3261 #非警务#纠纷事项#物流（快递）问题#报警电话:155****3261,消费纠纷,消费纠纷,0.9
JXIW202505110013,#长效关注#司机帮我们送银行卡，司机等我们的时候车子有个违章，让我负责，双方有纠纷。177****8487 #非警务#纠纷事项#司乘（代驾）问题#报警电话:177****8487,消费纠纷,消费纠纷,0.9
JXIW202505110014,#长效关注#我在这里住，老板说房间被人包完了，我只能退房，然后我去拿东西的时候别人也退房了，老板说我的关系别人也退房了，产生纠纷，报警人158****6759 #非警务#纠纷事项#租赁问题#报警电话:158****6759,债务纠纷,其他纠纷,0.9
JXIW202505110015,对方是留学机构，现对方不肯退款有纠纷。186****8996 #非警务#纠纷事项#消费问题#报警电话:186****8996,消费纠纷,消费纠纷,0.9
JXIW202505110016,137****8397：电瓶车租赁费用过高，要退车，引起纠纷。 #非警务#纠纷事项#租赁问题#报警电话:137****8397,经济纠纷,消费纠纷,0.9
JXIW202505110017,#长效关注#来电称我在这里干活，老板辞退我不给工资，我在店门口。130****2386 #非警务#纠纷事项#劳资问题#报警电话:130****2386,劳动人事（就业）纠纷,劳动人事（就业）纠纷,0.9
JXIW202505110018,#长效关注#客人打桌球时把桌球台子打坏了需要赔偿，有纠纷，电话131****9521。 #非警务#纠纷事项#消费问题#报警电话:131****9521,消费纠纷,消费纠纷,0.9
JXIW202505110019,#长效关注#因我停了对方的车位，把我的车堵住了，现不愿意移开，有纠纷，报警人电话：180****6940 #非警务#纠纷事项#邻里问题#报警电话:180****6940,邻里纠纷,邻里纠纷,0.9
JXIW202505110020,#长效关注#我把东西摔坏了，因为赔偿问题有纠纷，报警人要求民警到场处理，报警人电话132****9390 #非警务#纠纷事项#经济（债务）问题#报警电话:132****9390,债务纠纷,经济纠纷,0.9
JXIW202505110021,#长效关注#有人不愿意付停车费，产生纠纷，报警人电话：151****7319 #非警务#纠纷事项#物业管理问题#报警电话:151****7319,物业管理纠纷,物业管理纠纷,0.9
JXIW202505120001,之前已经调解今天去处理工资问题，老板现在不肯出面，不给我工资，需要处理151****8791 #非警务#纠纷事项#劳资问题#报警电话:151****8791,劳动人事（就业）纠纷,劳动人事（就业）纠纷,0.9
JXIW202505120002,我女儿在这里干了五天，对方不给工资还不让她干活了，139****6143 #非警务#纠纷事项#劳资问题#报警电话:139****6143,劳动人事（就业）纠纷,劳动人事（就业）纠纷,0.9
JXIW202505120003,辅助：我女儿在这里干了五天，对方不给工资还不让她干活了，139****6143 #非警务#纠纷事项#劳资问题#报警电话:139****6143,劳动人事（就业）纠纷,劳动人事（就业）纠纷,0.9
JXIW202505120004,#长效关注#顾客中了100元来兑彩票，但是对方一定说中了500让我兑189****1663 #非警务#纠纷事项#消费问题#报警电话:189****1663,消费纠纷,消费纠纷,0.9
JXIW202505120005,在理发店买了一顶假发，后认为太假了要退款，理发店不同意，188****7391 #非警务#纠纷事项#消费问题#报警电话:188****7391,消费纠纷,消费纠纷,0.9
JXIW202505120006,#长效关注#我在这里工作，向对方借生活费，对方不借还不让我工作了引起纠纷，188****9903 #非警务#纠纷事项#劳资问题#报警电话:188****9903,劳动人事（就业）纠纷,劳动人事（就业）纠纷,0.9
JXIW202505120007,"#长效关注#昨天有个客户吃了面后说有玻璃渣把牙齿磕坏了,后面一直在讹我的钱180****5226,152****5017 #非警务#纠纷事项#消费问题#报警电话:180****5226",消费纠纷,消费纠纷,0.9
JXIW202505120008,#长效关注#老人家报警，老公将我关门口不让我进引起纠纷，报警人电话：133****7739 #非警务#纠纷事项#家庭婚姻感情问题#报警电话:133****7739,家庭婚姻纠纷,家庭婚姻纠纷,0.9
JXIW202505120009,#长效关注#对方开了我的车不还给我，发生纠纷。138****4906 #非警务#纠纷事项#其他纠纷事项#报警电话:138****4906,其他纠纷,其他纠纷,0.9
JXIW202505120010,"#长效关注#对方开了我的车不还给我，发生纠纷。138****4906
重复报警:报警时间:2025-05-12 20:20:04, 报警电话:138****4906, 联系电话:138****4906, #非警务#纠纷事项#其他纠纷事项#报警电话:138****4906",其他纠纷,其他纠纷,0.9
JXIW202505120101,天封社区大沙泥街87弄3号有居民投诉反映楼上住户马桶渗漏影响楼下，楼上出租户不愿意赔偿,邻里纠纷,损害赔偿纠纷,0.9
JXIW202505120401,群众来电称灵桥市场1326该家公司多次收取体检费不安排工作后不退换相关费用，请街道相关部门处理,消费纠纷,消费纠纷,0.9
JXIW202505130001,#长效关注#店员把我们买的东西吃掉了， 现在又要重新给我们做，现在还和我们吵架，双方有纠纷。135****7032 #非警务#纠纷事项#消费问题#报警电话:135****7032,消费纠纷,消费纠纷,0.9
JXIW202505130002,#长效关注#因还车的租金问题，双方发生纠纷 136****8520 #非警务#纠纷事项#租赁问题#报警电话:136****8520,债务纠纷,消费纠纷,0.9
JXIW202505130003,#长效关注#外卖员来电，在这里租的电瓶车因费用扣费问题引起纠纷 #非警务#纠纷事项#物流（快递）问题#报警电话:150****5371,消费纠纷,消费纠纷,0.9
JXIW202505130004,#长效关注#我朋友在这里治疗狐臭，现在没有效果182****4409 #非警务#纠纷事项#医患问题#报警电话:182****4409,医疗纠纷,医疗纠纷,0.9
JXIW202505130005,#长效关注#136****0442我找工作，现在中介给我找的工作和我预期的不一样，有纠纷需要处理 #非警务#纠纷事项#其他纠纷事项#报警电话:136****0442,其他纠纷,劳动人事（就业）纠纷,0.9
JXIW202505130006,#长效关注#我们在路边摊买的枇杷缺斤短两，对方跑了，需要处理186****1212 #非警务#纠纷事项#消费问题#报警电话:186****1212,消费纠纷,消费纠纷,0.9
JXIW202505130007,#长效关注#因停车费和管理人员有纠纷158****4568 #非警务#纠纷事项#物业管理问题#报警电话:158****4568,物业管理纠纷,消费纠纷,0.9
JXIW202505130302,在县学街22号附近，城隍夜市后巷市集有2家摊位发生争吵与殴打，请街道相关部门协助。,治安隐患纠纷,公共秩序纠纷,0.9
JXIW202505140001,#长效关注#报警人称来这家理发店接头发，就费用的问题与店家有纠纷，186****8093 #非警务#纠纷事项#消费问题#报警电话:186****8093,消费纠纷,消费纠纷,0.9
JXIW202505140002,出租车司机报：乘客喝多了不肯付钱引起纠纷。130****7621 #非警务#纠纷事项#司乘（代驾）问题#报警电话:130****7621,消费纠纷,消费纠纷,0.9
JXIW202505140004,#长效关注#我来这里通管道，现在对方不愿意给钱，引起纠纷。137****1172 #非警务#纠纷事项#消费问题#报警电话:137****1172,消费纠纷,消费纠纷,0.9
JXIW202505140005,我前天买的手机现发现发现有质量问题，现引起纠纷，报警人电话：135****3403.（我是用我朋友手机报的警） #非警务#纠纷事项#消费问题#报警电话:135****3403,消费纠纷,消费纠纷,0.9
JXIW202505140006,#长效关注#我与快递员因退货快递的事情发生纠纷，报警人电话：136****8626。 #非警务#纠纷事项#物流（快递）问题#报警电话:136****8626,消费纠纷,消费纠纷,0.9
JXIW202505140007,#长效关注#我是快递员，有个人下单寄东西，现又不寄件也不肯取消订单，有纠纷，报警人电话：152****5305 #非警务#纠纷事项#物流（快递）问题#报警电话:152****5305,消费纠纷,消费纠纷,0.9
JXIW202505140008,#长效关注#大楼里有人在施工，现在把建筑垃圾放在我们大堂，产生纠纷。135****4848 #非警务#纠纷事项#其他纠纷事项#报警电话:135****4848,环保纠纷,工程施工纠纷,0.9
JXIW202505140009,#长效关注#大楼里有人在施工，现在把建筑垃圾放在我们大堂，产生纠纷。135****4848（后报警人来电称无需处理） #非警务#纠纷事项#其他纠纷事项#报警电话:135****4848,物业管理纠纷,工程施工纠纷,0.9
JXIW202505140010,#长效关注#我们报了对方的班，现在不想读了，对方不给我退费，报警人电话132****9989 #非警务#纠纷事项#消费问题#报警电话:132****9989,消费纠纷,消费纠纷,0.9
JXIW202505140011,我在这里做的抽脂手术效果不理想，现在和医院有纠纷134****8950 #非警务#纠纷事项#医患问题#报警电话:134****8950,医疗纠纷,医疗纠纷,0.9
JXIW202505140012,#长效关注#这里有纠纷，因为租车引起。183****2687 #非警务#纠纷事项#租赁问题#报警电话:183****2687,债务纠纷,消费纠纷,0.9
JXIW202505140013,我在美容院办了卡，后对方向我推销了美容服务，现我要退款，双方引起纠纷，报警电话135****2474 #非警务#纠纷事项#消费问题#报警电话:135****2474,消费纠纷,消费纠纷,0.9
JXIW202505140014,#长效关注#186****6025报：对方问我借手机，我没有借，对方骂我，还吐口水，需要调解 #非警务#纠纷事项#其他纠纷事项#报警电话:186****6025,其他纠纷,口角琐事纠纷,0.9
JXIW202505140103,家住58弄4号403住户反映家中阳台漏水，自己与楼上租客交流无果，希望协助调解,邻里纠纷,邻里纠纷,0.9
JXIW202505140402,家住58弄5号105反映，最近漏水租客深夜之后整夜有声音，严重影响其睡眠，希望调解,邻里纠纷,噪声污染,0.9
JXIW202505140501,大沙泥街39弄22号105室，这户人家发出砸墙的声音，扰民严重，需要处理。报警人称隔壁在挖墙，未发现可疑情况，听其提供的录音有些杂音，查看墙面没有发现异常，报警人坚持肯定认为对方有砸墙的行为并要求处理，请江厦送街道加强关怀。报警人尹辉锋3201*****0944,突发事件,噪声污染,0.9
JXIW202505150001,#长效关注#我租房东的房子，交了房租房东老太不承认有纠纷188****7582 #非警务#纠纷事项#租赁问题#报警电话:188****7582,债务纠纷,消费纠纷,0.9
JXIW202505150002,#长效关注#昨天有个中介公司帮我找工作收了我定金（360元），我今天想退，对方不给退，双方在一起，报警人137****7151 #非警务#纠纷事项#其他纠纷事项#报警电话:137****7151,其他纠纷,消费纠纷,0.9
JXIW202505150003,#长效关注#前几天，我去医院看男科，三天收了我15000元，医院收费太高，怀疑被骗了。136****9845 #非警务#纠纷事项#消费问题#报警电话:136****9845,医疗纠纷,消费纠纷,0.9
JXIW202505150004,我把钱放在在里面炒股，发现里面的钱少了引起纠纷。我人在江北上班136****8251 #非警务#纠纷事项#金融问题#报警电话:136****8251,金融纠纷,金融纠纷,0.9
JXIW202505150005,老板给我的工资太少了有纠纷。133****0466 #非警务#纠纷事项#劳资问题#报警电话:133****0466,劳动人事（就业）纠纷,劳动人事（就业）纠纷,0.9
JXIW202505150006,#长效关注#我的快递地址写错了，收到我快递的人不肯把衣服退给我，让我付50元钱才能退还衣服。153****4614 #非警务#纠纷事项#物流（快递）问题#报警电话:153****4614,消费纠纷,消费纠纷,0.9
JXIW202505150007,我老婆在健身房报了课程，与商家因退款问题协商不下，并且对方在小红书上骂我老婆和我的家人，有纠纷需要处理。136****5323 #非警务#纠纷事项#消费问题#报警电话:136****5323,消费纠纷,消费纠纷,0.9
JXIW202505150008,因为店铺转让问题引起纠纷，要求处理，报警人电话：158****8180 #非警务#纠纷事项#经济（债务）问题#报警电话:158****8180,经济纠纷,消费纠纷,0.9
JXIW202505150009,有人在宿舍偷拍了，还把我的照片发在网上，引起纠纷。138****7932 #非警务#纠纷事项#邻里问题#报警电话:138****7932,邻里纠纷,其他纠纷,0.9
JXIW202505150108,江厦街道新街社区居民投诉药行街202弄17点楼下在装修平台，已经装修了半个月了，每天不到七点就开始装修了 ，已经构成扰民。希望相关部门介入处理,邻里纠纷,噪声污染,0.9
JXIW202505150201,2025-05-15 03:57:11 碶闸街9号富茂大厦906室，拖动椅子的声音噪音扰民。民警王凯迪到达现场，已告知报警人楼上906室注意音量，不要扰民，当事住户疑似酒后不愿提供个人信息，请社区介入化解矛盾。,邻里纠纷,邻里纠纷,0.9
JXIW202505150202,2025-05-14 06:05:45银亿环球中心C座802，报警人情绪激动，只说了有人在打她。民警祝应生到达现场，经了解系男女朋友分手引起感情纠纷，没有打架，将双方带回所处理，书面调解完毕，推送街道介入化解矛盾。,治安隐患纠纷,情感纠纷,0.9
JXIW202505150409,灵桥广场市场部分的业主对物业公司同时收取物业费和管理费不认可，业委会与物业矛盾加剧，导致三楼业主未缴纳物业费，电费拖欠多时，电业局多次催缴，大楼面临全面停电的风险。请相关部门协调处理,公共秩序纠纷,物业管理纠纷,0.9
JXIW202505150504,#邻里纠纷#39-22-104居民多次反映，隔壁邻居半夜噪音影响睡眠，经社区联系，仍有噪音，希望相关部门协调处理。,邻里纠纷,噪声污染,0.9
JXIW202505160001,#长效关注#顾客消费不买单引起纠纷。137****5888 #非警务#纠纷事项#消费问题#报警电话:137****5888,消费纠纷,消费纠纷,0.9
JXIW202505160002,我与开锁师傅因开锁费用问题有纠纷。135****7416 #非警务#纠纷事项#消费问题#报警电话:135****7416,其他纠纷,消费纠纷,0.9
JXIW202505160003,#长效关注#中介违规收费，随后不退押金，双方在一起需要处理。156****3719 #非警务#纠纷事项#劳资问题#报警电话:156****3719,劳动人事（就业）纠纷,消费纠纷,0.9
JXIW202505160004,#长效关注#对方装修钱不付，还和我们吵架，现在公司里闹事，快打起来了。报警人：153****0889 #非警务#纠纷事项#劳资问题#报警电话:153****0889,经济纠纷,劳动人事（就业）纠纷,0.9
JXIW202505160005,报了舞蹈课，什么都没学会，要退款，但是没签合同，对方现要我们赔偿违约金，双方有纠纷。电话：177****9417 #非警务#纠纷事项#消费问题#报警电话:177****9417,消费纠纷,消费纠纷,0.9
JXIW202505160006,昨天我来应聘，今天来办理辞职，商家就让我给合同上写的违约金，180****8295 #非警务#纠纷事项#劳资问题#报警电话:180****8295,劳动人事（就业）纠纷,劳动人事（就业）纠纷,0.9
JXIW202505160007,"#长效关注#我打了一辆网约车,因价格问题协商不下发生纠纷186****8713 #非警务#纠纷事项#司乘（代驾）问题#报警电话:186****8713",消费纠纷,消费纠纷,0.9
JXIW202505160008,中介介绍工作（跑外卖）随后带我们来租车，租赁车辆要扣押租金（合同上写的时间日期不合理），双方在一起需要处理。130****1276 #非警务#纠纷事项#租赁问题#报警电话:130****1276,经济纠纷,消费纠纷,0.9
JXIW202505160103,#（一件事）车棚车库#接到居民电话反映自己车棚被非法侵占，并且私接电线，内部堆满物品，社区工作人员找到证据确定侵占人，但对方拒不承认，请相关部门出面协调,邻里纠纷,其他纠纷,0.9
JXIW202505170001,#长效关注#出租车司机不带我去目的地，称要加钱，有纠纷155****8281 #非警务#纠纷事项#司乘（代驾）问题#报警电话:155****8281,消费纠纷,消费纠纷,0.9
JXIW202505170002,#长效关注#出租车司机不带我去目的地，称要加钱，有纠纷155****8281 后报警人再次来电催促 #非警务#纠纷事项#司乘（代驾）问题#报警电话:155****8281,消费纠纷,消费纠纷,0.9
JXIW202505170003,#长效关注#132****2073路人报：这里有人在吵架，好像是因为装修引起的 #非警务#纠纷事项#其他纠纷事项#报警电话:132****2073,其他纠纷,邻里纠纷,0.9
JXIW202505170004,#长效关注#楼下装修砸了承重墙，我们说了对方几句，对方就骂我132****5600 #非警务#纠纷事项#邻里问题#报警电话:132****5600,邻里纠纷,邻里纠纷,0.9
JXIW202505170005,（辅助下单）楼下装修砸了承重墙，我们说了对方几句，对方就骂我132****5600 #非警务#纠纷事项#邻里问题#报警电话:132****5600,邻里纠纷,邻里纠纷,0.9
JXIW202505170006,工作人员报：因外卖员的单子被别人拿走，就辱骂我们，152****2943 #非警务#纠纷事项#物流（快递）问题#报警电话:152****2943,消费纠纷,消费纠纷,0.9
JXIW202505170007,#长效关注#158****8642我在这里买了东西，现因退款问题引起纠纷需要处理 #非警务#纠纷事项#消费问题#报警电话:158****8642,消费纠纷,消费纠纷,0.9
JXIW202505170008,#长效关注#我面试跑外卖，对方说报销车费，我不打算入职对方就不报销了，报警人：159****6761 #非警务#纠纷事项#劳资问题#报警电话:159****6761,劳动人事（就业）纠纷,劳动人事（就业）纠纷,0.9
JXIW202505170009,#长效关注#我面试跑外卖，对方说报销车费，我不打算入职对方就不报销了，报警人：159****6761（告知已通知街道，辅助下单) #非警务#纠纷事项#劳资问题#报警电话:159****6761,劳动人事（就业）纠纷,劳动人事（就业）纠纷,0.9
JXIW202505170010,#长效关注#137****4819顾客报：骑手辱骂我，具体情况报警人不肯回答 #非警务#纠纷事项#其他纠纷事项#报警电话:137****4819,其他纠纷,消费纠纷,0.9
JXIW202505170011,#长效关注#我买笔记本电脑商家给我旧机态度还很差有纠纷188****7812 #非警务#纠纷事项#消费问题#报警电话:188****7812,消费纠纷,消费纠纷,0.9
JXIW202505170012,#长效关注#店铺拖欠我们货款183****4192 #非警务#纠纷事项#经济（债务）问题#报警电话:183****4192,债务纠纷,债务纠纷,0.9
JXIW202505170013,因工资问题和前员工有纠纷，对方不肯离开，需要调解137****6008 #非警务#纠纷事项#劳资问题#报警电话:137****6008,劳动人事（就业）纠纷,劳动人事（就业）纠纷,0.9
JXIW202505170014,189****0652，老板不要我做了，工资没给我结，需要调解 #非警务#纠纷事项#劳资问题#报警电话:189****0652,劳动人事（就业）纠纷,劳动人事（就业）纠纷,0.9
JXIW202505170201,2025-05-17 18:02:18 江厦银座4楼401  因工资问题和前员工有纠纷，对方不肯离开，需要调解137****6008。民警廖麟辉到达现场，经了解因工程款引起纠纷，讨钱的人情绪激动，未发生菜刀砍人情况，经民警劝导后，当事人已自行离开。请送江厦街道和相关部门介入处理。（报警人范欣玲 身份证：4113*****3665；当事人邓占家，身份证：4123*****1651）,治安隐患纠纷,劳动人事（就业）纠纷,0.9
JXIW202505180001,楼上漏水了，导致我的房间一塌糊涂，我把邻居叫起来了，需要民警过来处理183****0031 #非警务#纠纷事项#邻里问题#报警电话:183****0031,邻里纠纷,邻里纠纷,0.9
JXIW202505180002,因老板没有给干活的钱，双方引起纠纷。报警人：139****3846 #非警务#纠纷事项#劳资问题#报警电话:139****3846,劳动人事（就业）纠纷,劳动人事（就业）纠纷,0.9
JXIW202505180003,#长效关注#我是外卖骑手，因我打电话给顾客询问地址，顾客骂我，双方引起纠纷，报警电话176****8741 #非警务#纠纷事项#物流（快递）问题#报警电话:176****8741,消费纠纷,消费纠纷,0.9
JXIW202505180004,#长效关注#我舅舅在这里租了房子，因我舅舅生病住院我需要回来收拾东西，但是现在房东不给我开门，双方引起纠纷，报警电话189****9102 #非警务#纠纷事项#租赁问题#报警电话:189****9102,债务纠纷,债务纠纷,0.7
JXIW202505180005,#长效关注#网约车司机一直骂骂咧咧，车子开的不好，引起纠纷。133****5670 #非警务#纠纷事项#司乘（代驾）问题#报警电话:133****5670,消费纠纷,消费纠纷,0.9
JXIW202505180006,我在网上找工作，后来线下租车，现在我发现和网上说的不一样，我现在不想租车了，和对方因为押金问题有纠纷151****0997 #非警务#纠纷事项#劳资问题#报警电话:151****0997,经济纠纷,劳动人事（就业）纠纷,0.9
JXIW202505180007,#长效关注#昨天去店里修了电脑，电脑没有修好，现在与店家有纠纷，报警电话172****8196 #非警务#纠纷事项#消费问题#报警电话:172****8196,消费纠纷,消费纠纷,0.9
JXIW202505180008,153****1066，安装空调，配件被换掉，现在对方不帮我把安装人员叫来协商，引起纠纷。 #非警务#纠纷事项#消费问题#报警电话:153****1066,消费纠纷,消费纠纷,0.9
JXIW202505180009,#长效关注#老年人报警，租客不付我房租，电话158****9576 #非警务#纠纷事项#租赁问题#报警电话:158****9576,债务纠纷,债务纠纷,0.9
JXIW202505180010,老年人报警，租客不付我房租，电话158****9576，报警人来电催促，请与报警电话联系（辅助下单） #非警务#纠纷事项#租赁问题#报警电话:158****9576,经济纠纷,债务纠纷,0.9
JXIW202505180011,#长效关注#135****2479报：我让对方移车让位给我加油，对方不肯已走引起纠纷 #非警务#纠纷事项#其他纠纷事项#报警电话:135****2479,其他纠纷,街面秩序,0.9
JXIW202505180201,2025-05-18 23:00:33海曙大沙泥街99弄514，我前夫去年肺癌去世，我女儿（10岁）觉得是我害死的，还想拿刀砍我（现在没拿），双方有纠纷（紧急）。民警祝应生到达现场，经了解系母女吵架引起，女儿13岁比较叛逆，没有人受伤。双方均不愿提供女儿身份信息。推送街道关注。,经济纠纷,家庭婚姻纠纷,0.9
JXIW202505190001,#长效关注#我们在这里摆摊，因为摊位问题有纠纷，吵架了191****8049 #非警务#纠纷事项#其他纠纷事项#报警电话:191****8049,其他纠纷,街面秩序,0.9
JXIW202505190002,#长效关注#我之前出差的时候，衣服被酒店洗损坏了，酒店称是客人。但酒店一直不配合不给看监控，现因为衣服赔偿问题，引起纠纷。报警人不在现场。152****7536 #非警务#纠纷事项#消费问题#报警电话:152****7536,消费纠纷,消费纠纷,0.9
JXIW202505190004,#长效关注#买了眼镜，现在售后问题有纠纷 159****0154 #非警务#纠纷事项#消费问题#报警电话:159****0154,消费纠纷,消费纠纷,0.9
JXIW202505190005,老板把我的手机修坏了，引起纠纷。057****09980 #非警务#纠纷事项#消费问题#报警电话:057****09980,其他纠纷,消费纠纷,0.9
JXIW202505190006,"老板把我的手机修坏了，引起纠纷。057****09980（14:50分来电称没有接到街道人员的电话，需要街道人员联系报警人）
重复报警:报警时间:2025-05-19 14:22:24, 报警电话:057****51823, 联系电话:057****51823, #非警务#纠纷事项#消费问题#报警电话:057****09980",其他纠纷,消费纠纷,0.9
JXIW202505190007,我在这里租了辆电瓶车，退电瓶车时，对方辱骂我，产生纠纷。134****0365 #非警务#纠纷事项#租赁问题#报警电话:134****0365,经济纠纷,消费纠纷,0.9
JXIW202505190008,因出租车司机乱收费引起纠纷，电话181****9869。 #非警务#纠纷事项#司乘（代驾）问题#报警电话:181****9869,消费纠纷,消费纠纷,0.9
JXIW202505190107,有群众反映，灵桥广场5楼a07一家企业以介绍工作为名骗取中介费。社区上门查看，发现该企业有多个办公点，有多家注册公司，与顾客签订名为《个人与公司合作协议》收取360元履约保证金。合作协议非劳动协议，需法院诉讼。19日再次上门查看发现该企业已关门搬家。,治安隐患纠纷,消费纠纷,0.9
JXIW202505190206,小梁街26弄19号车棚对面花坛里小梁街26弄18号111室出租户清洁工经常在这里进行纸板、泡沫等堆放，导致环境脏乱差，居民投诉不断，请相关活动督促有关部门进行处理，谢谢！,公共秩序纠纷,环保纠纷,0.9
JXIW202505190208,5月13日市民来电反映自己住在莲桥社区郭南小区解放南路13号301室，2024年6月份发现外墙漏水，市民向居委会反映，居委会没有配备专业人员给市民维修，给市民找了一个调解员，脾气很暴躁，说不在他们受理范围内，到现在都没有给市民维修，但是其他业主有要维修的，居委会都给维修了，市民对此不认可，现来电要求尽快给市民维修好外墙漏水的问题。请相关部门协助处理-#矛调类其他#,物业管理纠纷,其他纠纷,0.9
JXIW202505190209,有市民反映石板巷7号附近窨井盖外溢臭水，要求处理。,公共秩序纠纷,环保纠纷,0.9
JXIW202505190212,碶闸街58号都市仁和中心4-14商户，反映5月14日18：10有人撬门，但物业没有监控，也没有巡逻人员，来电投诉，要求安装新监控，与物业矛盾较大，请求街道矛调中心协助处理。,工程施工纠纷,物业管理纠纷,0.9
JXIW202505190303,#邻里纠纷#狮子街63弄3号104为民政局的供养房，原居住人过世后房屋长期空关无人打理，院子里的野草已经长到影响楼上住户的日常生活，且天气热后蚊虫较多，周围居民反应较大，望相关部门介入协调解决。,邻里纠纷,其他纠纷,0.9
JXIW202505190401,2025-05-19 02:50:25双梁小区18幢502（开明街旁边双梁小区），502家里发出噪音，类似走路声，扰民（来电完善地址）。民警祝应生到达现场，在报警人家中大梁街18号402没有听到声音，其反映称楼上时不时会有走路拉窗帘的声音影响了报警人休息。502敲门没人应。天亮后将情况反馈给社区民警加以关注。多次报警，推送街道调解矛盾。,物业管理纠纷,噪声污染,0.9
JXIW202505190402,2025-05-18 05:06:55   大沙泥街天封社区39弄11号楼607， 吵架了，男朋友打我，没有工具，不需要120。民警孙国栋到达现场，经了解系男女朋友吵架，自行解决。没有打架，处结单已上传。请江厦街道介入化解矛盾,治安隐患纠纷,情感纠纷,0.9
JXIW202505190505,有患者反映住院三天医院收费太高，怀疑被骗，遂报警。,治安隐患纠纷,消费纠纷,0.9
JXIW202505190506,狮子街95弄2-506反映楼上606每天早上起床太早，噪音大影响她休息。请有关部门协助社区进行处理。,邻里纠纷,邻里纠纷,0.9
JXIW202505200001,#长效关注#我是租客，我和房东因房屋租赁问题有纠纷，报警电话188****7582 #非警务#纠纷事项#租赁问题#报警电话:188****7582,债务纠纷,房地产纠纷,0.9
JXIW202505200002,我在这里办电焊证，交了4000元，对方说包过的，现在却没有过，起纠纷151****5213 #非警务#纠纷事项#消费问题#报警电话:151****5213,其他纠纷,消费纠纷,0.9
JXIW202505200003,因为租车违约金的事情双方有纠纷 ，报警人号码：180****8295 #非警务#纠纷事项#租赁问题#报警电话:180****8295,经济纠纷,消费纠纷,0.9
JXIW202505200004,#长效关注#小孩（14岁，刘一一）接发，之前说380元，现在染发后称要2000元了，纠纷需要处理，报警人现在赶过去158****9920 #非警务#纠纷事项#消费问题#报警电话:158****9920,消费纠纷,消费纠纷,0.9
JXIW202505200005,#长效关注#工资拿不到，联系不上负责人，现在工作地180****1728 #非警务#纠纷事项#劳资问题#报警电话:180****1728,劳动人事（就业）纠纷,劳动人事（就业）纠纷,0.9
JXIW202505200006,刚刚小孩（15岁）在理发店烫发花了1500元，怀疑店里诱导消费，有纠纷，电话：182****4696 #非警务#纠纷事项#消费问题#报警电话:182****4696,消费纠纷,消费纠纷,0.9
JXIW202505200007,#长效关注#我是货拉拉司机，昨晚从上海拉货到这边，现在拿不到运费，有纠纷，电话：199****1045 #非警务#纠纷事项#物流（快递）问题#报警电话:199****1045,消费纠纷,劳动人事（就业）纠纷,0.9
JXIW202505200008,找工作（外卖员），我不想干了，现在租车服务费对方不愿退。166****6166 #非警务#纠纷事项#租赁问题#报警电话:166****6166,经济纠纷,消费纠纷,0.9
JXIW202505200009,我在看见58招聘app上看见同城配送的工作，对方让我办了200元骑行卡，还给我借了很多贷款，与他们之前电话里讲的不一样，现有纠纷，138****3864 #非警务#纠纷事项#劳资问题#报警电话:138****3864,消费纠纷,劳动人事（就业）纠纷,0.9
JXIW202505200010,#长效关注#和快递有纠纷。报警人：151****0108。 #非警务#纠纷事项#物流（快递）问题#报警电话:151****0108,消费纠纷,消费纠纷,0.9
JXIW202505200011,我买了手表，现不想要了，对方不退，有纠纷。132****3598 #非警务#纠纷事项#消费问题#报警电话:132****3598,消费纠纷,消费纠纷,0.9
JXIW202505200012,#长效关注#我打了一辆网约车，手机忘在网约车上，现司机不肯给我送回来，186****6399 #非警务#纠纷事项#司乘（代驾）问题#报警电话:186****6399,消费纠纷,消费纠纷,0.9
JXIW202505200013,因为倒垃圾的事情，有纠纷。130****2583 #非警务#纠纷事项#其他纠纷事项#报警电话:130****2583,邻里纠纷,邻里纠纷,0.9
JXIW202505200014,#长效关注#我找对方上门维修，之前说好上门费是40元，后对方一定要我支付99元，有纠纷，130****7916 #非警务#纠纷事项#消费问题#报警电话:130****1187,消费纠纷,消费纠纷,0.9
JXIW202505200015,#长效关注#我找对方上门维修，之前说好上门费是40元，后对方一定要我支付99元，有纠纷，130****7916 #非警务#纠纷事项#消费问题#报警电话:130****1187,消费纠纷,消费纠纷,0.9
JXIW202505200016,#长效关注#修电脑有纠纷。136****5985 #非警务#纠纷事项#消费问题#报警电话:136****5985,消费纠纷,消费纠纷,0.9
JXIW202505200017,#长效关注#我买了化妆品，想要退，对方不给退引起纠纷180****4587 #非警务#纠纷事项#消费问题#报警电话:180****4587,消费纠纷,消费纠纷,0.9
JXIW202505200018,#长效关注#我买了化妆品，想要退，对方不给退引起纠纷180****4587（21:59来电催促） #非警务#纠纷事项#消费问题#报警电话:180****4587,消费纠纷,消费纠纷,0.9
JXIW202505200019,我送外卖租了一辆电瓶车，电瓶车还了后对方，现租金一直在扣，报警人目前在江厦所门口，电话：183****6311 #非警务#纠纷事项#物流（快递）问题#报警电话:183****6311,消费纠纷,消费纠纷,0.9
JXIW202505200101,狮子街129-18-301屋顶和墙体因401卫生间漏水受损，双方就赔偿款产生矛盾纠纷，社区协调无果，请街道相关职能部门协调解决。,经济纠纷,损害赔偿纠纷,0.9
JXIW202505200119,网格员巡查中，收到居民投诉，认为清卫工收了他的清理费用，却没有及时搬走装修垃圾。经调查，是双方对清理范围有误会，因此产生纠纷。双方各执一词，无法调和，上报街道矛调中心，希望帮助解决。-#矛调类其他#,公共秩序纠纷,消费纠纷,0.9
JXIW202505210001,2025-05-21 00:07:52江厦街道富茂大厦906室，906室走路声音，咚咚声很吵，噪音扰民。民警陈祉含到达现场，经了解系民宿906室走路声音，已告知放轻音量，减少不必要生活噪音。请街道调解矛盾。,邻里纠纷,噪声污染,0.9
JXIW202505210101,天封社区大沙泥街87弄3号有居民投诉反映楼上住户马桶渗漏影响楼下，楼上出租户不愿意赔偿,邻里纠纷,损害赔偿纠纷,0.9
JXIW202505210207,巡查时有居民反映，石板巷小部落水果店附近窨井盖冒水，现场查看每隔十几分钟会冒一次脏水，影响环境，存在一定的安全隐患。物业说明需要周边商家一起分担通管道的费用，但是年前刚通过，现在收费存在一定的困难。请相关部门协调处理。,物业管理纠纷,公共秩序纠纷,0.9
JXIW202505210401,哈喽工作人员来电：因为房子磨损费和房东有纠纷155****7196 #非警务#纠纷事项#租赁问题#报警电话:155****7196,经济纠纷,消费纠纷,0.9
JXIW202505210402,租客：因租房问题与房东有纠纷，现在发现房东把我的门锁换了，报警人在现场，电话132****3050 #非警务#纠纷事项#租赁问题#报警电话:132****3050,经济纠纷,房地产纠纷,0.9
JXIW202505210403,#长效关注#我在看见58招聘app上看见同城配送的工作，对方让我办了200元骑行卡，还给我借了很多贷款，与他们之前电话里讲的不一样，现有纠纷，报警人：138****3864 #非警务#纠纷事项#劳资问题#报警电话:138****3864,其他纠纷,劳动人事（就业）纠纷,0.9
JXIW202505210404,因为押金问题，和房东有纠纷150****9753 #非警务#纠纷事项#租赁问题#报警电话:150****9753,经济纠纷,消费纠纷,0.9
JXIW202505210405,#长效关注#因手机买卖问题与店家有纠纷，双方在现场，报警人138****3864 #非警务#纠纷事项#消费问题#报警电话:138****3864,消费纠纷,消费纠纷,0.9
JXIW202505210406,这户人家发出的噪音扰民，上去说也没用，纠纷需要处理139****5245 #非警务#纠纷事项#邻里问题#报警电话:139****5245,邻里纠纷,噪声污染,0.9
JXIW202505210407,#长效关注#我跟一个刚认识的人出去消费，现因消费金额需要平摊，有纠纷131****6606 #非警务#纠纷事项#经济（债务）问题#报警电话:131****6606,债务纠纷,消费纠纷,0.9
JXIW202505210408,182****5414，一开始吃饭发现菜品有异物，换了锅底后发现里面有内脏，我们担心有寄生虫跟老板说了，老板不处理有纠纷 #非警务#纠纷事项#消费问题#报警电话:182****5414,消费纠纷,消费纠纷,0.9
JXIW202505210409,我来接发引起纠纷，商家拍我的照片引起纠纷，152****7668 #非警务#纠纷事项#消费问题#报警电话:152****7668,消费纠纷,消费纠纷,0.9
JXIW202505220001,#长效关注#我是代驾司机，客人喝多了，不肯付代驾费有纠纷。138****6667 #非警务#纠纷事项#司乘（代驾）问题#报警电话:138****6667,消费纠纷,消费纠纷,0.9
JXIW202505220002,#长效关注#136****7131：我在网上找跑外卖的工作，签了一个合同，合同上说如果我不干违约了就要支付为期12个月每个月的600的违约费，引起纠纷，询问门牌号报警人说没有。 #非警务#纠纷事项#租赁问题#报警电话:136****7131,债务纠纷,劳动人事（就业）纠纷,0.9
JXIW202505220003,#长效关注#外卖员骂我还不让我走，具体原因不肯告知，现有纠纷需要处理，报警人电话：184****7867 #非警务#纠纷事项#物流（快递）问题#报警电话:184****7867,消费纠纷,消费纠纷,0.9
JXIW202505220004,#长效关注#外卖员骂我还不让我走，具体原因不肯告知，现有纠纷需要处理，报警人电话：184****7867 #非警务#纠纷事项#物流（快递）问题#报警电话:184****7867,消费纠纷,消费纠纷,0.9
JXIW202505220005,我在酒店里摔倒了，现在与工作人员协商不下，产生纠纷，报警人电话：137****7541 #非警务#纠纷事项#其他纠纷事项#报警电话:137****7541,消费纠纷,消费纠纷,0.9
JXIW202505220006,#长效关注#我在酒店里摔倒了，现在与工作人员协商不下，产生纠纷，报警人电话：137****7541 #非警务#纠纷事项#其他纠纷事项#报警电话:137****7541,其他纠纷,消费纠纷,0.9
JXIW202505220007,我是外卖员，今天早上来应聘的，现在我不想干了，对方不肯退我应聘时的押金，引起纠纷。138****1527 #非警务#纠纷事项#劳资问题#报警电话:138****1527,经济纠纷,劳动人事（就业）纠纷,0.9
JXIW202505220008,我把卡借给前公司同事用，现在我把卡要回来后，发现里面欠了三百多，想要对方对方赔偿不肯138****5670 #非警务#纠纷事项#经济（债务）问题#报警电话:138****5670,经济纠纷,债务纠纷,0.9
JXIW202505220009,#长效关注#我来这里修空调，现对方不要修了但不付上门费，引起纠纷，报警人电话：132****4492（请分局通知四平台） #非警务#纠纷事项#消费问题#报警电话:132****4492,消费纠纷,消费纠纷,0.9
JXIW202505220010,#长效关注#我买到了假烟，现在与商家在现场引起纠纷，电话159****3600 #非警务#纠纷事项#消费问题#报警电话:159****3600,消费纠纷,消费纠纷,0.9
JXIW202505220301,辖区郭衙巷7号503居民向网格员反映，郭衙巷7号603住户厨房的水长期漏到他们家里，严重影响日常生活。网格员和楼道小组长一同介入调解后，603住户依旧拒不整改。请相关部门协助解决。,工程施工纠纷,邻里纠纷,0.9
JXIW202505220316,中行大厦18楼新入驻企业施工人员，因装修噪音以及楼道卫生保洁问题与周边企业职工发生矛盾，请街道相关科室协调处置。,工程施工纠纷,噪声污染,0.9
JXIW202505220501,2025-05-17 18:02:18 江厦银座4楼401 因工资问题和前员工有纠纷，对方不肯离开，需要调解137****6008（后来电称对方还想拿菜刀砍人，刀还拿着，人没事）（紧急）（请出警单位或出警人员接到指令后5分钟内尽快联系报警人。注意自身防护，按照持刀伤人类警情处置，到场第一时间核实受伤和人数情况，是否持刀、刀的数量及刀的特征，携带好装备并打开车载及单兵系统，及时反馈现场情况)民警廖麟辉到达现场，经了解因工程款引起纠纷，讨钱的人情绪激动，未发生菜刀砍人情况，经民警劝导后，当事人已自行离开。请街道和相关部门介入化解矛盾,经济纠纷,劳动人事（就业）纠纷,0.9
JXIW202505230001,我是租客，我和房东因房屋租赁问题有纠纷，已经多次报警人称之前没有解决，需要再次出警处理。188****7582 #非警务#纠纷事项#租赁问题#报警电话:188****7582,经济纠纷,房地产纠纷,0.9
JXIW202505230002,我在网上找工作，见面交了体检的钱，但是现在工作没给我找好，电话也给我拉黑了。180****0579 #非警务#纠纷事项#劳资问题#报警电话:180****0579,劳动人事（就业）纠纷,劳动人事（就业）纠纷,0.9
JXIW202505230003,#长效关注#工人（手机号不清）告诉我有人把电瓶车停在我们店门口，还和我们工人吵架，后人走了，我不在现场。199****1096 #非警务#纠纷事项#其他纠纷事项#报警电话:199****1096,其他纠纷,街面秩序,0.9
JXIW202505230004,工人（手机号不清）告诉我有人把电瓶车停在我们店门口，还和我们工人吵架，后人走了，我不在现场。199****1096 #非警务#纠纷事项#其他纠纷事项#报警电话:199****1096,消费纠纷,街面秩序,0.9
JXIW202505230005,#长效关注#我在网上找了个开锁师傅，师傅到现场要锯我的锁，双方协商不下，有纠纷，139****0511 #非警务#纠纷事项#消费问题#报警电话:139****0511,消费纠纷,消费纠纷,0.9
JXIW202505230006,#长效关注#与开锁师傅有纠纷131****0979 #非警务#纠纷事项#消费问题#报警电话:131****0979,消费纠纷,消费纠纷,0.9
JXIW202505230007,家里用的空调被喷上空调清洗剂后就坏了，我找了维修的人来修，对方说需要换主板，但换完主板后这个空调就用不了了，对方也联系不上了。报警人电话：136****9888 #非警务#纠纷事项#消费问题#报警电话:136****9888,消费纠纷,消费纠纷,0.9
JXIW202505230008,来电称有经济纠纷。 #非警务#纠纷事项#经济（债务）问题#报警电话:188****6714,债务纠纷,经济纠纷,0.9
JXIW202505230009,#长效关注#2分前，我叫了一辆顺风车，现司机拒载不肯退钱，滴滴客服电话打不通。135****5982 #非警务#纠纷事项#司乘（代驾）问题#报警电话:135****5982,消费纠纷,消费纠纷,0.9
JXIW202505230010,我是银行工作人员，顾客在洗手间不肯出来，有纠纷，问其原因不肯说（14:23江厦所577448来电反馈系银行贷款问题引起纠纷，民警已到现场，要求更改为非警务警情） #非警务#纠纷事项#金融问题#报警电话:189****1969,其他纠纷,金融纠纷,0.9
JXIW202505230011,#长效关注#我们店在搞活动，客户看错活动了，在店里无理取闹，产生纠纷，报警人199****9059 #非警务#纠纷事项#消费问题#报警电话:199****9059,消费纠纷,消费纠纷,0.9
JXIW202505230012,#长效关注#昨天因为干活押金的问题报过警，今天来电称需要再次处理。138****1527 #非警务#纠纷事项#劳资问题#报警电话:138****1527,劳动人事（就业）纠纷,劳动人事（就业）纠纷,0.9
JXIW202505230013,报警人称租客不付房租，产生纠纷，报警人马上赶赴现场，报警人电话：133****5844 #非警务#纠纷事项#租赁问题#报警电话:133****5844,经济纠纷,债务纠纷,0.9
JXIW202505230014,因为停车费的问题，停车场工作人员把我车锁了，报警人在现场，报警人电话131****8888 #非警务#纠纷事项#消费问题#报警电话:131****8888,经济纠纷,消费纠纷,0.9
JXIW202505230109,有租户反映，租期未到期，房东就让她走，还把房子钥匙换掉，影响她做生意。,邻里纠纷,债务纠纷,0.7
JXIW202505240001,我买东西的时候，扔了一个东西到店里，有个大妈就骂了我们，有纠纷，报警人电话：156****5703 #非警务#纠纷事项#其他纠纷事项#报警电话:156****5703,消费纠纷,消费纠纷,0.9
JXIW202505240002,中介之前承诺可以给我办好低利息贷款，现在处理不了，贷款下不来也不退我44500元手续费，报警人号码：158****4857 #非警务#纠纷事项#金融问题#报警电话:158****4857,消费纠纷,消费纠纷,0.9
JXIW202505240003,#长效关注#小米手机坏了我来检测，这边鉴定单给我写手机有压痕，实际上没有，报警人号码：158****6200 #非警务#纠纷事项#消费问题#报警电话:158****6200,消费纠纷,消费纠纷,0.9
JXIW202505240004,我租了这边的车跑外卖 现在不想干了这边不退押金，报警人号码：177****7326 #非警务#纠纷事项#租赁问题#报警电话:177****7326,经济纠纷,消费纠纷,0.9
JXIW202505240005,#长效关注#我签的租车合同和之前聊的不一样，我现在在公司，158****1570 #非警务#纠纷事项#租赁问题#报警电话:158****1570,债务纠纷,消费纠纷,0.9
JXIW202505240006,我签的租车合同和之前聊的不一样，我现在在公司，158****1570（来电催促） #非警务#纠纷事项#租赁问题#报警电话:158****1570,经济纠纷,消费纠纷,0.9
JXIW202505240007,#长效关注#老人报警：对方收了钱，随后我每次来都说没空推脱，来电需要处理。153****2862 #非警务#纠纷事项#消费问题#报警电话:153****2862,消费纠纷,消费纠纷,0.9
JXIW202505240008,#长效关注#店员：顾客把我的旧金拿走，新的黄金也拿走了，有纠纷。152****8485 #非警务#纠纷事项#消费问题#报警电话:152****8485,消费纠纷,消费纠纷,0.9
JXIW202505240009,#长效关注#我放在这里的东西被清理掉，物业不赔偿，有纠纷176****2473 #非警务#纠纷事项#物业管理问题#报警电话:176****2473,物业管理纠纷,物业管理纠纷,0.9
JXIW202505240010,在宠物店购买了宠物，现宠物有问题，有纠纷。138****6191 #非警务#纠纷事项#消费问题#报警电话:138****6191,经济纠纷,消费纠纷,0.9
JXIW202505240011,#长效关注#和顾客因为加油问题有纠纷，057****16634 #非警务#纠纷事项#消费问题#报警电话:057****16634,消费纠纷,消费纠纷,0.9
JXIW202505240012,#长效关注#有人给我了一张卡，让我去他们店里，要给我做清洁，我不想做想出去，他们就说是抹在脸上的东西如果不处理的话，会影响我的淋巴，我就付钱了。139****4266 #非警务#纠纷事项#消费问题#报警电话:139****4266,消费纠纷,消费纠纷,0.9
JXIW202505240013,有人给我了一张卡，让我去他们店里，要给我做清洁，我不想做想出去，他们就说是抹在脸上的东西如果不处理的话，会影响我的淋巴，我就付钱了。139****4266 #非警务#纠纷事项#消费问题#报警电话:139****4266,消费纠纷,消费纠纷,0.9
JXIW202505240014,我刚买的衣服，现老婆不喜欢来退，对方不肯。130****1782 #非警务#纠纷事项#消费问题#报警电话:130****1782,消费纠纷,消费纠纷,0.9
JXIW202505240015,#长效关注#我在这里上班，现我不想干了，对方不肯付我工钱，具体位置未说清挂断，多次回拨电话称在通话中。报警人电话：177****9336 #非警务#纠纷事项#劳资问题#报警电话:177****9336,劳动人事（就业）纠纷,劳动人事（就业）纠纷,0.9
JXIW202505250101,#长效关注#175****8531：我买狗，但是品种不对，对方现在不给我退钱，有纠纷需要处理 #非警务#纠纷事项#消费问题#报警电话:175****8531,消费纠纷,消费纠纷,0.9
JXIW202505250102,我租了辆电瓶车，商家不给我车，也不退我钱，引起纠纷156****3256 #非警务#纠纷事项#租赁问题#报警电话:156****3256,经济纠纷,消费纠纷,0.9
JXIW202505250103,我在店里接头发，现在有纠纷，191****7354 #非警务#纠纷事项#消费问题#报警电话:191****7354,消费纠纷,消费纠纷,0.9
JXIW202505260001,我在这里摆摊，因为摆摊的问题和对方摊主有纠纷，现双方在一起，166****4223 #非警务#纠纷事项#物业管理问题#报警电话:166****4223,其他纠纷,街面秩序,0.9
JXIW202505260002,#长效关注#我租了一辆电瓶车，现在商家不退押金，我和其有纠纷，联系电话157****4713 #非警务#纠纷事项#租赁问题#报警电话:157****4713,经济纠纷,消费纠纷,0.9
JXIW202505260003,#长效关注#我租了一辆电瓶车，现在商家不退押金，我和其有纠纷，联系电话157****4713 #非警务#纠纷事项#租赁问题#报警电话:157****4713,经济纠纷,消费纠纷,0.9
JXIW202505260004,报警人来电称与老板有劳资纠纷，需要处理，报警人电话：186****5293 #非警务#纠纷事项#劳资问题#报警电话:186****5293,劳动人事（就业）纠纷,劳动人事（就业）纠纷,0.9
JXIW202505260005,我在这里金融贷款，合同等信息签完后发现无法贷款，双方引起纠纷。报警人：158****5249 #非警务#纠纷事项#经济（债务）问题#报警电话:158****5249,金融纠纷,金融纠纷,0.9
JXIW202505260006,#长效关注#我在这里金融贷款，合同等信息签完后发现无法贷款，双方引起纠纷。报警人：158****5249（没有接到民警的电话，报警人后称会自行回拨） #非警务#纠纷事项#金融问题#报警电话:158****5249,金融纠纷,金融纠纷,0.9
JXIW202505260007,#长效关注#有两个不认识的人在我们公司不走，产生纠纷，报警人电话：195****8325 #非警务#纠纷事项#其他纠纷事项#报警电话:195****8325,其他纠纷,其他纠纷,0.9
JXIW202505260008,我和对方有经济纠纷，后旁边商家接过电话称，店里的兼职员工把顾客的照相机摔坏了，现在因为赔偿问题有纠纷173****7347 #非警务#纠纷事项#经济（债务）问题#报警电话:173****7347,消费纠纷,消费纠纷,0.9
JXIW202505260009,我和装修小工因为钱的问题引起纠纷。180****6799 #非警务#纠纷事项#经济（债务）问题#报警电话:180****6799,债务纠纷,经济纠纷,0.9
JXIW202505260010,#长效关注#我来这里办理贷款业务，现与对方业务员引起纠纷，具体原因不肯说，需要处理，报警人电话：130****2292 #非警务#纠纷事项#其他纠纷事项#报警电话:130****2292,其他纠纷,金融纠纷,0.9
JXIW202505260011,#长效关注#骑手报：我和商家因为出餐号的问题有纠纷，商家投诉我导致我无法跑单，双方在一起130****4424 #非警务#纠纷事项#物流（快递）问题#报警电话:130****4424,消费纠纷,消费纠纷,0.9
JXIW202505260012,这里装修老板不在现场，有个铲车师傅把石子铲到我们门口了，需要调解181****6808 #非警务#纠纷事项#其他纠纷事项#报警电话:181****6808,邻里纠纷,街面秩序,0.9
JXIW202505260102,薜萝巷22号401室反映510室租客洗衣机使用不规范只，导致皮管滑落漏水，要求调解,经济纠纷,邻里纠纷,0.9
JXIW202505260302,网格员巡查中，有居民因院子里停车问题产生纠纷，向社区投诉。但因双方分歧较大，向街道矛调中心寻求帮助。-#邻里纠纷#,公共秩序纠纷,邻里纠纷,0.9
JXIW202505260306,#（一件事）矛盾纠纷#大沙泥街39弄居民反映，灵桥路555号有五金店每天3：00送货，螺丝螺帽碰撞的声音严重扰民，希望相关部门处理。,邻里纠纷,噪声污染,0.9
JXIW202505270301,#长效关注#我在这里找工作，我签了合同，我不干了，对方不肯给我退车子，双方有纠纷。175****0562 #非警务#纠纷事项#劳资问题#报警电话:175****0562,经济纠纷,劳动人事（就业）纠纷,0.9
JXIW202505270302,我在这里找工作，我签了合同，我不干了，对方不肯给我退车子，双方有纠纷。175****0562 #非警务#纠纷事项#劳资问题#报警电话:175****0562,经济纠纷,劳动人事（就业）纠纷,0.9
JXIW202505270303,我是顾客跟婚庆公司有纠纷，双方在一起，报警人173****2099 #非警务#纠纷事项#消费问题#报警电话:173****2099,消费纠纷,消费纠纷,0.9
JXIW202505270304,#长效关注#我去应聘，对方让我租了电瓶车，现在要退款，对方不肯 198****4418。 #非警务#纠纷事项#租赁问题#报警电话:198****4418,债务纠纷,消费纠纷,0.9
JXIW202505270305,我在美容院消费了两万五千元，他们给我做的项目和说的不一样。报警人电话：139****5730 #非警务#纠纷事项#消费问题#报警电话:139****5730,消费纠纷,消费纠纷,0.9
JXIW202505270306,与租车公司因租车问题发生纠纷。183****8610 #非警务#纠纷事项#租赁问题#报警电话:183****8610,经济纠纷,消费纠纷,0.9
JXIW202505270307,这里拖欠我工资未给，引起纠纷，报警人电话：178****8110. #非警务#纠纷事项#劳资问题#报警电话:178****8110,劳动人事（就业）纠纷,劳动人事（就业）纠纷,0.9
JXIW202505280305,5月24日18：47左右市民在亚细亚莱迪时尚广场（海曙区药行街169号）A座从3层去到2层，乘坐自动扶梯（2层扶梯边上是联想电脑店）下楼，有一块铁皮原本是镶嵌在扶梯边上，现在该铁皮掉下来了，刮蹭到了市民的脚，市民联系招商热线，对方表示不是他们的问题，是市民自己没长眼睛，市民不认可，现来电投诉，要求职能部门处理，要求相关部门处罚该广场的物业人员，并且对市民后续就医产生的费用进行赔偿。,经济纠纷,消费纠纷,0.9
JXIW202505280407,接到居民投诉，表示新街这家水果店在一个老人和小孩较多的人口密集的小区内，不分昼夜，喇叭循环叫卖，严重扰民！与城市形象不符！社工上门后店主表示自己没有不分昼夜，而且做生意不叫卖怎么赚钱，因此没法配合。请相关部门协助-#（一件事）矛盾纠纷#,公共秩序纠纷,噪声污染,0.9
JXIW202505280501,#长效关注#我来还租的车，但是对方说要提前一天退，所以现在要收300元才给我退，双方有纠纷，182****9735 #非警务#纠纷事项#租赁问题#报警电话:182****9735,债务纠纷,消费纠纷,0.9
JXIW202505280502,#长效关注#有人租我车不给钱，还把车砸了，双方在158****7895 #非警务#纠纷事项#租赁问题#报警电话:158****7895,债务纠纷,债务纠纷,0.9
JXIW202505280503,我想开车出去，扫码时对方称公司码坏了让我扫他个人的码。180****9667 #非警务#纠纷事项#物业管理问题#报警电话:180****9667,物业管理纠纷,消费纠纷,0.9
JXIW202505280504,我不要在这里干活了，老板不愿意现在给工资。187****8184 #非警务#纠纷事项#劳资问题#报警电话:187****8184,劳动人事（就业）纠纷,劳动人事（就业）纠纷,0.9
JXIW202505280505,"#长效关注#我跑外卖租了电瓶车,现在不想租了,对方要求付1400元发生纠纷199****9831 #非警务#纠纷事项#物流（快递）问题#报警电话:199****9831",消费纠纷,消费纠纷,0.9
JXIW202505280506,"#长效关注#辅助：我跑外卖租了电瓶车,现在不想租了,对方要求付1400元发生纠纷，再次来电称街道人员没有到现场，街道来电称按照当时签的合同走，需要街道现场协调199****9831 #非警务#纠纷事项#租赁问题#报警电话:199****9831",债务纠纷,消费纠纷,0.9
JXIW202505280507,买了衣服，因为质量问题退货引起纠纷。181****6656 #非警务#纠纷事项#消费问题#报警电话:181****6656,消费纠纷,消费纠纷,0.9
JXIW202505280508,"#长效关注#商场扶梯的铁板翘起来了，导致我的脚受伤 ,赔偿问题协商不下150****1234 #非警务#纠纷事项#经济（债务）问题#报警电话:150****1234",债务纠纷,消费纠纷,0.9
JXIW202505280509,我在这里交了押金工作，公司承诺满1个月退押金，现在公司没发工资也不退押金。我找到公司，公司已经关门了。190****5618 #非警务#纠纷事项#劳资问题#报警电话:190****5618,劳动人事（就业）纠纷,劳动人事（就业）纠纷,0.9
JXIW202505280510,房东报警，之前房子租给别人，现在对方房租也不交，人也联系不上，139****3775 #非警务#纠纷事项#租赁问题#报警电话:139****3775,经济纠纷,债务纠纷,0.9
JXIW202505280511,我来纹眉，原本说是367元，做完后对方让我付667元，现不退，有纠纷132****5138 #非警务#纠纷事项#消费问题#报警电话:132****5138,消费纠纷,消费纠纷,0.9
JXIW202505280512,我是保安，业主的狗（未牵绳）咬我，120不需要，业主不肯赔偿医药费有纠纷。199****3169 #非警务#纠纷事项#其他纠纷事项#报警电话:199****3169,经济纠纷,损害赔偿纠纷,0.9
JXIW202505280513,#长效关注#理发店店员将我的头发漂坏了，对方店家态度很差，因为赔偿问题有纠纷。151****8220 #非警务#纠纷事项#消费问题#报警电话:151****8220,消费纠纷,消费纠纷,0.9
JXIW202505280514,我是理发店员，跟顾客因为赔偿问题有纠纷。177****7131 #非警务#纠纷事项#消费问题#报警电话:177****7131,消费纠纷,消费纠纷,0.9
JXIW202505280515,理发店店员将我的头发漂坏了，对方店家态度很差，因为赔偿问题有纠纷。151****8220（19:15来电催促） #非警务#纠纷事项#消费问题#报警电话:151****8220,消费纠纷,消费纠纷,0.9
JXIW202505290001,来电称双方有纠纷需要调解，具体事情不肯说。报警人电话：132****5319 #非警务#纠纷事项#其他纠纷事项#报警电话:132****5319,其他纠纷,其他纠纷,0.9
JXIW202505290002,理发店染头发效果不好，我现在要求对方退钱或者把头发弄好。178****5519 #非警务#纠纷事项#消费问题#报警电话:178****5519,消费纠纷,消费纠纷,0.9
JXIW202505290003,188****1073报：因为装修工人和总部账没有结清，现在在我们大厅，情绪还好 #非警务#纠纷事项#劳资问题#报警电话:188****1073,经济纠纷,劳动人事（就业）纠纷,0.9
JXIW202505290004,骑手报，刚租的电瓶车，还未开始用就退了，现在对方要我交违约金，引起纠纷，155****5215 #非警务#纠纷事项#司乘（代驾）问题#报警电话:155****5215,经济纠纷,消费纠纷,0.9
JXIW202505290005,这里拉我做免费项目，现在又让我体验其他项目，双方有纠纷   156****7439 #非警务#纠纷事项#消费问题#报警电话:156****7439,其他纠纷,消费纠纷,0.9
JXIW202505290006,签了合同想租车跑外卖，还没开始干，我现在不想干了，对方不同意解除合同，还让我赔钱有纠纷。189****2343 #非警务#纠纷事项#租赁问题#报警电话:189****2343,经济纠纷,消费纠纷,0.9
JXIW202505290007,#长效关注#网上接头发，微信上说好路费，现在头发接好了，对方路费不报销。136****7499 #非警务#纠纷事项#消费问题#报警电话:136****7499,消费纠纷,消费纠纷,0.9
JXIW202505290105,#矛调类其他#网格员接到群众投诉位于海曙区天一广场中心的世茂停车场收费不合理，超过15分钟收费八元，且收费卡口需要手动录入车牌号码，花费较多时间，请相关部门协调处理。,房地产纠纷,消费纠纷,0.9
JXIW202505300001,#长效关注#我在这边喝酒，我只要付3000元，对方说要付5000元，有纠纷153****3128 #非警务#纠纷事项#消费问题#报警电话:153****3128,消费纠纷,消费纠纷,0.9
JXIW202505300002,#长效关注#我在这边喝酒，我在这里只花费了3000元喝酒，但对方说要我付一万元，有纠纷153****3128 #非警务#纠纷事项#消费问题#报警电话:153****3128,消费纠纷,消费纠纷,0.9
JXIW202505300003,"#长效关注#我在这边喝酒，我在这里只花费了3000元喝酒，但对方说要我付一万元，有纠纷153****3128
重复报警:报警时间:2025-05-30 00:18:04, 报警电话:153****3128, 联系电话:153****3128, 报警内容:我在这边喝酒，我只要付3000元，对方说要付5000元，有纠纷153****3128
重复报警:报警时间:2025-05-30 01:46:53, 报警电话:153****3128, 联系电话:153****3128, 报警内容:来电催促 #非警务#纠纷事项#消费问题#报警电话:153****3128",消费纠纷,消费纠纷,0.9
JXIW202505300004,#长效关注#我是出租车（浙BT2797），乘客喝多了不肯下车。报警人：158****3398 #非警务#纠纷事项#司乘（代驾）问题#报警电话:158****3398,消费纠纷,消费纠纷,0.9
JXIW202505300005,#长效关注#领导骗我们到另外的地方上班，工资也没给我们，和我们说来这里处理，我们五六点到这里了，但他现在才到，也不处理事情，起纠纷。报警人：178****9212 #非警务#纠纷事项#劳资问题#报警电话:178****9212,劳动人事（就业）纠纷,劳动人事（就业）纠纷,0.9
JXIW202505300006,我是KTV工作人员，我陪对方跳舞，对方不给我跳舞的钱，引起纠纷。187****4159 #非警务#纠纷事项#消费问题#报警电话:187****4159,消费纠纷,消费纠纷,0.9
JXIW202505300007,#长效关注#因打包盒的费用引起，有个老人在店里吵闹，骂人，产生纠纷。181****7419 #非警务#纠纷事项#消费问题#报警电话:181****7419,消费纠纷,消费纠纷,0.9
JXIW202505300008,#长效关注#有个顾客在我们店里闹，我们给她退钱她也不肯离开，双方有纠纷182****6133 #非警务#纠纷事项#消费问题#报警电话:182****6133,消费纠纷,消费纠纷,0.9
JXIW202505300009,#长效关注#我在这里办了美容卡，现因为退费问题引起纠纷，要求处理，报警人电话：158****2885 #非警务#纠纷事项#消费问题#报警电话:158****2885,消费纠纷,消费纠纷,0.9
JXIW202505300010,我在这里找工作时交了押金，现这里不给退，引起纠纷，132****7905。 #非警务#纠纷事项#劳资问题#报警电话:132****7905,经济纠纷,劳动人事（就业）纠纷,0.9
JXIW202505300011,#长效关注#因为客人觉得等的时间长了，现在影响其他客人点单，引起纠纷。报警人电话：150****8454 #非警务#纠纷事项#消费问题#报警电话:150****8454,消费纠纷,消费纠纷,0.9
JXIW202505300012,#长效关注#我要卖我的电脑，现在与对方因为价格问题产生纠纷，报警人电话：157****4483 #非警务#纠纷事项#消费问题#报警电话:157****4483,消费纠纷,消费纠纷,0.9
JXIW202505300013,#长效关注#我叫了网约车，现在和司机吵架了，双方有纠纷130****5226 #非警务#纠纷事项#司乘（代驾）问题#报警电话:130****5226,消费纠纷,消费纠纷,0.9
JXIW202505300014,我们来这里找了个骑手的工作，向对方租了车子，现在不想做了，对方不肯取消，还要让我们把钱全付了，双方在一起。138****0279 #非警务#纠纷事项#租赁问题#报警电话:138****0279,经济纠纷,消费纠纷,0.9
JXIW202505300015,我买了黄金手链，带了两次金片就掉了，现在店员不肯给我换，有纠纷130****3341 #非警务#纠纷事项#消费问题#报警电话:130****3341,消费纠纷,消费纠纷,0.9
JXIW202505300016,#长效关注#有个人欠我钱不还，引起纠纷。152****8125 #非警务#纠纷事项#经济（债务）问题#报警电话:152****8125,债务纠纷,债务纠纷,0.9
JXIW202505300017,#长效关注#这辆车挡了人行横道，我叫他移车他还骂我有纠纷，需要调解195****8408 #非警务#纠纷事项#其他纠纷事项#报警电话:195****8408,其他纠纷,街面秩序,0.9
JXIW202505300018,#长效关注#因我儿子把店里的东西弄坏了，现因赔偿问题双方发生纠纷 189****6775 #非警务#纠纷事项#经济（债务）问题#报警电话:189****6775,债务纠纷,消费纠纷,0.9
JXIW202505300101,2025-05-30 03:01:51 新街社社区握兰巷308，楼上408走路声音噪音扰民了。民警周凌磊到达现场，已告知408住户注意拖鞋走路声音。该警情推送街道关注。当事408室住户叶雯3604*****0024,邻里纠纷,邻里纠纷,0.9
JXIW202505300102,2025-05-29 12:31:24  解放南路202号建筑大厦7楼一整层 7楼一整层有人在直播，在放低音炮声音扰民。民警梁士华到现场，已对负责人劝告声音小点，中午不要影响别人休息。该报警人已多次报警7楼噪音扰民，请街道介入化解矛盾,邻里纠纷,噪声污染,0.9
JXIW202505300305,#矛调类其他#中宁大厦有业主向热线反映近期业委会换届选举，要求职能部门，把各个业主关于业委会和物业的问题进行讨论。,物业管理纠纷,物业管理纠纷,0.9
JXIW202505310001,#长效关注#和邻居因为装修的问题吵起来了，物业和街道工作人员在场也处理不了139****8358 #非警务#纠纷事项#邻里问题#报警电话:139****8358,邻里纠纷,邻里纠纷,0.9
JXIW202505310002,修手机有纠纷。156****2922 #非警务#纠纷事项#消费问题#报警电话:156****2922,消费纠纷,消费纠纷,0.9
JXIW202505310003,#长效关注#在烟酒店里买了条烟，对方说只能退我进价有纠纷。电话：153****4812 #非警务#纠纷事项#消费问题#报警电话:153****4812,消费纠纷,消费纠纷,0.9
JXIW202505310004,#长效关注#我的电脑坏了，我找了个维修师傅，对方说主板坏了要2500元，现在双方因为价格问题有纠纷。193****9357 #非警务#纠纷事项#消费问题#报警电话:193****9357,消费纠纷,消费纠纷,0.9
JXIW202505310005,#长效关注#在烟酒店里买了条烟，现在要退货，对方说只能退我进价有纠纷。电话：153****4812 #非警务#纠纷事项#消费问题#报警电话:153****4812,消费纠纷,消费纠纷,0.9
JXIW202505310006,#长效关注#因为维修电脑产生纠纷，136****4421 #非警务#纠纷事项#消费问题#报警电话:136****4421,消费纠纷,消费纠纷,0.9
JXIW202505310007,#长效关注#买手机有纠纷。137****9849 #非警务#纠纷事项#消费问题#报警电话:137****9849,消费纠纷,消费纠纷,0.9
JXIW202505310008,#长效关注#14:10 来电称我的电脑坏了，我找了个维修师傅，对方说主板坏了要2500元，现在双方因为价格问题有纠纷。193****9357。现来电称一直无人来处理 #非警务#纠纷事项#消费问题#报警电话:193****9357,消费纠纷,消费纠纷,0.9
JXIW202505310009,中介拖欠2个月工资不给。195****1843 #非警务#纠纷事项#劳资问题#报警电话:195****1843,劳动人事（就业）纠纷,劳动人事（就业）纠纷,0.9
JXIW202505310010,#长效关注#有顾客因为业务办不了在这骂人，有纠纷。135****6142 #非警务#纠纷事项#其他纠纷事项#报警电话:135****6142,其他纠纷,消费纠纷,0.9
JXIW202505310011,我来这里修手机，导致数据丢失了。有纠纷。186****1079 #非警务#纠纷事项#消费问题#报警电话:186****1079,消费纠纷,消费纠纷,0.9
JXIW202505310012,#长效关注#因停车占位问题引起，双方引起纠纷，报警电话131****7207 #非警务#纠纷事项#物业管理问题#报警电话:131****7207,物业管理纠纷,物业管理纠纷,0.9
JXIW202505310013,来电称商家有托带我们消费，我觉得对方涉嫌骗人，双方在一起。193****4462 #非警务#纠纷事项#消费问题#报警电话:193****4462,消费纠纷,消费纠纷,0.9
JXIW202505310014,#长效关注#我是商家，这里有两个孩子（3-4岁）打架了，现在两位孩子家长引起纠纷。150****8471 #非警务#纠纷事项#其他纠纷事项#报警电话:150****8471,其他纠纷,口角琐事纠纷,0.9
JXIW202505310015,我是客人，酒店要求我们加价才能入住，我不认同，双方发生纠纷，报警人电话139****8227 #非警务#纠纷事项#消费问题#报警电话:139****8227,消费纠纷,消费纠纷,0.9
JXIW202505310016,有人无缘无故一直骂我们保安，产生纠纷，报警人电话：180****3936 #非警务#纠纷事项#其他纠纷事项#报警电话:180****3936,公共秩序纠纷,口角琐事纠纷,0.9
LGW202505010001,137****9399：养蜂厂的人私自设置路障拦路，不让我们的车过去，有纠纷，具体地址请与报警人联系 #非警务#纠纷事项#其他纠纷事项#报警电话:137****9399,邻里纠纷,街面秩序,0.9
LGW202505030001,#长效关注#我爸要打我，现在他还没回来，需要处理。135****0569 #非警务#纠纷事项#家庭婚姻感情问题#报警电话:135****0569,家庭婚姻纠纷,家庭婚姻纠纷,0.9
LGW202505030002,对方说我孙子把他笋掰坏了，我要赔偿，对方不肯 139****0112 #非警务#纠纷事项#其他纠纷事项#报警电话:139****0112,经济纠纷,经济纠纷,0.9
LGW202505060401,我们在这里道路施工，村民认为土地是他的，不让我们施工，双方发生纠纷，报警人电话138****0576 #非警务#纠纷事项#土地问题#报警电话:138****0576,环保纠纷,土地森林草场水利等纠纷,0.9
LGW202505070004,梅树小区在污水治理过程中，未按规定设置指示牌，居民在下班途中摔倒，导致骨折，网格员上门调节无果，请上级相关部门及时处理,经济纠纷,损害赔偿纠纷,0.9
LGW202505070103,大路村兄弟两人因父母去世后住房继承权问题，产生矛盾纠纷，需要有关部门配合调解 -- 婚姻家庭纠纷,公共秩序纠纷,家庭婚姻纠纷,0.9
LGW202505070301,老板欠我们工钱不给，现在我们两个工人在这里，要是不给钱，就把老板的车子开走。180****7992 #非警务#纠纷事项#劳资问题#报警电话:180****7992,劳动人事（就业）纠纷,劳动人事（就业）纠纷,0.9
LGW202505070302,我们是联通公司的，来办理业务，和客户产生纠纷，不让我们走，电话130****9327 #非警务#纠纷事项#消费问题#报警电话:130****9327,消费纠纷,消费纠纷,0.9
LGW202505070303,充话费有纠纷，报警电话：182****1772 #非警务#纠纷事项#消费问题#报警电话:182****1772,消费纠纷,消费纠纷,0.9
LGW202505080201,网格员接居民反映，B区102业主反映自己的水压很低影响生活，前去和物业反映，物业草草上门看过只回复说没问题，但迟迟没做出改变。第二次去和物业反映，物业回复说第一次来反映的时候就安排专业人员对水泵进行了测试，业主家只是水压偏低，但仍在合格范围内，可以维持基本生活。但业主说虽然水压在合格范围内，但高峰期的自来水和水滴一样，就自己家有这情况，严重影响基本生活，为此与物业僵持不下，请上级相关部门配合调解。 -- 物业管理纠纷,工程施工纠纷,物业管理纠纷,0.9
LGW202505080203,村民李阿姨向网格员反映，自来水施工队挖槽施工未做任何安全警示，也未及时清理渣土石块，导致其出行时扭到了脚，联系不上施工队，请上级有关部门配合调解赔偿事项。 -- 损害赔偿纠纷,经济纠纷,损害赔偿纠纷,0.9
LGW202505100001,我把水泥装过来，对方不给钱，有纠纷139****4221 #非警务#纠纷事项#消费问题#报警电话:139****4221,经济纠纷,消费纠纷,0.9
LGW202505110001,我们是自来水管公司，在道路上施工，村民不让我们挖，有纠纷。159****9155 #非警务#纠纷事项#其他纠纷事项#报警电话:159****9155,环保纠纷,工程施工纠纷,0.9
LGW202505120103,村民陈某到村反映，自家45只鸡鸭被外来狗咬死，需找寻狗主人，进行协调沟通。,经济纠纷,狗患纠纷,0.9
LGW202505120105,村民翁某某因长期在外，近日回家发现自家厨房下水管道堵塞，打开楼下车库污水总管清洗口发现清洗口下方也已堵塞，怀疑楼上住户乱排厨房废渣导致下水管堵塞，遂双方产生纠纷。网格员调解无果，请上级部门协助处理。,物业管理纠纷,邻里纠纷,0.9
LGW202505120305,洪某与李某因农田土地边界划分引起纠纷，互相认为对方侵占了自己的土地，村里调解不成望上级部门配合调解。 -- 土地森林草场水利等纠纷,土地森林草场水利等纠纷,土地森林草场水利等纠纷,0.9
LGW202505120401,货拉拉司机报：因为运费引起纠纷。130****2557 #非警务#纠纷事项#物流（快递）问题#报警电话:130****2557,消费纠纷,消费纠纷,0.9
LGW202505120501,吴仁根在五龙潭景区青草湾村报警称：因为摊位问题产生纠纷，发现有人在自己的摊位摆摊。现需要帮忙处理,公共秩序纠纷,街面秩序,0.9
LGW202505120502,梁安凤在雪岙村公交车站求助称：水泥罐车司机开车速度过快，产生的震动太大，影响到当事人练秋芬的生活。双方发生争吵。,口角琐事纠纷,公共秩序纠纷,0.9
LGW202505120503,报夏晓方两夫妻离婚纠纷，因孩子抚养问题吵架，需要帮忙调解。,家庭婚姻纠纷,家庭婚姻纠纷,0.9
LGW202505120504,龙观菜场后面行政村原线厂130号报警人叶柠求助称楼上的小孩在1楼玩很吵很扰民，影响到她学习了。,邻里纠纷,噪声污染,0.9
LGW202505120509,冉袁艳求助称楼上漏到其家的房间，楼上一直没有人，需要求助。,邻里纠纷,邻里纠纷,0.9
LGW202505130006,村民陈某在桥头一家电动车专卖店以880元的价格更换了电池，使用了一个月后，发现电池不耐用，要求商家退款，商家不同意，双方产生纠纷，希望上级有关部门配合调解处理 -- 消费纠纷,公共秩序纠纷,消费纠纷,0.9
LGW202505130401,180****1573：这里在施工，我要通过，施工人员说要等他们下班才能通过，有纠纷 #非警务#纠纷事项#其他纠纷事项#报警电话:180****1573,工程施工纠纷,街面秩序,0.9
LGW202505140004,后隆村村民陈某发现邻居陈某某在共有地基上做了一个烟囱，对自己的生活造成影响，要求陈某某拆除，陈某某不愿意，双方产生矛盾，需要调解,邻里纠纷,邻里纠纷,0.9
LGW202505140101,半山村民徐某反映，有六个外来人员挖了他家竹林的笋，现因赔偿金额问题产生矛盾，需调解。,经济纠纷,损害赔偿纠纷,0.9
LGW202505140103,在自来水管道改造施工期间，因施工产生的小石头不慎将周某家的门玻璃砸出一个小洞，由此引发村民与施工方之间的矛盾纠纷。请上级部门及时处理,工程施工纠纷,工程施工纠纷,0.9
LGW202505140304,据村民反映，桓村村自来水管道改造过程中，因施工要求统一更换村民的水表，但在开挖装表后迟迟不来复原路面，于是村民与施工方产生争执，请上级有关部门配合调解。,工程施工纠纷,工程施工纠纷,0.9
LGW202505150401,修路导致我们车子开不出去有纠纷。电话：189****4115 #非警务#纠纷事项#其他纠纷事项#报警电话:189****4115,其他纠纷,街面秩序,0.9
LGW202505160006,后隆村陈某与唐某是隔壁邻居，因共同中墙与滴水问题产生矛盾，需要调解-#邻里纠纷#,邻里纠纷,邻里纠纷,0.9
LGW202505160301,石鼓门村民陈某1与陈某2是邻居，因陈某2在自家门口的空地上修建了围墙，陈某1认为围墙修建过高挡住了他家的阳光，要求陈某2拆除，两户人家意见不合产生矛盾纠纷，请上级有关部门配合调解 -- 邻里纠纷,公共秩序纠纷,邻里纠纷,0.9
LGW202505160401,我和饭店老板有纠纷，因为欠我们钱不还，有法院判决书137****7887 #非警务#纠纷事项#经济（债务）问题#报警电话:137****7887,债务纠纷,债务纠纷,0.9
LGW202505180001,#长效关注#跟女儿吵架了，具体不清楚，报警人电话：158****9196 #非警务#纠纷事项#家庭婚姻感情问题#报警电话:158****9196,家庭婚姻纠纷,家庭婚姻纠纷,0.9
LGW202505200103,村民钱某与杨某因争抢停车位发生矛盾，双方情绪激动，请上级有关部门配合调解。 -- 邻里纠纷,治安隐患纠纷,邻里纠纷,0.9
LGW202505200112,#损害赔偿纠纷#网格员巡查时发现桓村菜场十字路口发生一起交通事故，双方因事故责任认定问题及赔偿问题不一致产生纠纷，网格员调解无果，请上级部门协助调解,经济纠纷,交通事故纠纷,0.9
LGW202505210001,陈某兄弟二人因父母去世后在存款分配上产生分歧，二人各执一词，互不相让。产生矛盾纠纷，需有关部门配合调解。,家庭婚姻纠纷,家庭婚姻纠纷,0.9
LGW202505230001,龙谷村五龙潭网格村民周某，因为房屋装修，将房屋的装修垃圾堆放到家门口处，邻居吴某认为门口的垃圾影响自己进出，尤其是电瓶车出入，并且隔壁装修声音很大，影响自己休息。因此两人产生矛盾纠纷。请有关部门配合调解。 -- 邻里纠纷,公共秩序纠纷,工程施工纠纷,0.9
LGW202505230101,村民洪某来电话反映自己家放农具杂物的小房子斜对面厂家的叉车在未经自己允许的情况下，经常停靠在自家小房子前，导致自己干农活时要拿大型器械很不方便，联系该个人厂老板沟通这事，老是敷衍不解决，希望有关部门能及时帮忙处理一下。,公共秩序纠纷,其他纠纷,0.9
LGW202505250001,我们在这里露营，旁边的施工人员往我们这里倒石头，双方有纠纷136****3635 #非警务#纠纷事项#其他纠纷事项#报警电话:136****3635,工程施工纠纷,工程施工纠纷,0.9
LGW202505270001,后隆村村民陈某反映村民崔某冒领其山林补偿款，双方因此产生矛盾，请求上级有关部门配合调解处理。,土地森林草场水利等纠纷,土地森林草场水利等纠纷,0.9
LGW202505290101,后隆村村民陈某祥发现自己种植的农作物被陈某家放养的羊啃食毁坏，双方因赔偿问题产生矛盾纠纷，需要调解。 -- 损害赔偿纠纷,经济纠纷,损害赔偿纠纷,0.9
LGW202505310001,因为停车问题与村民发生纠纷。158****0251 #非警务#纠纷事项#其他纠纷事项#报警电话:158****0251,邻里纠纷,邻里纠纷,0.9
LGW202505310002,这里有人施工，导致我的房子受损，未倒塌有纠纷。137****1301 #非警务#纠纷事项#土地问题#报警电话:137****1301,工程施工纠纷,损害赔偿纠纷,0.9
LGW202505310003,有人在河里面非法网鱼，我说他两句，对方还想和我吵架。130****6008 #非警务#纠纷事项#其他纠纷事项#报警电话:130****6008,环保纠纷,口角琐事纠纷,0.9
NMW202505010001,业主报：门口保安不让我进去，具体原因不清楚139****5027 #非警务#纠纷事项#物业管理问题#报警电话:139****5027,物业管理纠纷,物业管理纠纷,0.9
NMW202505010002,网吧管理员，刚刚有个客人把自己反锁在厕所，我担心其出事就在门口询问了一句，现在对方因此不肯离开要讨说法，引起纠纷，159****1603 #非警务#纠纷事项#消费问题#报警电话:159****1603,消费纠纷,消费纠纷,0.9
NMW202505010003,#长效关注#网约车司机因路程问题想取消订单，双方有纠纷   138****8005 #非警务#纠纷事项#司乘（代驾）问题#报警电话:138****8005,消费纠纷,消费纠纷,0.9
NMW202505010004,#长效关注#网约车司机因路程问题想取消订单，双方有纠纷   138****8005（再次来电，更改地址）（辅助下单） #非警务#纠纷事项#司乘（代驾）问题#报警电话:138****8005,消费纠纷,消费纠纷,0.9
NMW202505010005,#长效关注#我租了外卖车，现不给我退车，引起纠纷。152****5044 #非警务#纠纷事项#租赁问题#报警电话:152****5044,债务纠纷,消费纠纷,0.9
NMW202505010006,#长效关注#楼上邻居房子漏水漏到我家，引起纠纷139****1258 #非警务#纠纷事项#邻里问题#报警电话:139****1258,邻里纠纷,邻里纠纷,0.9
NMW202505010007,#长效关注#158****3556报：因为买东西有纠纷，需要处理 #非警务#纠纷事项#消费问题#报警电话:158****3556,消费纠纷,消费纠纷,0.9
NMW202505010008,#长效关注#不住要退费与宾馆有纠纷，双方在一起，需要处理157****3574 #非警务#纠纷事项#消费问题#报警电话:157****3574,消费纠纷,消费纠纷,0.9
NMW202505010009,135****7185，我们在这里吃饭，老板服务态度不好，现在跟我们吵起来了 #非警务#纠纷事项#消费问题#报警电话:135****7185,消费纠纷,消费纠纷,0.9
NMW202505010010,酒店房间发霉，与酒店工作人员协商时孩子坐了一下房间内的床，工作人员就不让退了，现在有纠纷，138****8901 #非警务#纠纷事项#消费问题#报警电话:138****8901,消费纠纷,消费纠纷,0.9
NMW202505010011,#长效关注#宾馆房间空气不好，现因退款问题有纠纷183****1213 #非警务#纠纷事项#消费问题#报警电话:183****1213,消费纠纷,消费纠纷,0.9
NMW202505010012,我来这边上门修电，修完电后客户不给钱，有纠纷，133****1099 #非警务#纠纷事项#消费问题#报警电话:133****1099,消费纠纷,消费纠纷,0.9
NMW202505010101,"报警人沈建鑫3325*****2712，135****7151，户籍详址：浙江省景宁畲族自治县九龙乡后坪村下后坪11-7号，现住址鄞州区中河街道甬兴新村58幢166号401室
当事人晏文静5001*****2524，133****5912，户籍详址：龙沙镇雨台村1组14号，现住址朝阳新村62号503室
矛盾纠纷原因：了解系沈建鑫与晏文静为男女朋友关系因报警人没有买花引起纠纷，后晏文静拿剪刀捅伤沈建鑫左肩锁骨下方处
矛盾化解具体工作措施：到达现场，带双方去医院，为 沈建鑫治疗伤势，告知报警人来南门所报案，后报警人来电称，已与女友和好，不需要派出所处理，已通过《四合一平台》推送给街道社区以及网格员后续关注。稳控民警：吴雷
所领导是否知晓：是 ",经济纠纷,情感纠纷,0.9
NMW202505020001,我朋友欠我钱未归还，引起纠纷，报警人电话：150****9089（起请分局通知四平台） #非警务#纠纷事项#经济（债务）问题#报警电话:150****9089,债务纠纷,债务纠纷,0.9
NMW202505020002,报警人来电称自己与商铺老板有消费纠纷，需要处理，报警人电话：192****7977 #非警务#纠纷事项#消费问题#报警电话:192****7977,消费纠纷,消费纠纷,0.9
NMW202505020003,#长效关注#我是物业，因为收费问题与业主有纠纷，报警人电话：130****2829 #非警务#纠纷事项#物业管理问题#报警电话:130****2829,物业管理纠纷,物业管理纠纷,0.9
NMW202505020004,因买手机问题，双方发生纠纷 199****8741 #非警务#纠纷事项#消费问题#报警电话:199****8741,消费纠纷,消费纠纷,0.9
NMW202505020005,#长效关注#189****9418业主来电因物业费未付，现在物业不让其出去，有纠纷 #非警务#纠纷事项#物业管理问题#报警电话:189****9418,物业管理纠纷,物业管理纠纷,0.9
NMW202505020006,#长效关注#我的亲阿姨拿走了我父亲的遗产，不肯归还，双方有纠纷。158****9589 #非警务#纠纷事项#经济（债务）问题#报警电话:158****9589,债务纠纷,经济纠纷,0.9
NMW202505020007,#长效关注#我的亲阿姨拿走了我父亲的遗产，不肯归还，双方有纠纷。158****9589（报警人再次来电阿姨把我的手弄伤了）（辅助下单） #非警务#纠纷事项#经济（债务）问题#报警电话:158****9589,债务纠纷,经济纠纷,0.9
NMW202505030001,#长效关注#出租车司机（浙BDT09784）报：乘客打车职员椅付80元多余的钱不愿意付，有纠纷需要处理 #非警务#纠纷事项#司乘（代驾）问题#报警电话:137****1619,消费纠纷,消费纠纷,0.9
NMW202505030002,商铺的玻璃门被快递员开门不小心弄坏了，需要协商处理。报警人电话：189****0998 #非警务#纠纷事项#其他纠纷事项#报警电话:189****0998,其他纠纷,消费纠纷,0.9
NMW202505030003,#长效关注#乘客来电打的车（赣HF8656）因为要加人，我们要求退钱，对方不愿意退钱有纠纷。报警人电话：159****8319 #非警务#纠纷事项#司乘（代驾）问题#报警电话:159****8319,消费纠纷,消费纠纷,0.9
NMW202505030004,#长效关注#网约车司机嫌费用太低不肯拉客，有纠纷177****5929 #非警务#纠纷事项#司乘（代驾）问题#报警电话:177****5929,消费纠纷,消费纠纷,0.9
NMW202505030005,#长效关注#有人欠房租费不肯付 157****7662 #非警务#纠纷事项#经济（债务）问题#报警电话:157****7662,债务纠纷,债务纠纷,0.9
NMW202505030006,#长效关注#买手机对方不退钱有纠纷131****9619 #非警务#纠纷事项#消费问题#报警电话:131****9619,消费纠纷,消费纠纷,0.9
NMW202505030007,#长效关注#我昨天买了手机，现在发现手机有问题，对方不给我退，产生纠纷，报警人181****2356 #非警务#纠纷事项#消费问题#报警电话:181****2356,消费纠纷,消费纠纷,0.9
NMW202505030008,#长效关注#我昨天买了手机，现在发现手机有问题，对方不给我退，产生纠纷，报警人181****2356 #非警务#纠纷事项#消费问题#报警电话:181****2356,消费纠纷,消费纠纷,0.9
NMW202505030009,#长效关注#老人来电，隔壁装空调太高，对我们有影响，跟装修师傅说低一点，他不肯 057****18584 #非警务#纠纷事项#邻里问题#报警电话:057****18584,邻里纠纷,邻里纠纷,0.9
NMW202505030010,#长效关注#我是滴滴，乘客吐我车上，价格协商不了。189****5824 #非警务#纠纷事项#司乘（代驾）问题#报警电话:189****5824,消费纠纷,消费纠纷,0.9
NMW202505030011,#长效关注#老人来电，隔壁装空调太高，对我们有影响，跟装修师傅说低一点，他不肯 057****18584 #非警务#纠纷事项#邻里问题#报警电话:057****18584,邻里纠纷,邻里纠纷,0.9
NMW202505030012,#长效关注#我是滴滴，乘客吐我车上，价格协商不了。189****5824（15:22来电催促） #非警务#纠纷事项#司乘（代驾）问题#报警电话:189****5824,消费纠纷,消费纠纷,0.9
NMW202505030013,我女朋友找房屋中介找房，付了300元钱，现在房子我们不满意，对方不退钱，中介地址在月湖银座7楼707室， #非警务#纠纷事项#其他纠纷事项#报警电话:130****9195,消费纠纷,消费纠纷,0.9
NMW202505030014,#长效关注#我预定了民宿，现在工作人员以满房为由拒绝我们入住，也不肯退钱，现引起纠纷，联系电话180****5808 #非警务#纠纷事项#消费问题#报警电话:180****5808,消费纠纷,消费纠纷,0.9
NMW202505030015,#长效关注#有客人把我们快递全部调包，把里面的东西拿走了，放进别的东西说要退货，现在商家要我们赔钱，183****3236 #非警务#纠纷事项#物流（快递）问题#报警电话:183****3236,消费纠纷,消费纠纷,0.9
NMW202505030016,#长效关注#双方因为电瓶车充电位置产生纠纷138****2628 #非警务#纠纷事项#邻里问题#报警电话:138****2628,邻里纠纷,邻里纠纷,0.9
NMW202505030101,"中都开元名都大酒店内双方因停车费收费问题产生纠纷，后将车堵在门口。民警现场已做工作，堵车车辆已挪位，停了一天半的车收缴60元觉得不合理，已引导当事人张华钦通过法院处理。
已通过《四合一平台》推送给街道社区以及网格员后续关注。",公共秩序纠纷,消费纠纷,0.9
NMW202505040001,#长效关注#这里有辆白色轿车故意堵在停车场出入口，不让我通行，双方引起纠纷。报警人：153****2554 #非警务#纠纷事项#其他纠纷事项#报警电话:153****2554,其他纠纷,街面秩序,0.9
NMW202505040002,网约车司机和我有纠纷，具体原因不清楚。151****3140 #非警务#纠纷事项#司乘（代驾）问题#报警电话:151****3140,消费纠纷,消费纠纷,0.9
NMW202505040003,#长效关注#我是网约车，乘客吐我车上，现双方起纠纷。报警人：193****5523 #非警务#纠纷事项#司乘（代驾）问题#报警电话:193****5523,消费纠纷,消费纠纷,0.9
NMW202505040004,#长效关注#辅助：我是网约车，乘客吐我车上，现双方起纠纷。报警人：193****5523 #非警务#纠纷事项#司乘（代驾）问题#报警电话:193****5523,消费纠纷,消费纠纷,0.9
NMW202505040005,我在这里用餐，因为菜不干净，我现在吃了肚子不舒服，要求老板退款，老板不同意，有纠纷。182****5454 #非警务#纠纷事项#消费问题#报警电话:182****5454,消费纠纷,消费纠纷,0.9
NMW202505040006,#长效关注#店里有个客人认为东西做的不好吃，在店里闹，有纠纷，137****5951 #非警务#纠纷事项#消费问题#报警电话:137****5951,消费纠纷,消费纠纷,0.9
NMW202505040007,网约车司机来电称乘客开门的时候把车门刮擦了，对方现在不愿意赔偿我，有纠纷双方在一起，158****6569 #非警务#纠纷事项#司乘（代驾）问题#报警电话:158****6569,消费纠纷,消费纠纷,0.9
NMW202505040008,网约车司机来电称乘客开门的时候把车门刮擦了，对方现在不愿意赔偿我，有纠纷双方在一起，158****6569 #非警务#纠纷事项#司乘（代驾）问题#报警电话:158****6569,消费纠纷,消费纠纷,0.9
NMW202505040009,#长效关注#我想做骑手兼职，开了一张卡，支付宝押金交了300元，我现在不想做，不给我退卡186****8035 #非警务#纠纷事项#劳资问题#报警电话:186****8035,劳动人事（就业）纠纷,消费纠纷,0.9
NMW202505040010,我租了一辆车，现在乱扣费，不退款173****9293 #非警务#纠纷事项#租赁问题#报警电话:173****9293,经济纠纷,消费纠纷,0.9
NMW202505040011,#长效关注#我是快递员，买家让我把碎的东西寄过去，我并不知情，卖家收到后要投诉我，还扣了我的钱，我来找买家，需要处理153****1103 #非警务#纠纷事项#物流（快递）问题#报警电话:153****1103,消费纠纷,消费纠纷,0.9
NMW202505040012,来电称我打了一辆车出租车（浙BDT4444），司机因我们距离太近拒载，有纠纷，电话：138****4127 #非警务#纠纷事项#司乘（代驾）问题#报警电话:138****4127,消费纠纷,消费纠纷,0.9
NMW202505040013,我是货拉拉司机，客户下单后联系不上。133****8185 #非警务#纠纷事项#物流（快递）问题#报警电话:133****8185,消费纠纷,消费纠纷,0.9
NMW202505040014,我在这里住房因为房间太脏需要退，店家要扣20元，双方因为钱有纠纷。189****2687 #非警务#纠纷事项#消费问题#报警电话:189****2687,消费纠纷,消费纠纷,0.9
NMW202505050001,#长效关注#退租的电瓶车引起纠纷，并且反映电瓶车违反电车标准的需要交警处理，报警人电话：183****7740 #非警务#纠纷事项#租赁问题#报警电话:183****7740,债务纠纷,消费纠纷,0.9
NMW202505050002,#长效关注#衣服质量问题不退钱引起纠纷190****0318 #非警务#纠纷事项#消费问题#报警电话:190****0318,消费纠纷,消费纠纷,0.9
NMW202505050003,188****0026有人欠钱不还，双方在现场，有纠纷 #非警务#纠纷事项#经济（债务）问题#报警电话:188****0026,债务纠纷,债务纠纷,0.9
NMW202505050004,188****0026有人欠钱不还，双方在现场，有纠纷（辅助下单） #非警务#纠纷事项#经济（债务）问题#报警电话:188****0026,债务纠纷,债务纠纷,0.9
NMW202505050005,#长效关注#店里菜品不新鲜发臭，店员称是加热问题，我认为不合理有纠纷，电话：157****9223 #非警务#纠纷事项#消费问题#报警电话:157****9223,消费纠纷,消费纠纷,0.9
NMW202505050101,"当事人：张亚峰4103*****5037，手机132****2298，户籍地：河南省洛阳市洛龙区李楼乡下庄村7组2号，现住地：南门街道书润悦府6幢7号1201室
当事人：杨敏5222*****3224，手机158****9159，户籍地怒溪乡骆象村平地组，现住地：高桥镇联丰中路577号209室
事发地址：海曙南门书润悦府6幢1单元1201室
矛盾纠纷原因：了解系双方为男女朋友关系，在棋牌室时男方张亚峰伸手时被女方杨敏打了一下手，后双方到家后因此事引起口角纠纷，没有打架
矛盾化解具体工作措施：经民警劝解，双方已冷静下了，纠纷平息。
已通过《四合一平台》推送给街道社区以及网格员后续关注。稳控民警：陈兢",治安隐患纠纷,情感纠纷,0.9
NMW202505060001,#长效关注#我小孩吐在滴滴车上，因为支付清理费问题与司机有纠纷。报警人电话：139****6702 #非警务#纠纷事项#司乘（代驾）问题#报警电话:139****6702,消费纠纷,消费纠纷,0.9
NMW202505060002,#长效关注#我贷款租的车子，现因为退车问题，引起纠纷。130****2633 #非警务#纠纷事项#租赁问题#报警电话:130****2633,债务纠纷,消费纠纷,0.9
NMW202505060003,我是旅客，我把烟头扔在地上，老板制止我，还要把我赶走，现引起纠纷，联系电话198****8299 #非警务#纠纷事项#消费问题#报警电话:198****8299,公共秩序纠纷,消费纠纷,0.9
NMW202505060004,#长效关注#130****0713报：我们跑外卖的，因退租的电瓶车电瓶与公司有纠纷 #非警务#纠纷事项#物流（快递）问题#报警电话:130****0713,消费纠纷,劳动人事（就业）纠纷,0.9
NMW202505060101,#矛调类其他#尹江新村33幢105俞波与儿子俞煜诚发生口角纠纷，因儿子放学后不做作业，晚上一直看电视影响爷爷奶奶睡觉。经了解，俞波离异且长期跑滴滴，儿子主要由爷爷奶奶照顾，青春期情绪波动大，且与老人有代沟，俞波情绪也很激动，扬言不要这个儿子。父子矛盾已深，多次发生矛盾报警，请求派出所帮助。,口角琐事纠纷,口角琐事纠纷,0.9
NMW202505060102,湖汀名邸小区店铺苏熹烘培坊因玻璃碎裂与外卖员发生矛盾，店主认为是外卖员用力拉门导致他们店铺玻璃碎裂，要求赔偿。但外卖员认为没有直接证据，要求派出所介入。,经济纠纷,消费纠纷,0.9
NMW202505060201,包留林在银川被打断肋骨扬言，路过我辖区（南站旅社2026房间），已对其进行教育，该人目前已离开，请关注。,治安隐患纠纷,治安隐患纠纷,0.9
NMW202505070201,#长效关注#我付了转让金要租宾馆，消防通不过，对方不肯退钱，引起纠纷。137****3029 #非警务#纠纷事项#租赁问题#报警电话:137****3029,债务纠纷,消费纠纷,0.9
NMW202505070202,#长效关注#双方因为合同问题产生纠纷，需要调解。133****2939 #非警务#纠纷事项#经济（债务）问题#报警电话:133****2939,债务纠纷,其他纠纷,0.9
NMW202505070203,#长效关注#双方因为合同问题产生纠纷，需要调解。133****2939 #非警务#纠纷事项#经济（债务）问题#报警电话:133****2939,债务纠纷,其他纠纷,0.9
NMW202505070204,#长效关注#我是租客，跟房东有租房问题。193****8931 #非警务#纠纷事项#租赁问题#报警电话:193****8931,债务纠纷,房地产纠纷,0.9
NMW202505070205,#长效关注#我在这里办了美容卡，现在要退卡，商家不同意，双方协商不下。189****3971 #非警务#纠纷事项#消费问题#报警电话:189****3971,消费纠纷,消费纠纷,0.9
NMW202505070206,我在这里干活，工资拿不到，我和老板双方引起纠纷，报警电话191****4572 #非警务#纠纷事项#劳资问题#报警电话:191****4572,劳动人事（就业）纠纷,劳动人事（就业）纠纷,0.9
NMW202505070207,因司机要加来回高速费引起纠纷，电话137****0966。 #非警务#纠纷事项#司乘（代驾）问题#报警电话:137****0966,消费纠纷,消费纠纷,0.9
NMW202505070208,因司机要加来回高速费引起纠纷，电话137****0966。 #非警务#纠纷事项#司乘（代驾）问题#报警电话:137****0966,消费纠纷,消费纠纷,0.9
NMW202505080103,郎官西弄因大树遮挡产生矛盾-#矛调类其他#,邻里纠纷,邻里纠纷,0.9
NMW202505080104,郎官西弄因垃圾乱扔与邻居产生纠纷-#矛调类其他#,邻里纠纷,邻里纠纷,0.9
NMW202505080106,因管子漏水问题与邻居产生纠纷-#邻里纠纷#,邻里纠纷,邻里纠纷,0.9
NMW202505080203,#邻里纠纷;（一件事）纠纷;物业管理纠纷#锦沧文华二期居民反映小区垃圾房无人打扫，导致垃圾堆满，引起居民不满。,物业管理纠纷,公共秩序纠纷,0.9
NMW202505080301,被执行人因为合同关系不让我走157****0735 #非警务#纠纷事项#经济（债务）问题#报警电话:157****0735,债务纠纷,其他纠纷,0.9
NMW202505080302,委托了律师帮我处理经济案情的事情，我律师费已经付好了，现在对方不帮我处理事情，还要离开现场，起纠纷183****7647 #非警务#纠纷事项#消费问题#报警电话:183****7647,其他纠纷,消费纠纷,0.9
NMW202505080303,我是司机，乘客打了顺风车，之前乘客在平台上是选择了支付全额高速费，现他不承认了，起纠纷，报警人：136****4920 #非警务#纠纷事项#司乘（代驾）问题#报警电话:136****4920,消费纠纷,消费纠纷,0.9
NMW202505080304,#长效关注#阳台公共的下水管爆了，导致我家全是水，水已经漏到邻居家了，物业和保安都一直联系不上。137****9012 #非警务#纠纷事项#物业管理问题#报警电话:137****9012,物业管理纠纷,物业管理纠纷,0.9
NMW202505080305,楼上漏水下来，物业不管。138****4737 #非警务#纠纷事项#物业管理问题#报警电话:138****4737,邻里纠纷,物业管理纠纷,0.9
NMW202505080306,#长效关注#商家强制消费，现不让我走，159****5848 #非警务#纠纷事项#消费问题#报警电话:159****5848,消费纠纷,消费纠纷,0.9
NMW202505080307,#长效关注#我在这里吃饭，吃出问题，现老板不肯付医药费，有纠纷。130****3221 #非警务#纠纷事项#消费问题#报警电话:130****3221,消费纠纷,消费纠纷,0.9
NMW202505080308,#长效关注#与婆婆因小孩的问题发生纠纷。182****8821 #非警务#纠纷事项#家庭婚姻感情问题#报警电话:182****8821,家庭婚姻纠纷,家庭婚姻纠纷,0.9
NMW202505080402,#矛调类其他#书香苑小区居民在社区城市书房丢失一只手表，表示已通过监控找到了居民，但是对方不承认，请街道综治办协助。,邻里纠纷,其他纠纷,0.9
NMW202505080404,#损害赔偿纠纷#万安小区21号509室的阿姨反映，她女儿的汽车停在小区内，后备箱位置产生了划痕凹陷掉漆，但物业查看监控说没有车碰撞，双方就赔偿问题发生纠纷，僵持不下。请街道相关部门协助。,经济纠纷,损害赔偿纠纷,0.9
NMW202505080501,了解系李明吉报警扬言称公司（工作地白杨街45弄19号外卖配送服务驿站）工资拖欠其三千元，已教育当事人李明吉，签署保证书，不会做极端行为。工资问题其称公司20号会将钱发下来，通过《四合一平台》推送给街道社区以及网格员后续关注。,劳动人事（就业）纠纷,劳动人事（就业）纠纷,0.9
NMW202505080502,"大公馆621房间当事人汪嘉平与当事人林凤妹存在经济纠纷，民警已告诫当事人注意方式方法,现场没有打架，引导通过法院处理经济问题，通过《四合一平台》推送给街道社区以及网格员后续关注",治安隐患纠纷,经济纠纷,0.9
NMW202505090001,我扫了一辆小溜现在使用不了，要帮助。135****3537 #非警务#纠纷事项#消费问题#报警电话:135****3537,经济纠纷,消费纠纷,0.9
NMW202505090002,#长效关注#楼上（405）漏水，需要处理。139****6203 #非警务#纠纷事项#邻里问题#报警电话:139****6203,邻里纠纷,邻里纠纷,0.9
NMW202505090003,"#长效关注#楼上（405）漏水，需要处理。139****6203
重复报警:报警时间:2025-05-09 03:02:24, 报警电话:139****6203, 联系电话:139****6203, 报警内容:楼上（405）漏水，需要处理。139****6203
重复报警:报警时间:2025-05-09 03:08:10, 报警电话:139****6203, 联系电话:139****6203, 报警内容:催促 #非警务#纠纷事项#邻里问题#报警电话:139****6203",邻里纠纷,邻里纠纷,0.9
NMW202505090004,我是网约车司机，因乘客超员了不想载对方，对方不肯不下车，需要调解158****5826 #非警务#纠纷事项#司乘（代驾）问题#报警电话:158****5826,消费纠纷,消费纠纷,0.9
NMW202505090005,乘客报：因为我上错车门，网约车司机就把我拽下车，需要处理     138****5798 #非警务#纠纷事项#司乘（代驾）问题#报警电话:138****5798,消费纠纷,消费纠纷,0.9
NMW202505090006,#长效关注#昨晚，我付过4元停车费，现在要我再付30元停车费，报警人：185****6076 #非警务#纠纷事项#物业管理问题#报警电话:185****6076,物业管理纠纷,消费纠纷,0.9
NMW202505090007,我租房交了中介费，想要退款，双方在一起，联系报警人请打131****5173 #非警务#纠纷事项#租赁问题#报警电话:130****9903,经济纠纷,消费纠纷,0.9
NMW202505090008,有人租了车库的储藏间，在车库的储藏间烧烤，136****9276 #非警务#纠纷事项#物业管理问题#报警电话:136****9276,经济纠纷,物业管理纠纷,0.9
NMW202505090009,我在网上订了房间，现在不想住了，但是网上取消不了订单，我与商家有纠纷，需要处理。134****7547 #非警务#纠纷事项#消费问题#报警电话:134****7547,消费纠纷,消费纠纷,0.9
NMW202505090201,#邻里纠纷文化家园58弄1号301和201的漏水纠纷。4月22日经调解达成一致，但在后续维修中发现新问题，又出现矛盾，请街道综治办协调处理。,公共秩序纠纷,邻里纠纷,0.9
NMW202505090301,尹江二村20幢94号101室居民反映：门口下水道污水外溢。怀疑是楼上住户把不溶于水的杂物扔进下水道引起堵塞。请物业及上级部门及时处理。,公共秩序纠纷,其他纠纷,0.9
NMW202505100001,KTV强买强卖，强制让我消费，需要处理183****1511 #非警务#纠纷事项#消费问题#报警电话:183****1511,消费纠纷,消费纠纷,0.9
NMW202505100002,对方总是产生噪音，我与对方沟通无效产生纠纷177****4221 #非警务#纠纷事项#邻里问题#报警电话:177****4221,邻里纠纷,噪声污染,0.9
NMW202505100003,洗车店把我的车洗坏了，对方不肯赔偿，双方发生纠纷，报警人电话135****3034 #非警务#纠纷事项#经济（债务）问题#报警电话:135****3034,经济纠纷,消费纠纷,0.9
NMW202505100004,我的轿车停着被运货的小推车刮擦了，现在对方不愿意承认，产生纠纷，报警人电话：152****8417。 #非警务#纠纷事项#经济（债务）问题#报警电话:152****8417,经济纠纷,损害赔偿纠纷,0.9
NMW202505100005,我在高铁上边上叫了车（浙LR6860 白色现代），对方没有执照，报警人还在现场，报警人电话178****1187 #非警务#纠纷事项#司乘（代驾）问题#报警电话:178****1187,消费纠纷,消费纠纷,0.9
NMW202505100006,这里工作人员让我扫身份证，引起纠纷。134****7556 #非警务#纠纷事项#其他纠纷事项#报警电话:134****7556,其他纠纷,其他纠纷,0.9
NMW202505100007,我在高铁站边上叫了车（浙LR6860 白色现代），报警人称对方没有执照，具体情况说不清楚，报警人还在现场，报警人电话178****1187 #非警务#纠纷事项#司乘（代驾）问题#报警电话:178****1187,消费纠纷,消费纠纷,0.9
NMW202505100008,这里工作人员让我扫身份证，引起纠纷。134****7556 #非警务#纠纷事项#其他纠纷事项#报警电话:134****7556,其他纠纷,其他纠纷,0.9
NMW202505100009,我是商家，有个快递员因为签收的人没来，和我产生口角纠纷。158****0508 #非警务#纠纷事项#其他纠纷事项#报警电话:158****0508,消费纠纷,口角琐事纠纷,0.9
NMW202505100010,我在这里买手机，现在跟对方产生纠纷，报警人电话：191****8418 #非警务#纠纷事项#消费问题#报警电话:191****8418,消费纠纷,消费纠纷,0.9
NMW202505100011,我是送快递的，我把快递送到客户指定的位置，对方还投诉我称没有收到快递，引起纠纷，报警人电话183****7752 #非警务#纠纷事项#物流（快递）问题#报警电话:183****7752,消费纠纷,消费纠纷,0.9
NMW202505100012,我在抖音上订的房间现我不想住了，现这里不让我退，引起纠纷。150****6690. #非警务#纠纷事项#劳资问题#报警电话:150****6690,消费纠纷,消费纠纷,0.9
NMW202505100013,我做外卖员租了电瓶车 ，现不想做了，商家不退我租金，双方引起纠纷。报警人电话184****5166 #非警务#纠纷事项#租赁问题#报警电话:184****5166,经济纠纷,消费纠纷,0.9
NMW202505100014,我弟弟（18岁）找了网约车工作刚刚签了合同，现在不想做，对方不肯同意，需要调解151****6354 #非警务#纠纷事项#物流（快递）问题#报警电话:151****6354,劳动人事（就业）纠纷,劳动人事（就业）纠纷,0.9
NMW202505100101,"当事人：项芳，3623*****5021，159****9339 户籍地浙江省宁波市海曙区南门街道三市路228弄80号109室，现住地三市路258弄3号305室 
当事人：陈勇3302*****0611，132****7033，户籍地浙江省象山县鹤浦镇小网巾村长山嘴，现住地三市路258弄3号305室 
事发地：三市路258弄3号305室 
矛盾纠纷原因：双方为夫妻，因报警人项芳怀疑丈夫陈勇有外遇而引起争吵，双方没有动手
矛盾化解具体工作措施：经劝说，争吵平息，民警让男方陈勇晚上先去其他住处休息，双方先分开冷静下
我所已告社区民警跟进，已通过《四合一平台》推送给街道社区以及网格员后续关注。稳控民警庄国强。",治安隐患纠纷,家庭婚姻纠纷,0.9
NMW202505110001,有人将车子停在我门口，我推动了一下，对方就让我赔偿。138****1749 #非警务#纠纷事项#其他纠纷事项#报警电话:138****1749,经济纠纷,经济纠纷,0.9
NMW202505110002,与商家因上菜问题发生纠纷。182****3095 #非警务#纠纷事项#消费问题#报警电话:182****3095,消费纠纷,消费纠纷,0.9
NMW202505110003,有一个人一家一家的敲门，不清楚对方干什么，与物业沟通协商不下引起纠纷137****8028 #非警务#纠纷事项#物业管理问题#报警电话:137****8028,邻里纠纷,物业管理纠纷,0.9
NMW202505110004,有一个女的一家一家的敲门，不清楚对方干什么。物业不管，与物业沟通协商不下引起纠纷137****8028（13:57报警人来电称敲门的人已经离开。） #非警务#纠纷事项#物业管理问题#报警电话:137****8028,邻里纠纷,物业管理纠纷,0.9
NMW202505110005,我是出租车司机，有两个乘客在这里跟我吵，具体原因不肯说。130****8973 #非警务#纠纷事项#司乘（代驾）问题#报警电话:130****8973,消费纠纷,消费纠纷,0.9
NMW202505110006,昨天我去找工作，对方以招聘的名义变相骗我们租车，合同签了，说要付2000元的租车费用，现在我还没付钱，我要解除合同，对方不给我解决，双方在一起，产生纠纷，报警人134****7106 #非警务#纠纷事项#租赁问题#报警电话:134****7106,经济纠纷,劳动人事（就业）纠纷,0.9
NMW202505110007,我在平台买的东西，外卖员没有送到，现找商家理论，双方产生纠纷，报警人电话：188****5995 #非警务#纠纷事项#消费问题#报警电话:188****5995,消费纠纷,消费纠纷,0.9
NMW202505120012,柳汀新村20-1幢401居民家中水管破裂，造成楼下，301、201，101不同程度受损，三家分别要求赔偿。,邻里纠纷,损害赔偿纠纷,0.9
NMW202505120110,#邻里纠纷#金谷小区苍松路33弄3号103室居民反映503室有时在自家车棚做东西，都是下班时间做，可能做蛋糕、包子类，是否有证照不清楚，门都是紧闭的，有噪音，噪音对上就是103室，公共区域有纸箱堆放，郎官五网格立即跟503室联系、劝说， 503室态度不可置否，请街道相关部门协助处理。,公共秩序纠纷,邻里纠纷,0.9
NMW202505120206,#邻里纠纷#尹江三村2幢608漏水至508，双方沟通无果，请上级协助调解。,邻里纠纷,邻里纠纷,0.9
NMW202505120213,柳汀新村19幢106室投诉105室将菜场腐烂的蔬菜捡回家存放，导致周边环境臭气熏天、蚊蝇成群,邻里纠纷,环保纠纷,0.9
NMW202505120312,8日夜里下雨引起13幢5楼和6楼楼上楼下漏水问题，请街道矛调中心协助处理。,邻里纠纷,其他纠纷,0.9
NMW202505120313,柳汀新村19幢409投诉408晚上脚步声很大，还不让409开门通风,邻里纠纷,邻里纠纷,0.9
NMW202505120401,"打了一辆车,和司机因车费问题发生纠纷178****4513 #非警务#纠纷事项#司乘（代驾）问题#报警电话:178****4513",消费纠纷,消费纠纷,0.9
NMW202505120402,我是浙BDT3534出租车司机因为路线问题骂我。136****6081 #非警务#纠纷事项#司乘（代驾）问题#报警电话:136****6081,消费纠纷,消费纠纷,0.9
NMW202505120403,浙BDT3534出租车司机因为路线问题骂我。136****6081（19:29来电该车跑了） #非警务#纠纷事项#司乘（代驾）问题#报警电话:136****6081,消费纠纷,消费纠纷,0.9
NMW202505120404,对方公司招聘岗位，让我交了960元报名服装费，但又不让我上岗，现在我要退款对方不给我退，产生纠纷，报警人155****0353 #非警务#纠纷事项#劳资问题#报警电话:155****0353,消费纠纷,劳动人事（就业）纠纷,0.9
NMW202505130001,#邻里纠纷#文化家园58弄33号楼6楼水管漏水到5楼。但6楼因水管装修已包在里面，不肯维修。请街道综治办协助解决。,邻里纠纷,邻里纠纷,0.9
NMW202505130101,湖汀名邸小区南门道路为三市路28弄。因临近火车站，对面还有很多网红小吃店，该区域车流较多，一些就餐的车辆，网约车等经常在该路口乱停或者骑跨马路牙子，因此该路口每天都被违章车辆占用，本小区居民车辆进出经常产生刮擦，且因为视觉盲区产生安全隐患，给小区居民出行造成严重不便，急需一个妥善的解决方案。从年前开始小区业委会和社区多次与住建部门沟通，安装挡车石、道闸前置这些方案均被否决。请相关部门能给出一个切实可行的方案，彻底解决违停占道问题，给小区居民一个舒畅的进出环境。,经济纠纷,街面秩序,0.9
NMW202505130301,我跑单，现在我不干了，公司要我付钱，才能解约，现在双方在一起有纠纷，需要处理153****0482 #非警务#纠纷事项#物流（快递）问题#报警电话:153****0482,债务纠纷,劳动人事（就业）纠纷,0.9
NMW202505130302,我跑单子，现在我不干了，公司要我付钱，才能解约，现在双方在一起有纠纷，需要处理153****0482 #非警务#纠纷事项#物流（快递）问题#报警电话:153****0482,债务纠纷,劳动人事（就业）纠纷,0.9
NMW202505130303,我找兼职，对方让我过去面试，但实际是要让我签租车合同不是做兼职，我在对方店门口，报警人：153****2173 #非警务#纠纷事项#租赁问题#报警电话:153****2173,经济纠纷,劳动人事（就业）纠纷,0.9
NMW202505130304,193****0197报：因退跑外卖租的电瓶车问题与公司有纠纷 #非警务#纠纷事项#物流（快递）问题#报警电话:193****0197,消费纠纷,消费纠纷,0.9
NMW202505130305,我想把租赁的外卖电瓶车退回去，对方要求我支付两个月的押金，双方有纠纷150****5735 #非警务#纠纷事项#租赁问题#报警电话:150****5735,经济纠纷,消费纠纷,0.9
NMW202505130306,因租车费用问题，双方发生纠纷 150****2713 #非警务#纠纷事项#租赁问题#报警电话:150****2713,经济纠纷,消费纠纷,0.9
NMW202505130307,我是保安，一个卖大饼的人把车停在门口卖，堵住了门口，有纠纷152****7501 #非警务#纠纷事项#物业管理问题#报警电话:152****7501,邻里纠纷,街面秩序,0.9
NMW202505130308,135****7756，顾客吃完饭不付钱有纠纷 #非警务#纠纷事项#消费问题#报警电话:135****7756,消费纠纷,消费纠纷,0.9
NMW202505130402,文化家园58弄18号101室反映总管爆了，无人维修，就维修问题产生矛盾，请街道综治办协助。-#邻里纠纷#,公共秩序纠纷,FAILED,0.0
NMW202505140001,彩虹大药房商铺反映下水道有很多蟑螂，联系物业，未及时处理，需要调解,消费纠纷,其他纠纷,0.9
NMW202505140106,#劳动争议纠纷#接到劳动者投诉，南塘老街八角亭旁冰豆花铺位存在劳资纠纷，有信访可能，请相关职能部门处理,公共秩序纠纷,劳动人事（就业）纠纷,0.9
NMW202505140302,#邻里纠纷#网格员巡逻中发现二村12幢50号的楼上住户和一楼住户因化粪池瘀堵的责任认定问题争吵，网格员一边安抚他们，一边上报社区网格长要求向上级物业办反映此事，帮助化解矛盾,口角琐事纠纷,邻里纠纷,0.9
NMW202505140401,楼上漏水到我家，引起纠纷，报警电话187****9608 #非警务#纠纷事项#邻里问题#报警电话:187****9608,邻里纠纷,邻里纠纷,0.9
NMW202505140402,我坐出租车，司机让我下车，引起纠纷。135****7120 #非警务#纠纷事项#物流（快递）问题#报警电话:135****7120,消费纠纷,消费纠纷,0.9
NMW202505140403,我来这里面试，现在对方称已经满了，不要我们，引起纠纷。190****0575 #非警务#纠纷事项#其他纠纷事项#报警电话:190****0575,劳动人事（就业）纠纷,劳动人事（就业）纠纷,0.9
NMW202505140501,"报警人俞波3302*****2412，139****0880，户籍浙江省宁波市海曙区南门街道三市路142弄22号105室，现住址三市路142弄22号105室，当事人俞煜城3302*****241X，139****0880，户籍浙江省宁波市海曙区南门街道三市路142弄22号105室，现住址三市路142弄22号105室
事发地址： 尹江岸一村33幢105室
矛盾纠纷原因：了解系当事人俞煜城在22点以后还干各种琐事打扰其爷爷奶奶休息与其父亲俞波发生口角纠纷
矛盾化解具体工作措施：经民警调解，俞煜城认识到错误，表示会休息不会打扰其爷爷奶奶休息，纠纷平息，我所已告社区民警跟进，已通过《四合一平台》推送给街道社区以及网格员后续关注。稳控民警孙天岭。
所领导是否知晓：是",公共秩序纠纷,口角琐事纠纷,0.9
NMW202505150003,文化家园16弄31号306家客厅漏水，与406和物业协商不一致产生矛盾，请街道综治办协助处理,物业管理纠纷,物业管理纠纷,0.9
NMW202505150110,#矛调类其他#网格员在网格群发现有居民提出苗圃路39弄一带棋牌室牌客半夜扰民，临街住户不堪滋扰。,邻里纠纷,噪声污染,0.9
NMW202505150201,#邻里纠纷#马园村43号102室许阿姨反映车棚顶上有个巨大的桶，里面盛满了水，天气炎热怕滋养蚊虫，但是找不到桶主人，望调解员介入,邻里纠纷,邻里纠纷,0.9
NMW202505150210,#邻里纠纷#汇头巷小店宠物未牵绳，居民反应有安全隐患，请街道综治办协助解决,狗患纠纷,狗患纠纷,0.9
NMW202505150311,柳锦花园55号305室、105室水管漏水纠纷。,邻里纠纷,物业管理纠纷,0.9
NMW202505150401,租电瓶车不退引起纠纷。151****1109 #非警务#纠纷事项#租赁问题#报警电话:151****1109,经济纠纷,消费纠纷,0.9
NMW202505150402,我来这边接工程，让我接工程的人能联系的上，但是就是不来接我，怀疑对方不想给我做这个工程了，产生纠纷，电话137****6216 #非警务#纠纷事项#其他纠纷事项#报警电话:137****6216,工程施工纠纷,工程施工纠纷,0.9
NMW202505150403,这里停车场要收我几百块钱的停车费，可是我才刚停了一会儿，双方有纠纷。188****2315 #非警务#纠纷事项#物业管理问题#报警电话:188****2315,经济纠纷,消费纠纷,0.9
NMW202505150404,我来这边接工程，让我接工程的人能联系的上，但是就是不来接我，怀疑对方不想给我做这个工程了，产生纠纷，电话137****6216（10:10来电催促） #非警务#纠纷事项#其他纠纷事项#报警电话:137****6216,工程施工纠纷,劳动人事（就业）纠纷,0.9
NMW202505150405,租车要退，对方不肯，有纠纷。177****0293 #非警务#纠纷事项#租赁问题#报警电话:177****0293,经济纠纷,消费纠纷,0.9
NMW202505150406,我来应聘外卖员，但是对方要收租车费，有纠纷。177****0065 #非警务#纠纷事项#租赁问题#报警电话:177****0065,经济纠纷,劳动人事（就业）纠纷,0.9
NMW202505150407,我租了车付了6000多元，现对方不肯把车给我，双方在一起。197****5142 #非警务#纠纷事项#租赁问题#报警电话:197****5142,经济纠纷,消费纠纷,0.9
NMW202505150408,昨天我的车子要卖掉，最终的价格我也同意了，现在价格变动了引起纠纷187****7016 #非警务#纠纷事项#消费问题#报警电话:187****7016,经济纠纷,消费纠纷,0.9
NMW202505150409,我叫了一个上门维修服务，对方把我的核心配件换掉了，双方产生纠纷，报警人电话133****9954 #非警务#纠纷事项#消费问题#报警电话:133****9954,消费纠纷,消费纠纷,0.9
NMW202505150410,有一个出租车司机在车上刷抖音不挪车，有纠纷，电话158****8365。 #非警务#纠纷事项#司乘（代驾）问题#报警电话:158****8365,消费纠纷,街面秩序,0.9
NMW202505150411,租赁房子，给了押金，和房东有纠纷。133****2977 #非警务#纠纷事项#租赁问题#报警电话:133****2977,经济纠纷,消费纠纷,0.9
NMW202505150412,报警人来电称刚刚与房东因为租房押金有纠纷的事情报过警，街道工作人员未帮我协调处理，就让我上法院处理，现我要投诉并且要求再次处理，报警人电话：133****2977 #非警务#纠纷事项#租赁问题#报警电话:133****2977,经济纠纷,债务纠纷,0.9
NMW202505150501,"当事人：王海3302*****313X，130****7053，户籍浙江省宁波市海曙区南门街道迎春街89弄13号404室，现住址迎春街89弄13号404室
当事人：庄亚芬3302*****4023，131****5813，户籍浙江省宁波市北仑区大碶街道嘉溪398号，现住址迎春街89弄13号404室
当事人：王剑飞3302*****4033，189****2618，户籍浙江省宁波市北仑区大碶街道嘉溪398号，现住址迎春街89弄13号404室
矛盾纠纷原因：庄亚芬和王剑飞为夫妻关系，报警人王海为庄亚芬儿子不在现场，了解系当事人庄亚芬称晚上做饭烧菜时因为其菜做多了，其丈夫王剑飞与其发生口角纠纷
矛盾化解具体工作措施：关于这次纠纷，民警带庄亚芬回所制作笔录，当事人庄亚芬表示希望民警可以对其丈夫王剑飞进行批评教育
所领导是否知晓：是
我所已告社区民警跟进，已通过《四合一平台》推送给街道社区以及网格员后续关注。稳控民警：李国义",公共秩序纠纷,口角琐事纠纷,0.9
NMW202505160007,#损害赔偿纠纷#博洋公司反映建筑公司奇屿企业，因建房施工引起博洋公司园区内墙体开裂倾斜，道路破损，无法正常通勤，多次诉求都拖延，希望街道出面调解解决。,经济纠纷,损害赔偿纠纷,0.9
NMW202505160303,尹江二村18幢307使用洗衣机失误导致楼下207漏水，造成纠纷,邻里纠纷,邻里纠纷,0.9
NMW202505160401,我妹妹和我老公因为家庭纠纷在一村警务室里面吵架，需要调解135****4607 #非警务#纠纷事项#家庭婚姻感情问题#报警电话:135****4607,家庭婚姻纠纷,家庭婚姻纠纷,0.9
NMW202505160402,我们从舟山打滴滴来宁波火车站，到地方以后滴滴司机要我们换一个平台付钱，说我们下单的平台不能付钱，起纠纷138****7777 #非警务#纠纷事项#司乘（代驾）问题#报警电话:138****7777,消费纠纷,消费纠纷,0.9
NMW202505160403,我打出租车（车牌不清楚），因为费用问题和司机有纠纷，182****2127 #非警务#纠纷事项#司乘（代驾）问题#报警电话:182****2127,消费纠纷,消费纠纷,0.9
NMW202505160404,保安来电：有汽车不愿意付停车费问题，起纠纷159****6440 #非警务#纠纷事项#物业管理问题#报警电话:159****6440,消费纠纷,消费纠纷,0.9
NMW202505160405,来电有争吵声无应答，回拨电话称我是出租车司机（浙BDT0865) ，我载了一个乘客，现因为路线问题对方一直骂我。报警人电话：181****7613 #非警务#纠纷事项#司乘（代驾）问题#报警电话:181****7613,消费纠纷,消费纠纷,0.9
NMW202505160406,我打了车子，跟司机因为路线问题发生口角有纠纷，未说清楚具体位置挂断。回拨不接。135****3369 #非警务#纠纷事项#司乘（代驾）问题#报警电话:135****3369,消费纠纷,消费纠纷,0.9
NMW202505160502,"当事人：徐克3412*****8214，158****1431，户籍安徽省阜南县安岗镇南街村三队154号1户，现住址甬水桥路36弄3号406室
当事人：米荣素5224*****4866，152****6782，户籍何官屯镇龙滩村新营盘组40号，现住址甬水桥路36弄3号406室
矛盾纠纷原因：徐克与米荣素为夫妻，了解系报警人徐克称最近和妻子在商量离婚的事，晚上并没有争吵，其醉酒清醒后发现妻子不见，联系不上，遂报警
矛盾化解具体工作措施：带报警人回所查看监控，后查询到当事人入住悦客旅馆，民警到达现场，确认当事人人身安全，当事人不愿意见其丈夫，已告当事人注意安全,，双方协商解决问题。
所领导是否知晓：是
我所已告社区民警跟进，已通过《四合一平台》推送给街道社区以及网格员后续关注。稳控民警：孙天岭",公共秩序纠纷,家庭婚姻纠纷,0.9
NMW202505170001,我隔壁邻居喝醉酒，对方拿玻璃瓶砸我门口，人没事。134****8951 #非警务#纠纷事项#邻里问题#报警电话:134****8951,邻里纠纷,邻里纠纷,0.9
NMW202505170002,151****2352：对方在弄钢管，把我老婆的眼睛弄伤了，还不肯负责，有纠纷 #非警务#纠纷事项#其他纠纷事项#报警电话:151****2352,经济纠纷,损害赔偿纠纷,0.9
NMW202505170003,我店里签订的手机分期购买合同，并支付1500元定金。后我要求取消合同，对方就让我给他买一条烟。我花了350元买了一条烟给对方，对方就把定金退给我了。我现在要求追回350元烟钱。报警电话：183****4474 #非警务#纠纷事项#消费问题#报警电话:183****4474,消费纠纷,消费纠纷,0.9
NMW202505170004,151****2352：对方在弄钢管，把我老婆的眼睛弄伤了，还不肯负责，有纠纷   （辅助下单） #非警务#纠纷事项#其他纠纷事项#报警电话:151****2352,经济纠纷,损害赔偿纠纷,0.9
NMW202505170005,151****2352：对方在弄钢管，把我老婆的眼睛弄伤了，还不肯负责，有纠纷 #非警务#纠纷事项#其他纠纷事项#报警电话:151****2352,经济纠纷,损害赔偿纠纷,0.9
NMW202505170006,139****0480出租车（浙BT0335）司机报：客人不愿意付车费 #非警务#纠纷事项#司乘（代驾）问题#报警电话:139****0480,消费纠纷,消费纠纷,0.9
NMW202505170007,我在网上认识对方，对方称给我找工作，但是我到现场了没有对方说的工作，认为被骗。需要处理。具体情况听不懂报警人说什么，请核实。155****5750 #非警务#纠纷事项#劳资问题#报警电话:155****5750,劳动人事（就业）纠纷,劳动人事（就业）纠纷,0.9
NMW202505170008,辅助催促：我在网上认识对方，对方称给我找工作，但是我到现场了没有对方说的工作，认为被骗。需要处理。具体情况听不懂报警人说什么，请核实。155****5750 #非警务#纠纷事项#劳资问题#报警电话:155****5750,其他纠纷,劳动人事（就业）纠纷,0.9
NMW202505180001,楼下的人来敲我的门，说我噪音扰民，双方有纠纷需要处理。151****8215 #非警务#纠纷事项#邻里问题#报警电话:151****8215,邻里纠纷,邻里纠纷,0.9
NMW202505180002,我与房东产生纠纷，报警人电话：172****5271。 #非警务#纠纷事项#租赁问题#报警电话:172****5271,经济纠纷,其他纠纷,0.9
NMW202505180003,我欠别人钱未归还，现对方在我家里不肯走，需要报警处理。131****8222.（报警人情绪激动，要求派出所处理） #非警务#纠纷事项#经济（债务）问题#报警电话:131****8222,债务纠纷,债务纠纷,0.9
NMW202505180004,我和对方有签了合同，现在因为违约金数量有纠纷166****6203 #非警务#纠纷事项#经济（债务）问题#报警电话:166****6203,债务纠纷,经济纠纷,0.9
NMW202505180005,我是房东，租客要搬走，但是没有把房子弄干净，引起纠纷，报警人电话183****1229 #非警务#纠纷事项#租赁问题#报警电话:183****1229,经济纠纷,物业管理纠纷,0.9
NMW202505180006,我是房东，租客要搬走，但是没有把房子弄干净，引起纠纷，报警人电话183****1229 #非警务#纠纷事项#租赁问题#报警电话:183****1229,经济纠纷,其他纠纷,0.9
NMW202505180007,我是租客，房租到期了，现对方不退押金，要求处理，报警人电话：192****4027 #非警务#纠纷事项#租赁问题#报警电话:192****4027,经济纠纷,消费纠纷,0.9
NMW202505180008,我在网约车公司租了车，现在双方有纠纷，159****8265 #非警务#纠纷事项#租赁问题#报警电话:159****8265,经济纠纷,消费纠纷,0.9
NMW202505180009,我在这里租赁电瓶车，现在与对方产生纠纷，报警人电话：173****7887 #非警务#纠纷事项#租赁问题#报警电话:173****7887,经济纠纷,消费纠纷,0.9
NMW202505180010,刚刚因为与对方因为租赁电瓶车引起纠纷的事情报过警，现来电催促，报警人电话：173****7887 #非警务#纠纷事项#租赁问题#报警电话:173****7887,经济纠纷,消费纠纷,0.9
NMW202505180011,我下午3点入住酒店，现在要退房，我要求宾馆全额退房费，对方不肯退，双方有纠纷需要调解138****7016 #非警务#纠纷事项#消费问题#报警电话:138****7016,消费纠纷,消费纠纷,0.9
NMW202505190013,#邻里纠纷;邻里纠纷#万安路38弄2号603室居民反映车停在小区内，有业主高空抛物，车前挡风玻璃被砸，很不安全。,经济纠纷,损害赔偿纠纷,0.9
NMW202505190112,#邻里纠纷#白杨街58弄4号103室和58弄4号103室同时在中午期间装修，严重影响楼上5户居民午休，引发激烈矛盾冲突，请街道综治办协助解决。,邻里纠纷,噪声污染,0.9
NMW202505190113,文化家园二期10号楼1楼居民家的院子里的篷布被楼上居民扔下的烟头烫出了一个大洞，双方产生激烈争吵，请街道综治办协助解决,口角琐事纠纷,邻里纠纷,0.9
NMW202505190114,#物业管理纠纷-房屋维修纠纷#万安路38弄4号607室居民反映顶楼漏水很严重，上次物业修了也没修好，雨大水又从裂缝漏下来了。,经济纠纷,物业管理纠纷,0.9
NMW202505190202,#矛调类其他#书香苑居民反映，社区其他小区全部进行了老小区改造，为什么书香苑一直不改造，且锦沧文华二期建成时间也比书香苑晚都改造了，希望街道马上安排改造。请街道相关部门协助,工程施工纠纷,其他纠纷,0.9
NMW202505190208,白杨街195弄22号207住户在网格群内反应隔壁20号206住户中午多次发出噪音，影响午休。20号206住户表示不是自己家产生的，社区介入后无果22号住户表示要报警。请街道综治办协助处理。,家庭婚姻纠纷,噪声污染,0.9
NMW202505190401,半个月前，买了一个二手手机，我觉得买贵了想要退手机，对方不肯让我退，引起纠纷。166****7836 #非警务#纠纷事项#消费问题#报警电话:166****7836,消费纠纷,消费纠纷,0.9
NMW202505190402,半个月前，买了一个二手手机，我觉得买贵了想要退手机，对方不肯让我退，引起纠纷。166****7836 #非警务#纠纷事项#消费问题#报警电话:166****7836,消费纠纷,消费纠纷,0.9
NMW202505190403,维修店把我的轿车洗坏了，有纠纷。135****3034 #非警务#纠纷事项#消费问题#报警电话:135****3034,经济纠纷,消费纠纷,0.9
NMW202505190404,两辆电瓶车停着，他电瓶车倒了压在我电瓶车，现因为赔偿问题有纠纷。189****8978 #非警务#纠纷事项#其他纠纷事项#报警电话:189****8978,经济纠纷,损害赔偿纠纷,0.9
NMW202505190405,来电争吵声，后称跟楼上的房东有纠纷，未说清具体情况，一直争吵。10:27来电催促 #非警务#纠纷事项#邻里问题#报警电话:130****9209,邻里纠纷,邻里纠纷,0.9
NMW202505190406,我找了个维修工给我修理洗衣机，钱给了，对方不给我修理，双方协商不下。133****5638 #非警务#纠纷事项#消费问题#报警电话:133****5638,消费纠纷,消费纠纷,0.9
NMW202505190407,因租车问题发生纠纷。178****5977 #非警务#纠纷事项#租赁问题#报警电话:178****5977,经济纠纷,消费纠纷,0.9
NMW202505190408,我欠银行钱，银行把的卡都停了，引起纠纷。报警人电话：189****5157 #非警务#纠纷事项#其他纠纷事项#报警电话:189****5157,其他纠纷,债务纠纷,0.9
NMW202505190409,"我欠银行钱，银行把我的卡都停了，引起纠纷。报警人电话：189****5157（11:22来电催促）
重复报警:报警时间:2025-05-19 11:22:49, 报警电话:189****5157, 联系电话:189****5157, 报警内容:来电催促
重复报警:报警时间:2025-05-19 11:17:34, 报警电话:189****5157, 联系电话:189****5157, 报警内容:我欠银行钱，银行把的卡都停了，引起纠纷。报警人电话：189****5157 #非警务#纠纷事项#其他纠纷事项#报警电话:189****5157",其他纠纷,债务纠纷,0.9
NMW202505190410,对方卖给我一个二手手机，给我办理了贷款，没有事先告诉我一共要花8千多元，有纠纷176****3682 #非警务#纠纷事项#消费问题#报警电话:176****3682,消费纠纷,消费纠纷,0.9
NMW202505190411,拿不到装修款，引起纠纷。150****1118 #非警务#纠纷事项#劳资问题#报警电话:150****1118,劳动人事（就业）纠纷,劳动人事（就业）纠纷,0.9
NMW202505190412,拿不到装修款，引起纠纷。150****1118 #非警务#纠纷事项#劳资问题#报警电话:150****1118,劳动人事（就业）纠纷,劳动人事（就业）纠纷,0.9
NMW202505190413,举报这家医美店铺没有营业执照，把我脸打坏了，现在跑路了。188****6922 #非警务#纠纷事项#消费问题#报警电话:188****6922,医疗纠纷,消费纠纷,0.9
NMW202505190414,我在这里干活，老板不给钱。 #非警务#纠纷事项#劳资问题#报警电话:133****3992,劳动人事（就业）纠纷,劳动人事（就业）纠纷,0.9
NMW202505190415,老板拖欠我货款不给。130****5219 #非警务#纠纷事项#经济（债务）问题#报警电话:130****5219,债务纠纷,债务纠纷,0.9
NMW202505190416,因退房问题发生纠纷。181****0977 #非警务#纠纷事项#消费问题#报警电话:181****0977,经济纠纷,消费纠纷,0.9
NMW202505190417,我是乘客，我给网约车司机转了钱，现对方不肯来接我，要求处理，报警人电话：193****4418 #非警务#纠纷事项#司乘（代驾）问题#报警电话:193****4418,消费纠纷,消费纠纷,0.9
NMW202505190418,"老板拖欠我货款不给。130****5219
重复报警:报警时间:2025-05-19 16:34:43, 报警电话:130****5219, 联系电话:130****5219, 报警内容:老板拖欠我货款不给。130****5219
重复报警:报警时间:2025-05-19 18:40:57, 报警电话:130****5219, 联系电话:130****5219, 报警内容:来电称现双方在一起，需要处理 #非警务#纠纷事项#经济（债务）问题#报警电话:130****5219",债务纠纷,债务纠纷,0.9
NMW202505190419,老板拖欠工资，人也找不到他，现我在火锅店门口等。报警人：150****1810 #非警务#纠纷事项#劳资问题#报警电话:150****1810,劳动人事（就业）纠纷,劳动人事（就业）纠纷,0.9
NMW202505190501,111111,其他纠纷,其他纠纷,0.9
NMW202505190504,测试件,工程施工纠纷,其他纠纷,0.9
NMW202505190505,测试件,工程施工纠纷,其他纠纷,0.9
NMW202505200001,我是网约车司机，我询问乘客几个人上车，与乘客引起纠纷，乘客推了我一下。135****3723（因为报警人开始称被人打了，故下了派出所，后无法撤回） #非警务#纠纷事项#司乘（代驾）问题#报警电话:135****3723,消费纠纷,口角琐事纠纷,0.9
NMW202505200002,我来道路救援搭电的，现对方称我未处理好并称要投诉我，引起纠纷，报警人电话：189****9354. #非警务#纠纷事项#消费问题#报警电话:189****9354,交通事故纠纷,消费纠纷,0.9
NMW202505200003,老人买药，工作人员让老人办会员，最终会员价比原价贵，现要退货引发纠纷173****0645 #非警务#纠纷事项#消费问题#报警电话:173****0645,消费纠纷,消费纠纷,0.9
NMW202505200004,对方让我做美容，还称是免费的，做好后对方要收我的钱。183****9328 #非警务#纠纷事项#消费问题#报警电话:183****9328,消费纠纷,消费纠纷,0.9
NMW202505200005,一个老人在这里吃饭，一直骂人，影响我做生意180****1773 #非警务#纠纷事项#消费问题#报警电话:180****1773,消费纠纷,消费纠纷,0.9
NMW202505200006,我兼职跑外卖，对方拿我的手机在我不知情的情况下下载了一个租车软件，现我把车子和装备都退还给了对方，对方不退我装备钱，起纠纷，报警人：155****7197 #非警务#纠纷事项#物流（快递）问题#报警电话:155****7197,消费纠纷,消费纠纷,0.9
NMW202505200007,辅助：我兼职跑外卖，对方拿我的手机在我不知情的情况下下载了一个租车软件，现我把车子和装备都退还给了对方，对方不退我装备钱，起纠纷，报警人：155****7197（来电催促） #非警务#纠纷事项#物流（快递）问题#报警电话:155****7197,消费纠纷,消费纠纷,0.9
NMW202505200008,有一个业主嫌对方停车缴费太慢就把一辆轿车停在门口堵着，人跑了。133****9534 #非警务#纠纷事项#物业管理问题#报警电话:133****9534,邻里纠纷,物业管理纠纷,0.9
NMW202505200009,老板不给我货款，有纠纷。133****6702 #非警务#纠纷事项#物流（快递）问题#报警电话:133****6702,债务纠纷,债务纠纷,0.9
NMW202505200010,老板不给我结工资，有纠纷。158****5675 #非警务#纠纷事项#劳资问题#报警电话:158****5675,劳动人事（就业）纠纷,劳动人事（就业）纠纷,0.9
NMW202505200011,租户不交房租，有纠纷。176****7040 #非警务#纠纷事项#租赁问题#报警电话:176****7040,经济纠纷,债务纠纷,0.9
NMW202505200012,老板拖欠我们工资。报警人电话：186****3917 #非警务#纠纷事项#劳资问题#报警电话:186****3917,劳动人事（就业）纠纷,劳动人事（就业）纠纷,0.9
NMW202505200013,我去租电瓶车，签了合同，本来说三个月的，但是我支付宝上看是十二个月。澄浪堰路28弄18号 #非警务#纠纷事项#租赁问题#报警电话:156****6277,经济纠纷,消费纠纷,0.9
NMW202505200117,文化家园二期沿河边运动器材被椅子挡住，居民无法正常活动，让物业清理物业不肯与居民发生口角，请街道综治办协助处理,公共秩序纠纷,物业管理纠纷,0.9
NMW202505200217,#邻里纠纷#精彩艺校房东反应汇头巷平台业主种花导致雨水管堵塞，请街道城建办协助解决,公共秩序纠纷,邻里纠纷,0.9
NMW202505200219,#（一件事）矛盾纠纷;其他纠纷#锦沧文华二期3号510室居民反映万安路23号三米粥铺使用了很多大功率电器，但是店里没有消防设备，存在安全隐患，对此市民很不认可，与店主发生矛盾。,消防隐患纠纷,消防隐患纠纷,0.9
NMW202505200301,#邻里纠纷#文化家园58弄21号1楼房主房屋装修，认为桂花树影响采光了，修剪了楼下的桂花树。58弄31号居民看到强烈反对，双方发生矛盾，请街道综治办协助解决。,物业管理纠纷,邻里纠纷,0.9
NMW202505200302,云海小区居民向网格长反映：老年活动室团队排练戏曲时声音很大，对面居民生活受影响，双方各执一词，产生邻里纠纷。请综治科室协同处理。,物业管理纠纷,邻里纠纷,0.9
NMW202505200306,#婚姻家庭纠纷#网格员从派出所获悉，迎春街89弄13号404住户王剑飞对妻子庄亚芬实施了家暴。5月16日下午，王剑飞儿子来电社区反映其父亲不让其母亲庄亚芬出门，可能对其再次实施家暴，寻求社区帮助。,家庭婚姻纠纷,家庭婚姻纠纷,0.9
NMW202505200407,柳汀新村5幢15号101室施阿姨反映401室住户家里阳台种菜，浇水水会漏到她家阳台，她家楼上2楼3楼有雨棚，她家没装，她家晾被子衣服，有时会被脏水淋到，自己也上门说过，没效果，希望社区调解解决,邻里纠纷,邻里纠纷,0.9
NMW202505200701,尹江二村20幢94号501室房东反映楼上601室卫生间漏水，601室因为是出租户，态度很差，在交涉过程中差点动手。现要求物业及上级相关部门协调处理。,治安隐患纠纷,邻里纠纷,0.9
NMW202505210001,乘客下车不付钱。188****3977 #非警务#纠纷事项#司乘（代驾）问题#报警电话:188****3977,消费纠纷,消费纠纷,0.9
NMW202505210002,"乘客下车不付钱。188****3977
重复报警:报警时间:2025-05-21 07:21:42, 报警电话:188****3977, 联系电话:188****3977, 报警内容:乘客下车不付钱。188****3977
重复报警:报警时间:2025-05-21 07:30:01, 报警电话:188****3977, 联系电话:188****3977, #非警务#纠纷事项#司乘（代驾）问题#报警电话:188****3977",消费纠纷,消费纠纷,0.9
NMW202505210003,有人在我车边上尿尿，153****8515 #非警务#纠纷事项#其他纠纷事项#报警电话:153****8515,邻里纠纷,公共秩序纠纷,0.9
NMW202505210004,150****5143：我找了外卖工作，后面租车可以免一个月租金，现在因为租车费问题有纠纷 #非警务#纠纷事项#租赁问题#报警电话:150****5143,经济纠纷,劳动人事（就业）纠纷,0.9
NMW202505210005,因为我朋友手机没电无法刷门禁，这里的工作人员就不让我们进门，需要处理     180****1943 #非警务#纠纷事项#物业管理问题#报警电话:180****1943,消费纠纷,物业管理纠纷,0.9
NMW202505210006,物业报：有一户业主把装修垃圾乱扔在小区里面，劝说无果有纠纷057****81120 #非警务#纠纷事项#物业管理问题#报警电话:057****81120,邻里纠纷,物业管理纠纷,0.9
NMW202505210007,对方借钱不还引起纠纷，双方在现场，报警人157****3191 #非警务#纠纷事项#经济（债务）问题#报警电话:157****3191,债务纠纷,债务纠纷,0.9
NMW202505210008,对方没有付我们工资引起纠纷，双方在现场，报警人135****6621 #非警务#纠纷事项#劳资问题#报警电话:135****6621,劳动人事（就业）纠纷,劳动人事（就业）纠纷,0.9
NMW202505210009,对方来协商工资的事情，引起纠纷，159****4480 #非警务#纠纷事项#劳资问题#报警电话:159****4480,劳动人事（就业）纠纷,劳动人事（就业）纠纷,0.9
NMW202505210010,对方来协商工资的事情，引起纠纷，159****4480（辅助下单，催促） #非警务#纠纷事项#劳资问题#报警电话:159****4480,劳动人事（就业）纠纷,劳动人事（就业）纠纷,0.9
NMW202505210011,因漏水问题，对方关了我们水闸，有纠纷199****5532 #非警务#纠纷事项#邻里问题#报警电话:199****5532,邻里纠纷,邻里纠纷,0.9
NMW202505210101,#婚姻家庭纠纷#时代金领819因矛盾纠纷涉及子女就学问题，请街道综治协助解决,公共秩序纠纷,家庭婚姻纠纷,0.9
NMW202505210120,#矛调类其他#文化家园16弄新购房业主反应，房屋装修期间，物业工作人员要求其支付装修保证金，对此业主表示不认可，与物业工作人员发生矛盾，希望物业作出合理解释。请街道综治办协助解决。,物业管理纠纷,物业管理纠纷,0.9
NMW202505210309,#邻里纠纷#柳汀新村20幢102室房东反映周边居民喂养流浪猫，导致她家周围流浪猫越来越多，自己苦不堪言，望调解员进行调解,狗患纠纷,狗患纠纷,0.9
NMW202505210403,外卖小哥前往动力运营租车后，退还时，因租金问题发生纠纷，需要相关部门协助处理,消费纠纷,消费纠纷,0.9
NMW202505220201,因为我要进去送外卖，保安随意扣我的车，拔我的车钥匙，131****2302 #非警务#纠纷事项#物业管理问题#报警电话:131****2302,消费纠纷,消费纠纷,0.9
NMW202505220202,我是这里的住户，我把车停在这里，驿站的人把我的车踢坏了，有纠纷，报警人电话：133****5050 #非警务#纠纷事项#邻里问题#报警电话:133****5050,经济纠纷,损害赔偿纠纷,0.9
NMW202505220203,因为门锁的安全隐患问题和房屋租赁公司产生纠纷，双方在一起172****3692 #非警务#纠纷事项#其他纠纷事项#报警电话:172****3692,物业管理纠纷,消费纠纷,0.9
NMW202505220204,152****0087报：吃到的肉是臭的，店家不肯赔偿，双方有纠纷 #非警务#纠纷事项#消费问题#报警电话:152****0087,消费纠纷,消费纠纷,0.9
NMW202505220205,楼上漏水到我家还不肯开门，需要处理130****4699 #非警务#纠纷事项#邻里问题#报警电话:130****4699,邻里纠纷,邻里纠纷,0.9
NMW202505220206,173****3847对方欠我钱，双方在一起有纠纷需要处理 #非警务#纠纷事项#经济（债务）问题#报警电话:173****3847,债务纠纷,债务纠纷,0.9
NMW202505230001,保安报：有个小伙子不肯走，具体情况不清楚189****4866 #非警务#纠纷事项#物业管理问题#报警电话:189****4866,公共秩序纠纷,物业管理纠纷,0.9
NMW202505230002,房租到期，房东不退押金。152****1393 #非警务#纠纷事项#租赁问题#报警电话:152****1393,经济纠纷,债务纠纷,0.9
NMW202505230003,我来做京东骑手送外卖，现在不做了，他们要减少我的订单钱，扣我工钱，产生纠纷，现报警人在南门派出所门口，和对方见面时在复悦城，电话155****7217 #非警务#纠纷事项#劳资问题#报警电话:155****7217,劳动人事（就业）纠纷,劳动人事（就业）纠纷,0.9
NMW202505230201,#邻里纠纷#锦沧文华二期3号509居民反映邻居把车乱停放在楼道门口，对此很不满。,公共秩序纠纷,邻里纠纷,0.9
NMW202505230306,三市路228弄42号203陈师傅来反应，44号207的叶女士与他有多年积怨，这几年每次看见他都乱骂，心里实在气不过，希望她道歉。社区也出面调解，没有用，请街道协助处理。,口角琐事纠纷,邻里纠纷,0.9
NMW202505240001,网约车司机报警，乘客不肯下车，双方产生纠纷，报警人电话192****5202 #非警务#纠纷事项#司乘（代驾）问题#报警电话:192****5202,消费纠纷,消费纠纷,0.9
NMW202505240002,楼上漏水，从20日开始，对方一直没处理，现在家里一塌糊涂159****5885 #非警务#纠纷事项#邻里问题#报警电话:159****5885,邻里纠纷,邻里纠纷,0.9
NMW202505240003,之前四月份给客户办业务时多给了450元导致我们银行的款项对不上，现在客户不愿意听我们解释也不愿意归还450元有纠纷，189****0968 #非警务#纠纷事项#金融问题#报警电话:189****0968,经济纠纷,金融纠纷,0.9
NMW202505240004,去年我给老板干的活，老板一直拖欠工资，电话也不接，现我和老板娘在一块。报警人：159****4113 #非警务#纠纷事项#劳资问题#报警电话:159****4113,劳动人事（就业）纠纷,劳动人事（就业）纠纷,0.9
NMW202505240005,顾客吃饭不买单，我们工作人员提醒他，他还拍我们视频说要发到网上去181****1571 #非警务#纠纷事项#消费问题#报警电话:181****1571,消费纠纷,消费纠纷,0.9
NMW202505240006,保安报警：业主不愿意交停车费，现和业主有纠纷，原因不清199****0526 #非警务#纠纷事项#物业管理问题#报警电话:199****0526,物业管理纠纷,物业管理纠纷,0.9
NMW202505240007,我在这边租3个月的自行车，用了一个月，车子还了，钱还在扣133****8580 #非警务#纠纷事项#租赁问题#报警电话:133****8580,经济纠纷,消费纠纷,0.9
NMW202505240008,我朋友被人稀里糊涂的拉过来这里，办了贷款，消费了4万元166****4440 #非警务#纠纷事项#消费问题#报警电话:166****4440,消费纠纷,消费纠纷,0.9
NMW202505240009,我入职后我有事没去上班，后我想离职，公司让我交300元再走，现双方在一起193****9500 #非警务#纠纷事项#劳资问题#报警电话:193****9500,劳动人事（就业）纠纷,劳动人事（就业）纠纷,0.9
NMW202505240010,我朋友被人稀里糊涂的拉过来这里，办了贷款，消费了4万元166****4440 #非警务#纠纷事项#消费问题#报警电话:166****4440,消费纠纷,消费纠纷,0.9
NMW202505240011,我入职后我有事没去上班，后我想离职，公司让我交300元再走，现双方在一起193****9500 #非警务#纠纷事项#劳资问题#报警电话:193****9500,劳动人事（就业）纠纷,劳动人事（就业）纠纷,0.9
NMW202505240012,小孩子把我店里东西砸破了，家长在店里大闹。186****5924 #非警务#纠纷事项#其他纠纷事项#报警电话:186****5924,经济纠纷,消费纠纷,0.9
NMW202505240101,"当事人：赖桂香3607*****5826，158****5900，户籍江西省瑞金市瑞林镇元田村元田小组5号，现住址柳汀新村16幢32号107室
当事人：代树波4114*****7270，183****3641，户籍河南省民权县程庄镇西胡庄村委西胡庄村001号，现住址海曙区蓝天北巷13号
矛盾纠纷原因：了解系代树波和赖桂香为男女朋友关系，双方因感情问题引起纠纷争吵
矛盾化解具体工作措施：关于这次感情纠纷，经民警调解双方情绪平稳，女方赖桂香和男方代树波分手，并承诺近期搬离，双方之间的经济纠纷问题，自行协商解决或通过司法途径进行解决。
所领导是否知晓：是
我所已告社区民警跟进，已通过《四合一平台》推送给街道社区以及网格员后续关注。稳控民警：陈兢",公共秩序纠纷,情感纠纷,0.9
NMW202505250001,租车退车费问题有纠纷183****7461 #非警务#纠纷事项#租赁问题#报警电话:183****7461,经济纠纷,消费纠纷,0.9
NMW202505250002,因工资问题，双方发生纠纷 178****8866 #非警务#纠纷事项#劳资问题#报警电话:178****8866,劳动人事（就业）纠纷,劳动人事（就业）纠纷,0.9
NMW202505250003,因租房问题，中介与房东发生纠纷 177****2350 #非警务#纠纷事项#租赁问题#报警电话:177****2350,经济纠纷,房地产纠纷,0.9
NMW202505250004,155****7096：我之前应聘骑手，现在不想租他们的电瓶车，因为费用问题有纠纷 #非警务#纠纷事项#物流（快递）问题#报警电话:155****7096,经济纠纷,消费纠纷,0.9
NMW202505260001,报警人称自己其老公不让她和宝宝走，后男方称其老婆在外面有男人了，要带孩子走。150****7757 #非警务#纠纷事项#家庭婚姻感情问题#报警电话:150****7757,家庭婚姻纠纷,家庭婚姻纠纷,0.9
NMW202505260002,这里有个破旧的花篮，我走过的时候被花篮刮破了裤子，工作人员态度恶劣，现需要调解处理。186****5217 #非警务#纠纷事项#其他纠纷事项#报警电话:186****5217,其他纠纷,消费纠纷,0.9
NMW202505260003,这里有个破旧的花篮，我走过的时候被花篮刮破了裤子，因赔偿问题引起纠纷，工作人员态度恶劣，现需要调解处理。186****5217 #非警务#纠纷事项#经济（债务）问题#报警电话:186****5217,债务纠纷,经济纠纷,0.9
NMW202505260004,我是跑外卖的，补贴的工钱没有拿到，现在我在外卖站点，双方有纠纷152****1641 #非警务#纠纷事项#劳资问题#报警电话:152****1641,劳动人事（就业）纠纷,劳动人事（就业）纠纷,0.9
NMW202505260005,顾客去年10月办理的月卡，已经过期了，现在她要退费，引起纠纷。131****7686 #非警务#纠纷事项#消费问题#报警电话:131****7686,消费纠纷,消费纠纷,0.9
NMW202505260006,我因为跑外卖租了电瓶车，现对方多扣我的押金，有纠纷需要处理，报警人电话：182****9200 #非警务#纠纷事项#租赁问题#报警电话:182****9200,消费纠纷,消费纠纷,0.9
NMW202505260007,我是乘客，因为车费问题，我和司机有纠纷，司机不让我下车，联系电话199****7850 #非警务#纠纷事项#司乘（代驾）问题#报警电话:199****7850,消费纠纷,消费纠纷,0.9
NMW202505260008,我们租了房子，交了中介费用，还交其他费用（物业，网费等），现在来找中介，中介老板说不归他们管，引起纠纷。175****6578 #非警务#纠纷事项#租赁问题#报警电话:175****6578,经济纠纷,消费纠纷,0.9
NMW202505260009,我是快递员，现客户称快递未收到，引起纠纷，报警人电话：183****3236.（报警人情绪激动，电话里双方在争吵） #非警务#纠纷事项#物流（快递）问题#报警电话:183****3236,消费纠纷,消费纠纷,0.9
NMW202505260010,我是滴滴车司机，乘客抽烟把我后座座椅烫了一个洞，现在协商不下，需要协调。183****7809 #非警务#纠纷事项#司乘（代驾）问题#报警电话:183****7809,消费纠纷,消费纠纷,0.9
NMW202505260011,133****3961：有人把车子停在门口有纠纷需要处理 #非警务#纠纷事项#其他纠纷事项#报警电话:133****3961,邻里纠纷,街面秩序,0.9
NMW202505260012,因住房费用过高，与店家发生纠纷 177****6413 #非警务#纠纷事项#消费问题#报警电话:177****6413,消费纠纷,消费纠纷,0.9
NMW202505260304,居民发现小区活动室的书法室被弄的乱七八糟，墙壁地面上全是墨水。要求找出破坏者并且恢复原状。请综治科协助调解。,经济纠纷,其他纠纷,0.9
NMW202505260409,金茂府二期8号楼3楼居民反映2楼活动室在跳舞，音响音量太大，影响休息，请介入处理。请综治科协助调解。,邻里纠纷,噪声污染,0.9
NMW202505270001,因为租房问题有纠纷， 二房东（手机号：183****1012）把我们电断了。133****5691 #非警务#纠纷事项#租赁问题#报警电话:133****5691,经济纠纷,房地产纠纷,0.9
NMW202505270002,因食品里面有菜虫，给顾客退款，对方不同意引起纠纷159****4373 #非警务#纠纷事项#消费问题#报警电话:159****4373,消费纠纷,消费纠纷,0.9
NMW202505270003,我在网上报了课，因课程与预期不符现在我要退钱，钱没有拿到有纠纷。报警人需要电话联系。报警人电话：157****8701 #非警务#纠纷事项#消费问题#报警电话:157****8701,消费纠纷,消费纠纷,0.9
NMW202505270004,我是物业，有车恶意跟车逃费。193****3996 #非警务#纠纷事项#物业管理问题#报警电话:193****3996,经济纠纷,物业管理纠纷,0.9
NMW202505270005,无声电话，回拨称我14岁，我爸爸把我养的仓鼠故意摔死了，双方有纠纷130****5067 #非警务#纠纷事项#家庭婚姻感情问题#报警电话:130****5067,经济纠纷,家庭婚姻纠纷,0.9
NMW202505270101,居民反映，12号楼门口的树木已经枯死，但物业不承认树木枯死，不砍树。社区协调未果，请街道协助。,经济纠纷,物业管理纠纷,0.9
NMW202505280001,我付了停车费，保安不让我出去，双方在一起158****6050 #非警务#纠纷事项#物业管理问题#报警电话:158****6050,消费纠纷,消费纠纷,0.9
NMW202505280002,我是外卖员，当时中介说我来可以赚一万元一个月，结果结果到手只有6千，而且每个月还要扣我租车费用，现有纠纷，双方在一起，158****2945 #非警务#纠纷事项#劳资问题#报警电话:158****2945,消费纠纷,劳动人事（就业）纠纷,0.9
NMW202505280003,我们租了一个房子押一付三，因为工作变动，我们不租了，要退房租，对方不肯，起纠纷133****1528 #非警务#纠纷事项#租赁问题#报警电话:133****1528,经济纠纷,消费纠纷,0.9
NMW202505280004,我是外卖员，站点老板不给我工资，有纠纷。172****5372 #非警务#纠纷事项#劳资问题#报警电话:172****5372,劳动人事（就业）纠纷,劳动人事（就业）纠纷,0.9
NMW202505280005,我是外卖员，站点老板不给我工资，有纠纷。172****5372（19:40来电催促） #非警务#纠纷事项#劳资问题#报警电话:172****5372,劳动人事（就业）纠纷,劳动人事（就业）纠纷,0.9
NMW202505280401,"青年小筑4楼402室男女朋友多次发生感情纠纷报警，已告诫注意方式方法, 经双方协商，已结清感情中所使用的经济问题，和平分手。已通过《四合一平台》推送给街道社区以及网格员后续关注。",公共秩序纠纷,情感纠纷,0.9
NMW202505290001,我与宾馆老板有纠纷。151****2412 #非警务#纠纷事项#消费问题#报警电话:151****2412,消费纠纷,消费纠纷,0.9
NMW202505290002,158****0521：我之前找人装修，现在有个小工说包工头欠他工资，问我要钱，有纠纷需要处理 #非警务#纠纷事项#劳资问题#报警电话:158****0521,劳动人事（就业）纠纷,劳动人事（就业）纠纷,0.9
NMW202505290003,货拉拉司机报：因为我催顾客拿货，他就在电话里面骂我135****0929 #非警务#纠纷事项#司乘（代驾）问题#报警电话:135****0929,消费纠纷,消费纠纷,0.9
NMW202505290004,"我打了一辆网约车,现在我想让司机把钱退给我,发生纠纷198****5835 #非警务#纠纷事项#司乘（代驾）问题#报警电话:198****5835",消费纠纷,消费纠纷,0.9
NMW202505290005,我是保安，对方吐在我们岗亭周围，有纠纷，173****3483 #非警务#纠纷事项#物业管理问题#报警电话:173****3483,公共秩序纠纷,物业管理纠纷,0.9
NMW202505300001,因为消费问题双方有纠纷需要处理。152****5110 #非警务#纠纷事项#消费问题#报警电话:152****5110,消费纠纷,消费纠纷,0.9
NMW202505300002,店面承包给装修公司，因为装修公司没有给工人钱，现在装修工人到店铺讨要工资，发生纠纷。报警人电话：158****6517 #非警务#纠纷事项#劳资问题#报警电话:158****6517,劳动人事（就业）纠纷,劳动人事（就业）纠纷,0.9
NMW202505300003,我们打了网约车，因为我们没听懂方言，后与司机有纠纷，157****9776 #非警务#纠纷事项#司乘（代驾）问题#报警电话:157****9776,消费纠纷,消费纠纷,0.9
NMW202505300004,我在这里买饮料，我拍了一下酒的照片，现在与商家产生纠纷，报警人电话：177****9732 #非警务#纠纷事项#消费问题#报警电话:177****9732,消费纠纷,消费纠纷,0.9
NMW202505300005,我们在装修，楼下总是觉得我们扰民，现在双方有纠纷，吵得很凶，联系电话130****7911 #非警务#纠纷事项#邻里问题#报警电话:130****7911,邻里纠纷,邻里纠纷,0.9
NMW202505300006,保安来电，有车主不肯付停车费133****6068 #非警务#纠纷事项#物业管理问题#报警电话:133****6068,消费纠纷,消费纠纷,0.9
NMW202505300007,我要买手机，我老公通过微信联系对方，对方让我们来这里，我们过来之后，发现不对劲，现在我们不想买这个手机了，对方不让我老公走，引起纠纷152****9087 #非警务#纠纷事项#消费问题#报警电话:152****9087,消费纠纷,消费纠纷,0.9
NMW202505300008,135****2259：有个老太太（腿脚不好）经常来我们店里卖东西给客人，我们担心她在店里摔倒让她离开，她不肯，有纠纷 #非警务#纠纷事项#其他纠纷事项#报警电话:135****2259,消费纠纷,消费纠纷,0.9
NMW202505300009,对方辞退我，还不给我开辞退职证明。双方有纠纷156****1701 #非警务#纠纷事项#劳资问题#报警电话:156****1701,劳动人事（就业）纠纷,劳动人事（就业）纠纷,0.9
NMW202505300010,183****8417我定了个房间，因为房间里味道很重，对方说换房间要我价钱，退房间要扣我钱，有纠纷需要处理 #非警务#纠纷事项#消费问题#报警电话:183****8417,消费纠纷,消费纠纷,0.9
NMW202505300011,因退房问题，双方有纠纷  155****0282 #非警务#纠纷事项#消费问题#报警电话:155****0282,经济纠纷,消费纠纷,0.9
NMW202505300012,（辅助下单 来电催促）因退房问题，双方有纠纷  155****0282 #非警务#纠纷事项#消费问题#报警电话:155****0282,经济纠纷,消费纠纷,0.9
NMW202505310001,浙BA13363车辆故意堵着我不让。137****5562 #非警务#纠纷事项#其他纠纷事项#报警电话:137****5562,消费纠纷,街面秩序,0.9
NMW202505310002,我在这里租了电瓶车，现因为退车问题引起纠纷，报警人电话：152****5604 #非警务#纠纷事项#租赁问题#报警电话:152****5604,经济纠纷,消费纠纷,0.9
NMW202505310003,邻居家的小孩特别吵，物业和对方沟通过， #非警务#纠纷事项#邻里问题#报警电话:157****8885,邻里纠纷,邻里纠纷,0.9
NMW202505310004,老板拖欠工资，双方引起纠纷。报警人：187****7356 #非警务#纠纷事项#劳资问题#报警电话:187****7356,劳动人事（就业）纠纷,劳动人事（就业）纠纷,0.9
SQW202505010001,来电称我在这里洗脚，啥也没干，对方就收我118元，怀疑是敲诈。136****3379 #非警务#纠纷事项#消费问题#报警电话:136****3379,消费纠纷,消费纠纷,0.9
SQW202505010002,因为摆摊占位问题引起纠纷。135****6732 #非警务#纠纷事项#其他纠纷事项#报警电话:135****6732,公共秩序纠纷,街面秩序,0.9
SQW202505010003,网约车司机报：小孩吐在车上，发生纠纷。报警人7分钟后到食品街路口，需要处理。报警人：137****0717 #非警务#纠纷事项#消费问题#报警电话:137****0717,消费纠纷,消费纠纷,0.9
SQW202505010004,181****2526报：因为租电瓶车退费有纠纷，需要处理 #非警务#纠纷事项#租赁问题#报警电话:181****2526,经济纠纷,消费纠纷,0.9
SQW202505010005,我的租客没有付房租好几个月，需要帮助153****6962 #非警务#纠纷事项#租赁问题#报警电话:153****6962,经济纠纷,债务纠纷,0.9
SQW202505010006,有个顾客要秤饼干，员工不知道，请他久等了一会儿，他现在坐在这里闹，电话 #非警务#纠纷事项#消费问题#报警电话:199****5221,消费纠纷,消费纠纷,0.9
SQW202505010007,156****8765报：因退西瓜的问题与顾客有纠纷 #非警务#纠纷事项#消费问题#报警电话:156****8765,消费纠纷,消费纠纷,0.9
SQW202505010008,我的租客没有付房租好几个月，需要帮助153****6962（来电催促）（辅助下单） #非警务#纠纷事项#租赁问题#报警电话:153****6962,经济纠纷,债务纠纷,0.9
SQW202505010009,150****1092报：购买西瓜有质量问题不给退换引起纠纷 #非警务#纠纷事项#消费问题#报警电话:150****1092,消费纠纷,消费纠纷,0.9
SQW202505010010,130****3282物业管理人员报：有辆车（白色的广汽丰田，浙B7G02F）故意堵路，车主人在车上不愿意车，需要处理 #非警务#纠纷事项#物业管理问题#报警电话:130****3282,物业管理纠纷,物业管理纠纷,0.9
SQW202505010011,因租房时间超了一两天，房东不肯退押金，现报警人在事发地址，需要帮助，请与其联系178****5949 #非警务#纠纷事项#租赁问题#报警电话:178****5949,债务纠纷,消费纠纷,0.9
SQW202505010012,辅助：对方欠我钱，现在双方在一起，有纠纷，136****0490 #非警务#纠纷事项#经济（债务）问题#报警电话:136****0490,债务纠纷,债务纠纷,0.9
SQW202505010013,#长效关注#190****9035：上个月被邻居家的狗咬伤了，对方老公赔了报警人520元，今天对方看见报警人就称其敲诈勒索，还一直在辱骂报警人，双方情绪激动。 #非警务#纠纷事项#邻里问题#报警电话:190****9035,邻里纠纷,邻里纠纷,0.9
SQW202505010014,我在加油站加油，扫了码，我的卡显示被扣了两笔钱，但工作人员说查到只被扣了一笔钱，起纠纷，报警人：157****0293 #非警务#纠纷事项#消费问题#报警电话:157****0293,消费纠纷,消费纠纷,0.9
SQW202505010501,2025-05-01 13:47:51，有个男的打了我们的工作人员，具体情况不肯说，120不要。民警到达石碶北路移动营业厅，双方因办理移动业务沟通问题引起纠纷，双方发生互相推搡，经带所调解，双方自愿和解并签下和解书。（报警人褚菊芬，3302*****7760，189****0189；对方赵习虎，3424*****6776，169****6268；沈多胜，3424*****6993，152****1096）请街道和村社的工作人员关注该纠纷的后续情况。,治安隐患纠纷,消费纠纷,0.9
SQW202505010502,"2025-05-01 15:19:54，刚开始说老板挑事，后称我来买东西，老板不理我，双方吵起来了，老板对我说“有本事你拿把刀把我杀了”，报警人情绪激动。民警到达横涨菜场旁边生鲜超市，因为买东西称重的先后问题引起口角纠纷，民警将双方带所调解，对方向报警人赔礼道歉，双方和解。（报警人：李永健，3310*****1974，187****0225，对方：舒和生，4312*****1811,187****2188）请街道和村社的工作人员关注该纠纷的后续情况。",经济纠纷,消费纠纷,0.9
SQW202505010503,2025-05-01 11:02:11，我（雍景园47幢605室）朋友（朱霞红，130****4825微信同号，40多岁）因为家庭矛盾，刚刚给我发了信息说认识我很好，也给很多朋友和家人发了信息，现在人联系不上，人也不在家，担心其自杀的倾向。民警到达雍景园48幢101室，报警人称朋友要自杀，电话联系当事人关机，经通过监控跟进，当事人11时58分在轻纺城公交车站乘坐浙B01322F(638路)公交车往龙观方向去。后该人13:45:11出现在龙观五龙潭风景区附近，龙观所已找到当事人，当事人的老公已去接回。（报警人：徐小娥，3326*****6020，181****1029，当事人：朱霞虹，3306*****5341，130****4825，当事人老公：田小平，3302*****0013，153****4396）,治安隐患纠纷,家庭婚姻纠纷,0.9
SQW202505010504,2025-05-01 20:41:19，因为交通事故（交警已处理）现对方拦着我车子不让我出去，很危险，来电需要民警处理。民警到达石碶北渡村83号，报警人称对方不让其离开，经民警调解，对方已将车子开走。（报警人欧阳华梅，3623*****4195，186****3256；对方王亚伟，3302*****5768，159****9015）请街道和村社的工作人员关注该纠纷的后续情况。,公共秩序纠纷,交通事故纠纷,0.9
SQW202505020001,"2025-05-01 21:46:24，路人报警：三个人用手在打架，具体原因不清楚。民警到达石碶洛兹广场大门口，因为唐臣文与老婆发生纠纷，杜联军上去劝架引起纠纷，双方发生推搡，经带所调解，双方自愿和解并签下和解书。（报警人：袁诚泽，4116*****6850，182****8486，当事人：唐臣文3623*****7119,131****3963；杜联军，5002*****3370,188****9246）请街道和村社的工作人员关注该纠纷的后续情况。",治安隐患纠纷,口角琐事纠纷,0.9
SQW202505020002,2025-05-01 23:07:34，3-4个人用手打架，因为工资引起，120不需要。民警到达万金路和万兴路乐乐幼儿园旁边，是因讨工资问题引起，没有打架，经调解，负责人将报警人200元工资结清，已签现场处结单。（报警人：刘欢，5002*****505X，182****1843）请街道和村社的工作人员关注该纠纷的后续情况。,治安隐患纠纷,劳动人事（就业）纠纷,0.9
SQW202505020003,2025-05-02 01:43:51，我找一个朋友对账，对方就扣住我的手机不还我，目前对方去睡觉了，我需要民警协助我拿回手机。民警到达江南绿洲门口，经了解报警人是自愿用手机抵欠对方的工程款，民警已告知双方走司法途径处理。（报警人：李义龙，159****1055，对方：刘玉良，3701*****3171，159****7269）请街道和村社的工作人员关注该纠纷的后续情况。,公共秩序纠纷,债务纠纷,0.9
SQW202505020004,"我老公经常在外过夜不回来，我们因此引起纠纷，我老公动手打我，手上没有工具，人还好。
2025-05-02 09:15:56，在石碶菜场嘉宸公寓1栋1楼120室，民警到现场后，报警人称其老公经常在外过夜不回家引起纠纷，人没事，对方现人不在现场，电话也不接，报警人自行打官司。（报警人杨彩桃：5226*****2023，手机号：150****7922）请街道和村社的工作人员关注该纠纷的后续情况。",治安隐患纠纷,家庭婚姻纠纷,0.9
SQW202505020005,"因为在马路上停车问题，双方产生纠纷
2025-05-02 12:11:17，民警到达石碶镇政府后面，报警人称对方车渝D79K43车停在报警人家门路边乱停车引起口角纠纷，称自己报的是交警。后续车主赔礼道歉，车已开走。（报警人张董，3302*****6331，189****2005；对方车主唐欢，5002*****6658，173****4135）
请街道和村社的工作人员关注该纠纷的后续情况。",经济纠纷,街面秩序,0.9
SQW202505020006,"我老公被人打了，不需要120，没有工具，具体不肯说
2025-05-02 18:51:56，在石碶新舒江岸55号，民警到现场后，未发生打架，是酒喝多了引起纠纷，经调解，双方已和解，（报警人汤月红：3623*****8527，手机号：182****2990；报警人老公王水林：3623*****6012，手机号：134****6337；对方葛金水：3663*****6010，手机号：159****1812）请街道和村社的工作人员关注该纠纷的后续情况。",治安隐患纠纷,治安隐患纠纷,0.9
SQW202505020007,"前天我来找我的男朋友，和对方发生了冲突，男朋友的朋友就打我，还用开水浇在我身上，当时没有报警，现在需要处理
2025年05月02日19时23分许，接报警人刘朝琴（5321*****2922，手机号：199****3493）向110报警称：在石碶北路鄞州银行旁边鑫业宾馆前天我来找我的男朋友，和对方发生了冲突，男朋友的朋友就打我，还用开水浇在我身上，当时没有报警，现在需要处理。（涉案人员未知）A3302*****25055006
2025-05-02 19:25:41，在石碶北路鄞州银行旁边鑫业宾馆，民警到达现场后，报警人前天与对方发生冲突，对方用开水浇了我的背，当时没有报警，现对方人不在，已在联系对方过来处理。（报警人刘朝琴：5321*****2922，手机号：199****3493）请街道和村社的工作人员关注该纠纷的后续情况。",公共秩序纠纷,治安隐患纠纷,0.9
SQW202505020008,"举报这里车库在住人
2025-05-02 20:53:59，民警到达鄞江住宅小区大门，报警人称举报1幢404车棚住人和门口小便。移交街道处置。（报警人吴超，3302*****5445，135****6016 ）
请街道和村社的工作人员关注该纠纷的后续情况。",公共秩序纠纷,公共秩序纠纷,0.9
SQW202505020101,客人不肯付打球钱有纠纷158****7361 #非警务#纠纷事项#消费问题#报警电话:158****7361,消费纠纷,消费纠纷,0.9
SQW202505020102,我是网约车，机场接了个乘客，但乘客出来太慢了，现双方因停车费起纠纷。报警人：156****5103 #非警务#纠纷事项#司乘（代驾）问题#报警电话:156****5103,消费纠纷,消费纠纷,0.9
SQW202505020103,对方欠了我房租不肯给，引起纠纷。报警人电话：150****9525（87457484古林反馈：联系报警人，是在熙禾草莓采摘园，属于石碶） #非警务#纠纷事项#租赁问题#报警电话:150****9525,债务纠纷,债务纠纷,0.9
SQW202505020104,这里有车主故意不挪车，现在产生纠纷，报警人电话：159****8634 #非警务#纠纷事项#其他纠纷事项#报警电话:159****8634,其他纠纷,街面秩序,0.9
SQW202505020105,我在58同城看到兼职的信息，现我交了押金，有纠纷， #非警务#纠纷事项#经济（债务）问题#报警电话:137****5472,债务纠纷,消费纠纷,0.9
SQW202505020106,我们这里有经济纠纷，具体情况不愿意说。131****0002 #非警务#纠纷事项#经济（债务）问题#报警电话:131****0002,债务纠纷,经济纠纷,0.9
SQW202505020107,我们这里有经济纠纷，具体情况不愿意说。131****0002报警人再次来电情绪激动称出警太慢，再不来要投诉，请分局联系报警人。 #非警务#纠纷事项#经济（债务）问题#报警电话:131****0002,债务纠纷,经济纠纷,0.9
SQW202505020108,客人把商品摔坏了，不肯赔偿，双方发生纠纷，报警人电话131****6185 #非警务#纠纷事项#经济（债务）问题#报警电话:131****6185,债务纠纷,消费纠纷,0.9
SQW202505020109,这里有人欠我钱未归还，引起纠纷，报警人电话：137****1537. #非警务#纠纷事项#经济（债务）问题#报警电话:137****1537,债务纠纷,债务纠纷,0.9
SQW202505020110,外卖员要从出口进入，引起纠纷，现在把保安的脚压伤了。195****4039 #非警务#纠纷事项#物业管理问题#报警电话:195****4039,消费纠纷,物业管理纠纷,0.9
SQW202505020111,顾客称付钱了，但我并没有收到，双方在一起有纠纷，需要处理130****2768 #非警务#纠纷事项#消费问题#报警电话:130****2768,消费纠纷,消费纠纷,0.9
SQW202505020112,（辅助下单，来电催促）顾客称付钱了，但我并没有收到，双方在一起有纠纷，需要处理130****2768（已电告海曙分局） #非警务#纠纷事项#消费问题#报警电话:130****2768,消费纠纷,消费纠纷,0.9
SQW202505020113,135****6016报：租客在我家门口小便，跟我吵架引起纠纷 #非警务#纠纷事项#其他纠纷事项#报警电话:135****6016,邻里纠纷,口角琐事纠纷,0.9
SQW202505020114,182****8020报：买了手机壳但是发现是坏的，商家不愿意退钱，有纠纷需要处理 #非警务#纠纷事项#消费问题#报警电话:182****8020,消费纠纷,消费纠纷,0.9
SQW202505020115,#长效关注#对方借我的钱不还，130****6858，回拨位置未报清楚挂断，具体位置请与报警人联系 #非警务#纠纷事项#邻里问题#报警电话:130****6858,债务纠纷,债务纠纷,0.9
SQW202505020116,189****9595报：酒店老板涨价，我想退宿，老板不给退引起纠纷，具体地址请与报警人联系 #非警务#纠纷事项#消费问题#报警电话:189****9595,消费纠纷,消费纠纷,0.9
SQW202505020117,滴滴司机报：乘客在搬东西的时候，把我车尾的保险杠给弄坏了，需要处理    134****8230 #非警务#纠纷事项#司乘（代驾）问题#报警电话:134****8230,经济纠纷,消费纠纷,0.9
SQW202505020118,商家报，技师把对方的脚划破了，引起纠纷，131****1818 #非警务#纠纷事项#消费问题#报警电话:131****1818,消费纠纷,消费纠纷,0.9
SQW202505030001,"技师把顾客的脚划破了131****1818
2025-05-03 00:09:16，万成路心满意足浴店，非警务工作人员已前去处理过，因技师把顾客的脚划破赔偿问题引起，双方已协商好，店家孙桂林赔偿蒋学峰1500元。（报警人孙桂林：3208*****0575，手机号：131****1818；对方蒋学峰：3213*****3696，手机号：138****4752）
请街道和村社的工作人员关注该纠纷的后续情况。",经济纠纷,消费纠纷,0.9
SQW202505030002,"我老公因为琐事用手打我，120要
2025-05-03 00:28:52，在北路一村6幢42号201室，民警到现场后，敲门没人应，多次联系报警人电话未接，后指挥中心来电称报警人不需要处理了。我所撤回。（报警人栾倩倩：3412*****7320，手机号：177****9796）请街道和村社的工作人员关注该纠纷的后续情况。",公共秩序纠纷,家庭婚姻纠纷,0.9
SQW202505030003,"对方打我，120不要，具体情况不肯说，请尽快到场，回拨不肯说
2025-05-03 01:12:54，在雅源南路上，民警到现场后，没有打架情况，是酒喝多了，没事情。（报警人康志彪：3421*****5850，手机号：138****3529）
请街道和村社的工作人员关注该纠纷的后续情况。",治安隐患纠纷,治安隐患纠纷,0.9
SQW202505030004,"报警人未说清地址和事情就挂断电话，电话里有吵架声，回拨：我来这里买东西，但是商家说我的钱是假币，现有纠纷132****1234
2025-05-03 21:22:33，民警到达鄞县大道西段1046号香烟店现场后，是报警人酒喝多了在闹事，没有假币情况，现经民警劝说报警人朋友将其带回家了。（报警人李敬全，2305*****0214，132****1234）（对方陈洪，3302*****6337，181****9990）
请街道和村社的工作人员关注该纠纷的后续情况。",经济纠纷,消费纠纷,0.9
SQW202505030005,"我去要工资，口腔门诊医生用手打我，还威胁我不让我走。救护车不要。
2025-05-03 13:12:01  民警到石碶轻纺城雅戈尔大道137号星巴克口腔医院，双方因劳资纠纷发生口角，后陈霓用手打了谷冰寒头部几拳，并用脚踹了谷冰寒腹部，人无大碍，经民警将双方带所调解，陈霓自愿赔偿谷冰寒医药费等所有费用共计人民币500元，已签调解书。（报警人谷冰寒，3426*****0591，手机号155****6886；对方陈霓，4101*****2510，手机号138****0765）
请街道和村社的工作人员关注该纠纷的后续情况。",经济纠纷,劳动人事（就业）纠纷,0.9
SQW202505030501,我是4s店的工作人员，有人施工时把油漆撒到了店里的新车上，联系不上施工人员。报警人电话：137****7229 #非警务#纠纷事项#金融问题#报警电话:137****7229,经济纠纷,损害赔偿纠纷,0.9
SQW202505030502,我送快递，货物被水打湿了，收件人叫我把钱赔给发件人，但是货物又不给我，我在对方厂门口，对方避而不见。130****7864 #非警务#纠纷事项#物流（快递）问题#报警电话:130****7864,消费纠纷,消费纠纷,0.9
SQW202505030503,网约车司机：乘客吐我车上不给钱 #非警务#纠纷事项#司乘（代驾）问题#报警电话:133****4788,消费纠纷,消费纠纷,0.9
SQW202505030504,#长效关注#我妈妈（90多岁，老年痴呆）与我们吵架执意要回北仑，需要帮助调解。报警人电话：135****4499 #非警务#纠纷事项#家庭婚姻感情问题#报警电话:135****4499,家庭婚姻纠纷,家庭婚姻纠纷,0.9
SQW202505030505,因押金问题，房东把我租的房子锁住，不让我拿东西，有纠纷。155****7802 #非警务#纠纷事项#租赁问题#报警电话:155****7802,经济纠纷,消费纠纷,0.9
SQW202505030506,因押金问题，房东把我租的房子锁住，不让我拿东西，有纠纷。155****7802 #非警务#纠纷事项#租赁问题#报警电话:155****7802,经济纠纷,消费纠纷,0.9
SQW202505030507,我在拍小租店里租了一辆车，现我不要租了，商家不给我关闭这个服务，还在扣费，目前人在大碶瓶湖路峰驿时光里。报警人电话：178****7840 #非警务#纠纷事项#租赁问题#报警电话:178****7840,经济纠纷,消费纠纷,0.9
SQW202505030508,我与工作人员有争吵，因为工作人员说给我机顶盒了要扣钱，但是我没有收到。139****3846 #非警务#纠纷事项#消费问题#报警电话:139****3846,消费纠纷,消费纠纷,0.9
SQW202505030509,报警人称做工地方老板不要他了，现在要讨工资，报警人说不清具体地址，请与其联系130****3537 #非警务#纠纷事项#劳资问题#报警电话:130****3537,劳动人事（就业）纠纷,劳动人事（就业）纠纷,0.9
SQW202505030510,我与商家因为退款问题产生纠纷，报警人电话：155****8567 #非警务#纠纷事项#消费问题#报警电话:155****8567,消费纠纷,消费纠纷,0.9
SQW202505030511,我与商家因为退款问题产生纠纷，报警人电话：155****8567（未到场，催促） #非警务#纠纷事项#消费问题#报警电话:155****8567,消费纠纷,消费纠纷,0.9
SQW202505030512,报警人称做工地方老板不要他了，现在要讨工资，请与其联系130****3537 #非警务#纠纷事项#劳资问题#报警电话:130****3537,劳动人事（就业）纠纷,劳动人事（就业）纠纷,0.9
SQW202505030513,#长效关注#我电瓶车被人扔了，把他的电瓶车停在我的位置上，我在现场，需要处理。153****2722 #非警务#纠纷事项#邻里问题#报警电话:153****2722,邻里纠纷,邻里纠纷,0.9
SQW202505040001,司机不按导航走，故意绕了远路，有纠纷，电话159****6098。 #非警务#纠纷事项#司乘（代驾）问题#报警电话:159****6098,消费纠纷,消费纠纷,0.9
SQW202505040002,因工人的年龄太大，无法工作，后将其解雇，但是工人不愿意，双方引起纠纷，报警电话136****0338 #非警务#纠纷事项#劳资问题#报警电话:136****0338,劳动人事（就业）纠纷,劳动人事（就业）纠纷,0.9
SQW202505040003,辅助下单，因工人的年龄太大，无法工作，后将其解雇，但是工人不愿意，双方引起纠纷，报警电话136****0338 #非警务#纠纷事项#劳资问题#报警电话:193****8576,劳动人事（就业）纠纷,劳动人事（就业）纠纷,0.9
SQW202505040004,称骑手租车押金违约金问题175****1752 #非警务#纠纷事项#租赁问题#报警电话:175****1752,经济纠纷,消费纠纷,0.9
SQW202505040005,我来找送外卖的工作，但是对方说要买他们的电瓶车，于是付了电瓶车的资金900元，但现在我不想干了，对方只肯退一半资金，对此不认可，报警人在现场等。181****5609 #非警务#纠纷事项#劳资问题#报警电话:181****5609,其他纠纷,劳动人事（就业）纠纷,0.9
SQW202505040006,我来找送外卖的工作，但是对方说要买他们的电瓶车，于是付了电瓶车的资金900元，但现在我不想干了，对方只肯退一半资金，对此不认可，报警人在现场等。181****5609 因详细地址报警人不清楚，请与其联系核实。 #非警务#纠纷事项#劳资问题#报警电话:181****5609,消费纠纷,劳动人事（就业）纠纷,0.9
SQW202505040007,租了商铺的人不肯交物业费和水电费发生纠纷195****4039 #非警务#纠纷事项#经济（债务）问题#报警电话:195****4039,经济纠纷,物业管理纠纷,0.9
SQW202505040008,物业：租客没有付清租金就要走，有纠纷180****0073 #非警务#纠纷事项#租赁问题#报警电话:180****0073,经济纠纷,债务纠纷,0.9
SQW202505040009,与房东因为房租退押金的问题有纠纷，136****7498 #非警务#纠纷事项#租赁问题#报警电话:136****7498,经济纠纷,消费纠纷,0.9
SQW202505040010,保安报：有辆外来车辆不肯付停车费，恶意堵路183****3398 #非警务#纠纷事项#物业管理问题#报警电话:183****3398,消费纠纷,消费纠纷,0.9
SQW202505040011,辅助下单，物业：租客没有付清租金就要走，有纠纷180****0073（催促） #非警务#纠纷事项#租赁问题#报警电话:180****0073,经济纠纷,债务纠纷,0.9
SQW202505040012,辅助：与房东因为房租退押金的问题有纠纷，136****7498（催促） #非警务#纠纷事项#租赁问题#报警电话:136****7498,经济纠纷,消费纠纷,0.9
SQW202505040501,称有人因放水的事情打架，有拿工具，具体不清，不需要120。。2025-05-04 08:50:58，到达洛兹小区2幢楼下，系因放水的事情引起纠纷，有过推搡，民警已带所调，经调解双方自愿和解，互不追究对方打人的法律责任，双方签字确认调解协议书。（,治安隐患纠纷,口角琐事纠纷,0.9
SQW202505040502,被狗咬了，旁边住户不承认，120不要，具体位置听不清，口音太重了。2025-05-04 17:48:49，到达姜沈村停车场，报警人称送外卖的时候被狗咬了，民警询问周边群众称周围都系野狗，已联系城管处理。,经济纠纷,狗患纠纷,0.9
SQW202505040503,咨询路口有无高清摄像头，告知自行咨询交警，报警人随后扬言称撞死人了不管，不说具体事情。。2025-05-04 17:18:10，到达雍景苑16幢404，系该路口没有高清摄像头，报警人担心出事找不到人，而且多次打12345与交警皆无后续，故说话有点着急，但没有这样的想法，民警已对其进行批评教育，其表示会好好反映情况，不会做过激的事情。,经济纠纷,其他纠纷,0.9
SQW202505040504,有个陌生男的骚扰我，一直跟着我。，2025-05-04 17:58:41，民警到达雅源南路480号的现场，系报警人（黄芳芳，3412*****5623，158****9258 ）称有人一直跟着她 ，现已将双方带所，经了解对方（姜永付，3412*****175X，182****7339）智力低下精神不太好，对其批评教育并赔礼道歉，现已联系其父亲（姜德和，3421*****6218，182****7339）将其带回家好好看管。,经济纠纷,其他纠纷,0.9
SQW202505050001,我朋友欠钱不还，有纠纷。135****1671 #非警务#纠纷事项#经济（债务）问题#报警电话:135****1671,债务纠纷,债务纠纷,0.9
SQW202505050002,因工资问题与老板有纠纷，双方在一起，需要处理，报警人称在石碶，具体地址请与报警人联系193****3398 #非警务#纠纷事项#劳资问题#报警电话:193****3398,劳动人事（就业）纠纷,劳动人事（就业）纠纷,0.9
SQW202505050003,路人报：因为排队充电的问题，两个司机吵起来了157****3826 #非警务#纠纷事项#其他纠纷事项#报警电话:157****3826,公共秩序纠纷,口角琐事纠纷,0.9
SQW202505050004,我开车进小区2分钟就出来了，保安要收我5块钱，电话152****5695 #非警务#纠纷事项#物业管理问题#报警电话:152****5695,物业管理纠纷,消费纠纷,0.9
SQW202505050005,三四个工人来要工资，与老板有纠纷，电话132****1666 #非警务#纠纷事项#劳资问题#报警电话:132****1666,劳动人事（就业）纠纷,劳动人事（就业）纠纷,0.9
SQW202505050006,我买的热水器，现在不需要了，工作人员不给我退款，电话133****8663 #非警务#纠纷事项#消费问题#报警电话:133****8663,消费纠纷,消费纠纷,0.9
SQW202505050007,因购买的衣服质量问题，店家不肯退还引起纠纷，报警人138****4337 #非警务#纠纷事项#消费问题#报警电话:138****4337,消费纠纷,消费纠纷,0.9
SQW202505050008,#长效关注#老公要和我离婚拿走了我的电话卡，现在我和孩子没钱吃饭了188****0230 #非警务#纠纷事项#家庭婚姻感情问题#报警电话:188****0230,家庭婚姻纠纷,家庭婚姻纠纷,0.9
SQW202505050009,#长效关注#我在走路，对方侵犯我，双方都是业主，具体不肯说，就说对方喝酒了139****0804 #非警务#纠纷事项#邻里问题#报警电话:139****0804,邻里纠纷,邻里纠纷,0.9
SQW202505050010,我找工作租了电瓶车，对方让我付租金，实际上我没有拿车子189****7438 #非警务#纠纷事项#租赁问题#报警电话:189****7438,经济纠纷,消费纠纷,0.9
SQW202505050501,2025-05-05 14:46:17，昨天下午棒冰店老板的狗把我的小孩（10岁、女孩、现在发烧呕吐）腿抓伤了，店老板昨天还承认是他的狗，现在又不承认了，报警人在现场等待。民警到达万顺路万顺小区门口棒冰店，报警人称自己小孩子昨天被狗抓了，但是店老板不承认，民警已将双方带所了解情况。后经民警调解，对方愿意赔偿报警人医药费，双方自愿和解。（报警人刘锰，4210*****3513，150****8222；对方何旭燕，3306*****3525，135****8448）请街道和村社的工作人员关注该纠纷的后续情况。,经济纠纷,损害赔偿纠纷,0.9
SQW202505060001,"2025-05-05 21:00:08，有个陌生男人要把我女朋友拉走，具体情况不详。民警到达后仓村红星小学旁边的钉子路口，因为感情的事情引起纠纷，双方发生口角纠纷，民警已将双方当事人带所了解情况。后经民警调解，双方自愿和解并签调解书。（报警人陈阳，5224*****0454，158****7904；当事人雷连春，5222*****99825，187****5328；当事人杨小东，5222*****6439,151****1911）请街道和村社的工作人员关注该纠纷的后续情况。",公共秩序纠纷,情感纠纷,0.9
SQW202505060002,2025-05-05 22:22:03，因为打麻将引起吵架。民警到达雅园北路286号棋牌室，因报警人男友在对方棋牌室长时间打麻将，报警人与棋牌室老板娘发生口角纠纷，经民警现场调解，双方自愿和解已签现场处结单。（报警人：俞华芬，3302*****4945，177****0874，老板娘：方芳，4211*****6424，134****0506）请街道和村社的工作人员关注该纠纷的后续情况。,公共秩序纠纷,口角琐事纠纷,0.9
SQW202505060003,2025-05-06 01:13:14，我老公刚刚用拳头打我，人还好，现在老公走了，请联系报警人。民警到达锦源里11幢1301，是夫妻之间因为口角的事情引起，对方人不在现场，民警已告知报警人有需要可以明天自行来所反映情况。（报警人贺夏夏，3404*****3820，137****4006；对方关宁宁，4115*****5851，136****3786）请街道和村社的工作人员关注该纠纷的后续情况。,公共秩序纠纷,家庭婚姻纠纷,0.9
SQW202505060004,"我们骑电瓶车因为行车的问题产生纠纷，后对方用手脚打我，120不需要
2025-05-06 12:54:40，在鄞县大道万国新村路口，民警到现场后，因电瓶车行驶问题引起纠纷，人没事，经调解，奥布力阿西木·艾依提向刘飞飞赔礼道歉，双方已和解，已签调解书。（报警人刘飞飞：6103*****4836，手机号：153****1079；对方奥布力阿西木·艾依提：6531*****1135，手机号：130****9042）
请街道和村社的工作人员关注该纠纷的后续情况。
",经济纠纷,交通事故纠纷,0.9
SQW202505060005,"房东报警：这里有物业和其他人（五六个）一直吵着要M6付电费物业费。
2025-05-06 16:25:31，在阳光丽园M6门口，民警到现场后，因电费物业费问题，老板已跑路，自行处理或走司法程序。（报警人张小芬：3302*****6144，手机号：137****2880）
请街道和村社的工作人员关注该纠纷的后续情况。",公共秩序纠纷,物业管理纠纷,0.9
SQW202505060006,"这里有人打架，具体原因说不清楚，没有工具，不需要120。
2025-05-06 17:51:27，民警到达塘西佳苑11幢1401室现场未打架，经了解系其父亲欠钱，对方来其女儿家讨钱，引起吵架。到现场后对方已离开，无人员伤亡，财产损失。（报警人姚燕燕，3302*****5362，188****4785）
请街道和村社的工作人员关注该纠纷的后续情况。",经济纠纷,债务纠纷,0.9
SQW202505060007,"我被人打了，原因不清楚，无工具，120不要
2025-05-06 21:26:47，在朱韩新村49号，父子间因报警人上班问题产生纠纷，经询问在场其他人，未发生打架。现双方和解，此事到此为止。无人员受伤财产损失。已签现场处结单。（报警人李帅帅，3412*****2119，130****5735；其爸爸李洪，3412*****211X，180****3072）
请街道和村社的工作人员关注该纠纷的后续情况。",经济纠纷,家庭婚姻纠纷,0.9
SQW202505060409,#（一件事）矛盾纠纷#在对华新街巡查中，发现33号牛肉面馆门口有人吵架，经了解是酒醉者与商家挑衅闹事，为预防进一步激化矛盾，请相关部门进行处理。,治安隐患纠纷,公共秩序纠纷,0.9
SQW202505060501,租客房租不交，需要民警到场处理，报警人电话：153****6962 #非警务#纠纷事项#租赁问题#报警电话:153****6962,经济纠纷,债务纠纷,0.9
SQW202505060502,无声，回拨称有人借我的钱不肯归还，有纠纷需要处理，报警人电话：135****0967 #非警务#纠纷事项#经济（债务）问题#报警电话:135****0967,债务纠纷,债务纠纷,0.9
SQW202505060503,有人找我投资，称给我做担保，现我的钱没有了，对方不给我钱，引起纠纷，报警人电话130****9979 #非警务#纠纷事项#经济（债务）问题#报警电话:130****9979,金融纠纷,金融纠纷,0.9
SQW202505060504,我兼职做同城配送，现在我想要解除合同，对方要求我赔偿300元，产生纠纷，报警人电话：191****0051 #非警务#纠纷事项#经济（债务）问题#报警电话:191****0051,劳动人事（就业）纠纷,劳动人事（就业）纠纷,0.9
SQW202505060505,对方不小心用刀片把我的车刮花了，现引起纠纷，联系电话183****5586 #非警务#纠纷事项#其他纠纷事项#报警电话:183****5586,经济纠纷,损害赔偿纠纷,0.9
SQW202505060506,报警人来电称因为运费问题与货车司机有纠纷，现对方拦住我的车子，有纠纷需要处理，报警人电话：137****5553 #非警务#纠纷事项#物流（快递）问题#报警电话:137****5553,消费纠纷,经济纠纷,0.9
SQW202505060507,我是开滴滴的，现在和对方有合同纠纷139****4791 #非警务#纠纷事项#消费问题#报警电话:139****4791,消费纠纷,消费纠纷,0.9
SQW202505060508,152****1639报：因为对方车子行驶较慢，我按了一下喇叭，他与我产生口角争执 #非警务#纠纷事项#其他纠纷事项#报警电话:152****1639,口角琐事纠纷,口角琐事纠纷,0.9
SQW202505070001,"网约车司机来电，乘客喝醉了，坐在车上不肯下车还骂我
2025-05-07 00:48:29，民警到乐园家宴现场是乘客酒喝多了，睡在车里，不肯下车。现乘客朋友已将其带走照顾。（报警人崔喜波，3302*****0616，188****2937；乘客朋友马金鑫，3412*****2119，137****1505）
请街道和村社的工作人员关注该纠纷的后续情况。",公共秩序纠纷,消费纠纷,0.9
SQW202505070002,"不认识的人拦着我的车不让走，具体情况不肯告知，就说有纠纷
2025-05-06 19:13:42，民警到达石碶小拇指快修店门口，经了解，马男男是二手车中介，薛金彪因买车中介费引起纠纷，经调解，马男男自愿退还薛金彪买车中介费1600元，已签调解书。（报警人马男男，3403*****537x，188****7839；对方 薛金彪，2306*****2771，185****4666）
请街道和村社的工作人员关注该纠纷的后续情况。",公共秩序纠纷,消费纠纷,0.9
SQW202505070003,"吵架声，后称对方喝多了骂我，还要对我动手。   
2025-05-07 10:25:26  民警到雅源南路104号，报警人徐洋洋与对方黎杰一起喝酒的时候发生口角，无肢体冲突，现经民警调解，双方喝酒个人AA制，已签现场处结备案单。（报警人徐洋洋，3412*****8472，手机号137****4443；对方黎杰，5222*****0050，手机号178****5709）
请街道和村社的工作人员关注该纠纷的后续情况。",治安隐患纠纷,口角琐事纠纷,0.9
SQW202505070004,"因为赌钱的事情在吵架，需要调解。   2025-05-07 13:20:17，民警到石碶街道雅源路雅戈尔服装厂房后面现场，双方因打牌输钱的事引起口角纠纷，现经民警调解双方已和解，并签下处结单。（报警人周其君，3412*****1538，134****1870）（对方李杨杨，3426*****3670，198****6889）
请街道和村社的工作人员关注该纠纷的后续情况。",公共秩序纠纷,口角琐事纠纷,0.9
SQW202505070501,我的轿车卖到二手车市场，现在对方不让我们开走，因为价格问题，产生纠纷。193****5876 #非警务#纠纷事项#消费问题#报警电话:193****5876,经济纠纷,消费纠纷,0.9
SQW202505070502,#长效关注#我们小区不同意在这里建智能垃圾桶，但是物业不听，现因为智能垃圾桶问题有纠纷。188****8769 #非警务#纠纷事项#物业管理问题#报警电话:188****8769,物业管理纠纷,物业管理纠纷,0.9
SQW202505070503,#长效关注#我们小区业主不同意在这里建智能垃圾桶，但是物业不听，现因为智能垃圾桶问题有纠纷。188****8769 #非警务#纠纷事项#物业管理问题#报警电话:188****8769,物业管理纠纷,物业管理纠纷,0.9
SQW202505070504,租房退押金有纠纷188****4991 #非警务#纠纷事项#租赁问题#报警电话:188****4991,经济纠纷,消费纠纷,0.9
SQW202505070505,之前余姚的一个朋友带我老婆来这里做医美，一共花了38000元，现没有任何作用，并且对方的产品也提供不了相关的证件，现我们人在现场，有纠纷，138****6744 #非警务#纠纷事项#消费问题#报警电话:138****6744,消费纠纷,消费纠纷,0.9
SQW202505070506,我在打牌，老板娘把我桌上的钱直接拿走了198****6889 #非警务#纠纷事项#消费问题#报警电话:198****6889,消费纠纷,消费纠纷,0.9
SQW202505070507,我找中介租房子，现对方不退押金，报警电话：173****2557 #非警务#纠纷事项#租赁问题#报警电话:173****2557,经济纠纷,消费纠纷,0.9
SQW202505070508,有个老太太（七、八十岁）来店里闹，称身份证丢了，一直在店里大吵，影响我们店铺运营。057****95225 #非警务#纠纷事项#其他纠纷事项#报警电话:057****95225,消费纠纷,公共秩序纠纷,0.9
SQW202505070509,#长效关注#之前因为停车位的问题有过纠纷，对面楼的女的总是向我老婆吐口水扔东西，之前也报过警，但是现在依旧这样。报警人电话：159****7711 #非警务#纠纷事项#邻里问题#报警电话:159****7711,邻里纠纷,邻里纠纷,0.9
SQW202505070510,买车引起纠纷，双方都在一起。175****4997 #非警务#纠纷事项#消费问题#报警电话:175****4997,经济纠纷,消费纠纷,0.9
SQW202505070511,我与工作人员因为打称问题现在产生纠纷，报警人电话：159****3427。 #非警务#纠纷事项#消费问题#报警电话:159****3427,消费纠纷,消费纠纷,0.9
SQW202505070512,我是司机，乘客不付钱175****0435（请分局通知四平台） #非警务#纠纷事项#司乘（代驾）问题#报警电话:175****0435,消费纠纷,消费纠纷,0.9
SQW202505080001,"机场路靠南城名苑  
 2025-05-07 23:42:31 民警到机场路靠南城名苑，双方因事故车拖车之事发生口角，后双方发生肢体冲突，人无大碍，经民警将双方带所调解，双方自愿和解，杨世海自愿向张玲波赔礼道歉，已签调解书。（报警人张玲波，3302*****751x，手机号137****2332；对方杨世海，3302*****6479，手机号136****4167）
请街道和村社的工作人员关注该纠纷的后续情况。
",经济纠纷,交通事故纠纷,0.9
SQW202505080002,"我无故被同事动手打了，无需120   
 2025-05-08 03:47:26  民警到糖果公寓旁边堆场，是报警人张恒与同宿舍同事汤少龙因为晚上睡觉休息问题发生矛盾，汤少龙骂了张恒，并用手掐了张恒的脖子，伤势不明显，后经民警沟通，汤少龙当着民警的面当面向张恒赔礼道歉，并保证以后与张恒和平相处，不发生类似的事情，张恒接受汤少龙的道歉，同意不再追究汤少龙，已签现场处结备案单。（报警人张恒，3412*****2336，手机号137****8448）
请街道和村社的工作人员关注该纠纷的后续情况。",经济纠纷,劳动人事（就业）纠纷,0.9
SQW202505080003,我在这里干活，一直没有拿到钱，拿不到钱我就要把这里拆掉。2025-05-08 10:24:55，民警到达栎社菜场里办公室的现场，系双方（孟现涛，3412*****7774，135****2190）（朱志国，3302*****7713，138****9980）因劳资问题引起口角纠纷，现双方称会自行协商处理。请街道和村社的工作人员关注该纠纷的后续情况。,公共秩序纠纷,劳动人事（就业）纠纷,0.9
SQW202505080004,对方打我一巴掌，一直在争吵，具体不知，双方对话中好像说对方称我偷东西。2025-05-08 09:19:16，民警到达鲍家老年协会对面的现场，系报警人（应贵英，3623*****4607，183****9712）称被对方（张建平，3302*****6334，181****6790）打了一巴掌，对方已离开现场，现已找到对方，带所调解，经调解对方赔偿2600元并签字确认调解协议书，双方无涉。请街道和村社的工作人员关注该纠纷的后续情况。,经济纠纷,损害赔偿纠纷,0.9
SQW202505080113,#一格两群#接石碶老菜场周边居民反映，石碶老菜场后面弄堂有只狗没日没夜的叫唤，导致周边的居民，老人以及孩子都无法正常休息，经网格员逐一排查，找到养狗主人，多次上门沟通无效，请相关部门协助处理！,狗患纠纷,狗患纠纷,0.9
SQW202505080501,195号的主人在门口故意挖了一个洞，影响车子行驶，现在在一起，150****7118 #非警务#纠纷事项#土地问题#报警电话:150****7118,邻里纠纷,邻里纠纷,0.9
SQW202505080502,我的车子停在汽车城的道路上了，工作人员说这是他们的场地，现在把车子堵住了不让我走还骂我，有纠纷，155****3197 #非警务#纠纷事项#物业管理问题#报警电话:155****3197,经济纠纷,街面秩序,0.9
SQW202505080503,159****9100来电称：我在同城配送服务中心工作，因为承诺的收入没达到，现在与公司有纠纷。 #非警务#纠纷事项#劳资问题#报警电话:159****9100,劳动人事（就业）纠纷,劳动人事（就业）纠纷,0.9
SQW202505080504,外卖骑手报警，我送外卖到这里，我声音重了一点顾客不满意想要打我，被人拦下来了，现双方在场。157****1835 #非警务#纠纷事项#物流（快递）问题#报警电话:157****1835,消费纠纷,口角琐事纠纷,0.9
SQW202505080505,辅助：外卖骑手报警，我送外卖到这里，我电话里声音重了一点顾客就不满意要打我，被人拦下来了，现双方在场。157****1835（10:02来电催促） #非警务#纠纷事项#物流（快递）问题#报警电话:157****1835,消费纠纷,消费纠纷,0.9
SQW202505080506,我是开网约车的，今天来还车点还车，对方称要跟公司（公司在江北）说过才能把车开走，但江北那家让我来这里还车，他们检查方法和租车时不一样，我要开走车，他们不让我开走车引起纠纷。157****8878 #非警务#纠纷事项#租赁问题#报警电话:157****8878,消费纠纷,消费纠纷,0.9
SQW202505080507,我在这里买车，因为我觉得店里人给的贷款不合理，我不想买车了，但是对方不退我定金，184****9875 #非警务#纠纷事项#消费问题#报警电话:184****9875,消费纠纷,消费纠纷,0.9
SQW202505080508,乘客报警：我打了网约车，司机不把我送到目的地。后网约车司机接电话称其车没电了，给乘客打另一辆车，乘客不愿意。136****9629 #非警务#纠纷事项#司乘（代驾）问题#报警电话:136****9629,消费纠纷,消费纠纷,0.9
SQW202505080509,我来买车，买之前对方称没有中介费等其他费用，合同签完后说我要付中介费和过户费，有纠纷，139****3865 #非警务#纠纷事项#消费问题#报警电话:110,经济纠纷,消费纠纷,0.9
SQW202505080510,我来买车，买之前对方称没有中介费等其他费用，合同签完后说我要付中介费和过户费，有纠纷，139****3865 #非警务#纠纷事项#消费问题#报警电话:110,经济纠纷,消费纠纷,0.9
SQW202505080511,#长效关注#报警人称邻居与其因为芋艿种植的问题有纠纷，现在在1-1门口等，电话138****5607 #非警务#纠纷事项#邻里问题#报警电话:138****5607,邻里纠纷,邻里纠纷,0.9
SQW202505080512,因对方跟停车场有经济纠纷，我们停在停车场的车辆现对方不让我们开走，一直堵着我们，有纠纷，188****2612 #非警务#纠纷事项#经济（债务）问题#报警电话:188****2612,经济纠纷,经济纠纷,0.9
SQW202505080513,加油站的工作人员给我的车加错了油，现在赔偿协商不下。现双方人在万成路158号。158****9783 #非警务#纠纷事项#经济（债务）问题#报警电话:158****9783,经济纠纷,消费纠纷,0.9
SQW202505080514,#长效关注#隔壁店面养了猫引起吵架。 #非警务#纠纷事项#邻里问题#报警电话:155****6478,邻里纠纷,邻里纠纷,0.9
SQW202505080515,"我是物业，对方电车（浙BDF7897,白色吉利)和轿车（赣E1220D白色雪弗兰）停了一个月没付钱，开走了158****6462 #非警务#纠纷事项#物业管理问题#报警电话:158****6462",经济纠纷,债务纠纷,0.9
SQW202505080516,#长效关注#小孩四五岁与家长有纠纷。189****5038 #非警务#纠纷事项#家庭婚姻感情问题#报警电话:189****5038,家庭婚姻纠纷,家庭婚姻纠纷,0.9
SQW202505080517,我是外卖员，我来取餐，我在送餐过程中商家说送错了，现在让我赔钱，需要帮助。137****8650 #非警务#纠纷事项#消费问题#报警电话:137****8650,消费纠纷,消费纠纷,0.9
SQW202505090001,有辆车（车牌不知道）在我们门口停着，车主在现场，现产生纠纷。132****8532 #非警务#纠纷事项#其他纠纷事项#报警电话:132****8532,邻里纠纷,街面秩序,0.9
SQW202505090002,有辆车（车牌不知道）在我们门口停着，车主在现场，还骂我，现产生纠纷。132****8532 #非警务#纠纷事项#其他纠纷事项#报警电话:132****8532,邻里纠纷,口角琐事纠纷,0.9
SQW202505090003,#长效关注#我在家被妈妈打报过警，现我爸爸要求我搬出去，有纠纷，具体位置说不清。报警人电话：156****2061 #非警务#纠纷事项#家庭婚姻感情问题#报警电话:156****2061,家庭婚姻纠纷,家庭婚姻纠纷,0.9
SQW202505090004,我们打了滴滴车（浙BAL521)，嫌我按他玻璃，因为玻璃车窗，引起纠纷。190****3888 #非警务#纠纷事项#司乘（代驾）问题#报警电话:190****3888,消费纠纷,消费纠纷,0.9
SQW202505090005,131****3332老板的女儿找我借了钱不还我，有纠纷需要处理 #非警务#纠纷事项#经济（债务）问题#报警电话:131****3332,债务纠纷,债务纠纷,0.9
SQW202505090006,网约车司机：我在这租了车，现在车已经退了，对方不给我合同引起纠纷，电话150****8111 #非警务#纠纷事项#租赁问题#报警电话:150****8111,经济纠纷,消费纠纷,0.9
SQW202505090007,152****0994：我在外有欠款，现在有人上门催款，我没有让他进来，有纠纷 #非警务#纠纷事项#经济（债务）问题#报警电话:152****0994,债务纠纷,债务纠纷,0.9
SQW202505090008,租车押金不退有纠纷184****4096 #非警务#纠纷事项#消费问题#报警电话:184****4096,经济纠纷,消费纠纷,0.9
SQW202505090009,176****2918：我要退费，工作人员不肯退，有纠纷 #非警务#纠纷事项#消费问题#报警电话:176****2918,消费纠纷,消费纠纷,0.9
SQW202505090010,137****2700报：有人闹事，一直骂人，原因不清楚，具体地址请与报警人联系 #非警务#纠纷事项#其他纠纷事项#报警电话:137****2700,公共秩序纠纷,口角琐事纠纷,0.9
SQW202505090011,133****3105物流公司工作人员报：我们送货过来，是到付的，现在顾客觉得运费太贵，又不肯让我们跟发货方协商不让我们把货拉走，有纠纷 #非警务#纠纷事项#物流（快递）问题#报警电话:133****3105,消费纠纷,消费纠纷,0.9
SQW202505090012,因为工资问题有纠纷150****7312 #非警务#纠纷事项#劳资问题#报警电话:150****7312,劳动人事（就业）纠纷,劳动人事（就业）纠纷,0.9
SQW202505090013,辅助：因为工资问题有纠纷150****7312 #非警务#纠纷事项#劳资问题#报警电话:150****7312,劳动人事（就业）纠纷,劳动人事（就业）纠纷,0.9
SQW202505090901,"2025-05-09 15:23:28，因为户口本的事情，老公动手打我，不要120。民警到达轻纺城3区624，夫妻双方因为拿户口本贷款问题发生纠纷，没有动手，经民警带所调解，双方情绪稳定，双方离婚之事自行到法院处理。（报警人：叶凤飞，3302*****6346,130****5471，男方:周国新，3302*****667X，131****0068）请街道和村社的工作人员关注该纠纷的后续情况。",治安隐患纠纷,家庭婚姻纠纷,0.9
SQW202505090902,2025-05-09 18:34:15，我养的狗被人抓去了，现在我找到人和狗，现在对方说是他的狗，现有纠纷。民警到达双江岸华建食品，是因为双方都说狗是他们的事情引起口角纠纷，民警已告知双方走司法途径。（报警人孙正高，3424*****5297，180****8181；对方农启胜，4501*****301X，135****5451）请街道和村社的工作人员关注该纠纷的后续情况。,公共秩序纠纷,狗患纠纷,0.9
SQW202505090903,2025-05-09 17:26:55，对方电瓶车挡着人，我按了喇叭，对方就下车用脚踹我汽车。民警到达栎社街柳庄食品商场，双方因行车问题产生纠纷，争吵后报警人车子被踢了一脚。经查看，车辆无损伤，现场无财产损失，人员伤亡。经现场调解，双方和解，不再发生纠纷。已签现场处结单。（报警人解次平，4203*****0615，138****2805；对方顾迪，3207*****8137，159****3008）请街道和村社的工作人员关注该纠纷的后续情况。,经济纠纷,交通事故纠纷,0.9
SQW202505090904,2025-05-09 18:39:49，认识的人要打我，报警人称没有原因。民警到达鄞县大道西段455号极狐中心，因工作问题与主管产生纠纷，后主管推了其一下，其表示不需要去医院。后主管向其书面道歉，报警人接受。此事到此为止，无人员伤亡，财产损失。已签现场处结单。（报警人林炜杰，3310*****1259，158****3100；对方蔡延丽，3325*****3618，152****3102）请街道和村社的工作人员关注该纠纷的后续情况。,经济纠纷,劳动人事（就业）纠纷,0.9
SQW202505090905,2025-05-09 19:02:32，在50分钟前，我家孩子（男孩）在小区里面玩的时候，被一个大一点的孩子用手打了，手上背上都是伤痕，120不要，当时对方家长一直引导这个大一点的孩子说他是因为被威胁才打我们家孩子的，但是周边围观的人和一起玩耍的孩子说，不是这样的。民警到达东方苑小区里面的中心凉亭，报警人称小孩子被对方小孩子打了，经民警带所调解，对方小孩向报警人小孩盗窃，双方和解并签下和解协议。（报警人：杨雨梦，3303*****7824，153****9068，当事人：邱梓宁，3302*****6358；陈芋霖，3302*****3010，对方妈妈：周文娟，4108*****4047，139****8436）请街道和村社的工作人员关注该纠纷的后续情况。,经济纠纷,治安隐患纠纷,0.9
SQW202505090906,2025-05-09 20:55:23，争吵声无回应挂断，回拨：家暴，被父母打了，具体不肯说，一直在争执，报警人情绪激动，请核实。民警到达景园里20幢16单元503，是小孩子报警，称和父母因为做作业的事情引起口角纠纷，现场经调解，父母称会注意管教孩子的方式。（报警人徐浩，3414*****7479，183****1793；家长徐华雷，3402*****4614，139****5864）请街道和村社的工作人员关注该纠纷的后续情况。,经济纠纷,口角琐事纠纷,0.9
SQW202505100201,出租车司机报警：称价格问题双方有纠纷，来电需要处理。137****8738 #非警务#纠纷事项#司乘（代驾）问题#报警电话:137****8738,消费纠纷,消费纠纷,0.9
SQW202505100202,我的行李在我朋友车上，但朋友把车抵押给租车行了，现租车行的人不给我行李，产生纠纷。178****5207 #非警务#纠纷事项#租赁问题#报警电话:178****5207,经济纠纷,其他纠纷,0.9
SQW202505100203,#长效关注#来电装修声音扰民，多次上来劝说不听，双方发生吵架，称对方用东西指着我，没有动手。153****8136 #非警务#纠纷事项#邻里问题#报警电话:153****8136,邻里纠纷,口角琐事纠纷,0.9
SQW202505100204,136****4641：我来收对方的货，只是离开一会儿，对方又卖给了别人，双方引起纠纷。 #非警务#纠纷事项#其他纠纷事项#报警电话:136****4641,经济纠纷,消费纠纷,0.9
SQW202505100205,我来收对方的货，只是离开一会儿，对方又卖给了别人，双方引起纠纷。报警人电话136****4641（街道工作人员跟我说是古林辖区，已电话联系海曙分局跟进） #非警务#纠纷事项#消费问题#报警电话:136****4641,经济纠纷,消费纠纷,0.9
SQW202505100206,昨天吃饭时酒喝多了，东西忘在店里了，现老板不承认，有纠纷，电话159****2220。 #非警务#纠纷事项#消费问题#报警电话:159****2220,消费纠纷,消费纠纷,0.9
SQW202505100207,我的行李在我朋友车上，但朋友把车抵押给租车行了，现租车行的人不给我行李，产生纠纷。178****5207 #非警务#纠纷事项#其他纠纷事项#报警电话:178****5207,经济纠纷,其他纠纷,0.9
SQW202505100208,停车纠纷，对方不肯给我移车，态度很差，双方有纠纷。报警人电话135****3223 #非警务#纠纷事项#其他纠纷事项#报警电话:135****3223,经济纠纷,街面秩序,0.9
SQW202505100209,教练与学员因为学车问题，现在产生纠纷，报警人电话：181****0079 #非警务#纠纷事项#其他纠纷事项#报警电话:181****0079,其他纠纷,消费纠纷,0.9
SQW202505100210,有人拖欠我工资，产生纠纷，报警人电话：137****1005 #非警务#纠纷事项#劳资问题#报警电话:137****1005,劳动人事（就业）纠纷,劳动人事（就业）纠纷,0.9
SQW202505100211,我在这里买东西，东西烂掉了，现在与商家有纠纷139****6080（请分局通知四平台） #非警务#纠纷事项#消费问题#报警电话:139****6080,消费纠纷,消费纠纷,0.9
SQW202505100212,来电称我是外卖员，我进小区保安就骂人，双方在一起。159****0345 #非警务#纠纷事项#其他纠纷事项#报警电话:159****0345,消费纠纷,口角琐事纠纷,0.9
SQW202505100213,我东西（新的内衣）遗忘在店里了，现对方还给我一件洗过的内衣，需要对方赔偿，有纠纷，报警人电话：159****2220 #非警务#纠纷事项#经济（债务）问题#报警电话:159****2220,消费纠纷,消费纠纷,0.9
SQW202505100214,我在医院住院后导致我视力不好了，有纠纷，电话159****3967。 #非警务#纠纷事项#医患问题#报警电话:159****3967,医疗纠纷,医疗纠纷,0.9
SQW202505100215,快递员报：对方东西没有给我，还投诉我，现在还叫我给钱，有纠纷180****3763（辅助下单，原始警单3302*****00490） #非警务#纠纷事项#物流（快递）问题#报警电话:180****3763,消费纠纷,消费纠纷,0.9
SQW202505100501,"顾客因为办理业务问题打我，120不需要，没有工具
2025-05-10 16:41:04，在洛兹广场华润万家门口手机店，民警到现场后，因办理业务引起口角纠纷，经调解，熊叠彬向王磊赔礼道歉，熊叠彬自愿赔偿王磊医药费等所有费用1000元，已签调解书。（报警人王磊：3412*****551x，手机号：158****3390；对方熊叠彬：3601*****0011，手机号：158****2443）请街道和村社的工作人员关注该纠纷的后续情况。",经济纠纷,消费纠纷,0.9
SQW202505100502,"秒挂，回拨称是保安与外卖员打架，用手打的，没有工具，人没事120不要，因何原因打架不清楚，我是物业（手机号173****4985）
2025-05-10 17:42:38，民警到达雅戈尔江上花园北门后，经了解是南门，报警人已离开无需我所处理。（报警人姚小迎，3203*****829X，手机号：173****0253）
请街道和村社的工作人员关注该纠纷的后续情况。",治安隐患纠纷,公共秩序纠纷,0.9
SQW202505100503,"网约车报：乘客喝了酒，现在不愿意付高速费，需要处理
2025-05-10 19:06:44，在石泉路26号门口，民警到现场后，因打车费用问题引起纠纷，经调解，现乘客将费用结清。（报警人黄忠魁：3412*****3555，手机号：131****6663；对方王达康：4113*****7611，手机号：156****1321）请街道和村社的工作人员关注该纠纷的后续情况。",公共秩序纠纷,消费纠纷,0.9
SQW202505100504,"我被人用手打了，不认识对方，具体不清
2025-05-10 00:53:51，民警到达石碶豪苑雅居酒店门口，是吕亚利与杜辉是男女朋友庴，杜辉看到吕亚利与应科磊在一起到酒店门口就情绪激动的打了应科磊，应科磊也还手了，后吕亚利与杜辉互相动手，造成吕亚利左侧鼻骨局部凹陷错位，鼻中隔前部向左侧弯曲。应科磊左眼破皮，牙齿痛。杜辉左侧第3肋骨腋侧骨质欠光整，左侧第五前肋骨质欠自然。经调解，杜辉与吕亚利双方和解。杜辉自愿赔偿应科磊医药费等所有费用3800元，双方已签调解书。（报警人：应科磊，3302*****8234，133****1183，当事人：杜辉，3302*****6337,158****1189,当事人：吕亚利，6205*****6841,139****5955）请街道和村社的工作人员关注该纠纷的后续情况。",经济纠纷,损害赔偿纠纷,0.9
SQW202505100505,"我是行人，我正常绿灯直行，一辆右转轿车不礼让我还骂我，双方口角，对方动手打我，没有工具，不要120
2025-05-10 16:30:00，在香梅家园警务亭民警到现场后，因过红绿灯与车主引起纠纷，人没事，对方已离开现场，已陪其查看监控。（后续：经查看监控，经多次联系对方电话一直未接，报警人称算了，不需要处理。）（报警人方以轩：3310*****6210，手机号：180****6303；对方陈彪：3625*****1213，手机号：158****1194）
请街道和村社的工作人员关注该纠纷的后续情况。",治安隐患纠纷,公共秩序纠纷,0.9
SQW202505110001,"我男朋友喝了酒用手打我，还不让我走，120不要（再次来电，男朋友让我走了，暂不需要处理，请派出所核实）
2025-05-11 01:49:48，在乐租暖柠公寓栎社店318，电话联系报警人称不需要我所处理，男朋友让其离开了。（报警人身份信息未知）请街道和村社的工作人员关注该纠纷的后续情况。",公共秩序纠纷,家庭婚姻纠纷,0.9
SQW202505110002,"打台球对方输球不给钱，还打我，没有工具，不需要120
2025-05-11 03:50:54，在雅戈尔大道243号台球，民警到现场后，因打台球引起纠纷，未发生打架，经调解，双方和解。（报警人黄元结：4331*****1716，手机号：159****6235；对方尹军：5002*****6317，手机号：173****1545，老板娘俞丽娟：3310*****6940，手机号：138****0562）请街道和村社的工作人员关注该纠纷的后续情况。",治安隐患纠纷,消费纠纷,0.9
SQW202505110003,因为我说了老公有外遇，老公打我，不要120。2025-05-11 19:26:08  民警到塘西佳苑12幢107室，是因报警人怀疑其老公出轨引起家庭纠纷，双方都有动手，现经民警调解双方已和解，报警人要对方写下保证书，民警已开具家暴告诫书。（报警人彭花连，3623*****6347，手机号136****9499；报警人老公曹喜选，3623*****6333，手机号139****8896）请街道和村社的工作人员关注该纠纷的后续情况。,治安隐患纠纷,家庭婚姻纠纷,0.9
SQW202505110101,182****9428报：我来维修车子，商家让我换很多东西，我不愿意，商家让我出检查费引起纠纷 #非警务#纠纷事项#消费问题#报警电话:182****9428,经济纠纷,消费纠纷,0.9
SQW202505110102,我是租客跟房东因房租问题需要调解157****1815 #非警务#纠纷事项#租赁问题#报警电话:157****1815,经济纠纷,房地产纠纷,0.9
SQW202505110103,（辅助下单）我是租客跟房东因房租问题需要调解157****1815 #非警务#纠纷事项#租赁问题#报警电话:157****1815,经济纠纷,房地产纠纷,0.7
SQW202505110104,因为工资问题有纠纷。电话：151****5572 #非警务#纠纷事项#劳资问题#报警电话:151****5572,劳动人事（就业）纠纷,劳动人事（就业）纠纷,0.9
SQW202505110105,对方不给运费，有纠纷。135****1825 #非警务#纠纷事项#物流（快递）问题#报警电话:135****1825,消费纠纷,债务纠纷,0.9
SQW202505110106,#长效关注#我跟老公吵架，他一直抢我手机，还不让我走。132****1515 #非警务#纠纷事项#家庭婚姻感情问题#报警电话:132****1515,家庭婚姻纠纷,家庭婚姻纠纷,0.9
SQW202505110107,因汽车修理费用问题发生纠纷。189****9179 #非警务#纠纷事项#消费问题#报警电话:189****9179,经济纠纷,消费纠纷,0.9
SQW202505110108,有个老人因为办业务问题，一直骂我。180****6880 #非警务#纠纷事项#消费问题#报警电话:180****6880,口角琐事纠纷,消费纠纷,0.9
SQW202505110109,我在这里租车，说好的今天去还，给我解除扣费，但是对方不给我解除费用，强制要我用满两个月，目前双方不在一起，协商不下。157****3693 #非警务#纠纷事项#经济（债务）问题#报警电话:157****3693,经济纠纷,消费纠纷,0.9
SQW202505110110,我买衣服，想退货老板不肯退，有纠纷。158****7369 #非警务#纠纷事项#消费问题#报警电话:158****7369,消费纠纷,消费纠纷,0.9
SQW202505110111,租车有纠纷。192****0127 #非警务#纠纷事项#租赁问题#报警电话:192****0127,经济纠纷,消费纠纷,0.9
SQW202505110112,之前付了定金，现因为货不对版，我们要退货，和老板有纠纷。139****3917 #非警务#纠纷事项#消费问题#报警电话:139****3917,消费纠纷,消费纠纷,0.9
SQW202505110113,"有司机（贵AP6B38,白色大众；电话：199****5901）要给我送货，对方把我货拿走了，电话也不接。130****4159 #非警务#纠纷事项#司乘（代驾）问题#报警电话:130****4159",消费纠纷,消费纠纷,0.9
SQW202505110114,跟老板因为工资问题有纠纷，现场有七八人。195****1018 #非警务#纠纷事项#劳资问题#报警电话:195****1018,劳动人事（就业）纠纷,劳动人事（就业）纠纷,0.9
SQW202505110115,快递员报警，有一个客户经常发了订单后就申请退款，已经发生很多次了，这次金额较大，该客户又再次申请退款，有纠纷。181****0919 #非警务#纠纷事项#物流（快递）问题#报警电话:181****0919,消费纠纷,消费纠纷,0.9
SQW202505110116,我在驾校报名，但是因为我眼睛视力不通过，没法考试，后机构扣了我500元的报名费，双方一起纠纷，报警电话137****6159 #非警务#纠纷事项#消费问题#报警电话:137****6159,其他纠纷,消费纠纷,0.9
SQW202505110117,我到店里买裤子，现在想要退，店家不给退，双方引起纠纷，报警电话130****0580 #非警务#纠纷事项#消费问题#报警电话:130****0580,消费纠纷,消费纠纷,0.9
SQW202505110118,我到店里买裤子，现在想要退，店家不给退，双方引起纠纷，报警电话130****0580。（后来电催促） #非警务#纠纷事项#消费问题#报警电话:130****0580,消费纠纷,消费纠纷,0.9
SQW202505110119,有人打麻将输了不给钱，产生纠纷，报警人电话：159****8066 #非警务#纠纷事项#经济（债务）问题#报警电话:159****8066,债务纠纷,债务纠纷,0.9
SQW202505110120,我女朋友的追求者现在在我们楼下，引起纠纷。178****1361 #非警务#纠纷事项#其他纠纷事项#报警电话:178****1361,情感纠纷,情感纠纷,0.9
SQW202505120001,对方的车堵路了不肯移车，现引起纠纷，联系电话192****1589 #非警务#纠纷事项#其他纠纷事项#报警电话:192****1589,邻里纠纷,街面秩序,0.9
SQW202505120002,#长效关注#我家小孩（12岁）不想上学，需要帮忙协调，现双方在一起132****4687 #非警务#纠纷事项#家庭婚姻感情问题#报警电话:132****4687,涉校园纠纷,家庭婚姻纠纷,0.9
SQW202505120003,#长效关注#隔壁家的天沟坏了，导致我家二楼和三楼全部渗水，村里也调解过，一直调解不好，双方都在现场。133****3856 #非警务#纠纷事项#邻里问题#报警电话:133****3856,邻里纠纷,邻里纠纷,0.9
SQW202505120004,#长效关注#辅路：隔壁家的天沟坏了，导致我家二楼和三楼全部渗水，村里也调解过，一直调解不好，双方都在现场。133****3856 #非警务#纠纷事项#邻里问题#报警电话:133****3856,邻里纠纷,邻里纠纷,0.9
SQW202505120005,185****0217，我是公司来还车的，现在这边的住户说其他公司的人把进出停车场时把他们种的豆角压了，现在对方不让我进去有纠纷 #非警务#纠纷事项#物业管理问题#报警电话:185****0217,经济纠纷,物业管理纠纷,0.9
SQW202505120006,有人推销卡，我买了后想退卡，对方不让我退引起纠纷，152****8565 #非警务#纠纷事项#消费问题#报警电话:152****8565,消费纠纷,消费纠纷,0.9
SQW202505120007,辅助：有人推销卡，我买了后想退卡，对方不让我退引起纠纷，152****8565 #非警务#纠纷事项#消费问题#报警电话:152****8565,消费纠纷,消费纠纷,0.9
SQW202505120008,我在这里租了车，现在店家把我的租金全扣了。130****9392 #非警务#纠纷事项#租赁问题#报警电话:130****9392,经济纠纷,消费纠纷,0.9
SQW202505120009,177****5699，对方称低价可以买二手车，现在办不了分期，我要退定金对方不肯有纠纷 #非警务#纠纷事项#消费问题#报警电话:177****5699,消费纠纷,消费纠纷,0.9
SQW202505120010,辅助：177****5699，对方称低价可以买二手车，现在办不了分期，我要退定金对方不肯有纠纷 #非警务#纠纷事项#消费问题#报警电话:177****5699,消费纠纷,消费纠纷,0.9
SQW202505120011,#长效关注#电话里一直在争吵，回拨称是和女儿（四十多岁）吵架了 #非警务#纠纷事项#家庭婚姻感情问题#报警电话:187****6439,家庭婚姻纠纷,家庭婚姻纠纷,0.9
SQW202505120012,全款买车，几个月前钱已付，至今车辆手续无法办理，无人处理188****6657 #非警务#纠纷事项#消费问题#报警电话:188****6657,经济纠纷,消费纠纷,0.9
SQW202505120013,因为房租问题，引起吵架。152****2346 #非警务#纠纷事项#租赁问题#报警电话:152****2346,经济纠纷,其他纠纷,0.9
SQW202505120014,我家小孩被小区地面上的玻璃砸破了脚，小区物业不肯负责。188****6517 #非警务#纠纷事项#物业管理问题#报警电话:188****6517,经济纠纷,损害赔偿纠纷,0.9
SQW202505120015,之前我老婆被对方的狗咬了，现在对方不承认，不肯赔偿。153****6143 #非警务#纠纷事项#其他纠纷事项#报警电话:153****6143,经济纠纷,损害赔偿纠纷,0.9
SQW202505120016,我租了房子，现不想租了，房东不肯退房租，有纠纷。156****2871 #非警务#纠纷事项#租赁问题#报警电话:156****2871,经济纠纷,消费纠纷,0.9
SQW202505120501,有个女的翻到栏杆外，担心跳河，具体不清，现在还没跳。2025-05-12 12:14:40，到达北渡村风棚碶排涝泵闸，是有个女的站在栏杆外面哭的很伤心，现已将其拉上来，经了解，系该杨一年前出过车祸，一直觉得自己身体不舒服想去看医生，但其丈夫今天不肯带他去很难受，其丈夫称自从出车祸以来经常带其去看医生，都称无碍，正常生活都被打乱了，但其称会好好和妻子沟通，现已将妻子带去方桥第一医院检查。,治安隐患纠纷,家庭婚姻纠纷,0.9
SQW202505130401,滴滴车司机把行程取消了，还多收我五块钱，引起纠纷。159****8111 #非警务#纠纷事项#司乘（代驾）问题#报警电话:159****8111,消费纠纷,消费纠纷,0.9
SQW202505130402,租客房租到期不付钱也不搬走，双方发生矛纠纷131****8988 ，具体地址请与报警人联系 #非警务#纠纷事项#租赁问题#报警电话:131****8988,经济纠纷,债务纠纷,0.9
SQW202505130403,#长效关注#小区的门玻璃是坏的，昨天我孩子走路过去让了下电瓶车，然后小孩子的胳膊碰到玻璃碎片了，去医院缝了5针，现因赔偿问题与物业引起纠纷，报警人187****7000 #非警务#纠纷事项#物业管理问题#报警电话:187****7000,经济纠纷,损害赔偿纠纷,0.9
SQW202505130404,我打了一辆滴滴车，司机走的是高速，对方让我付高速费用，我不付，其就让我下车，引起纠纷195****4050 #非警务#纠纷事项#司乘（代驾）问题#报警电话:195****4050,消费纠纷,消费纠纷,0.9
SQW202505130405,退车问题，双方有纠纷  187****0559 #非警务#纠纷事项#租赁问题#报警电话:187****0559,经济纠纷,消费纠纷,0.9
SQW202505130406,滴滴车司机报，订单已经结束了，乘客到了目的地不愿意下车，引起纠纷187****8120 #非警务#纠纷事项#司乘（代驾）问题#报警电话:187****8120,消费纠纷,消费纠纷,0.9
SQW202505130407,131****8257：我找了一家店租电瓶车做外卖员，我只是想试一下，现在想要退车，对方不肯，平台还在扣我的钱，有纠纷 #非警务#纠纷事项#物流（快递）问题#报警电话:131****8257,经济纠纷,消费纠纷,0.9
SQW202505130408,对方不给我3月份的运费，有纠纷130****6786（辅助下单，催促） #非警务#纠纷事项#物流（快递）问题#报警电话:130****6786,消费纠纷,劳动人事（就业）纠纷,0.9
SQW202505130409,139****2180商家来电客人买的衣服想要退款，有纠纷 #非警务#纠纷事项#消费问题#报警电话:139****2180,消费纠纷,消费纠纷,0.9
SQW202505130410,#长效关注#保安报：有个车主堵在门口，人在这里，原因不清楚 #非警务#纠纷事项#物业管理问题#报警电话:187****0885,物业管理纠纷,街面秩序,0.9
SQW202505130411,178****2593：因为高速费问题，我与顺风车司机有纠纷 ，车牌：浙B86595  白色新能源汽车 #非警务#纠纷事项#司乘（代驾）问题#报警电话:178****2593,消费纠纷,消费纠纷,0.9
SQW202505130412,与对方经济纠纷，现在双方在一起。186****0620 #非警务#纠纷事项#经济（债务）问题#报警电话:186****0620,债务纠纷,经济纠纷,0.9
SQW202505130413,对方拉货不送过来，现在有纠纷需要处理。131****1234（洞桥来电属于石碶辖区） #非警务#纠纷事项#物流（快递）问题#报警电话:131****1234,消费纠纷,消费纠纷,0.9
SQW202505140001,#长效关注#隔壁住户（3单元408）因为我们聊天声音大小的事情骂我们131****2589 #非警务#纠纷事项#邻里问题#报警电话:131****2589,邻里纠纷,邻里纠纷,0.9
SQW202505140002,和代驾因为代驾费起纠纷，代驾乱收费。报警人：135****1762 #非警务#纠纷事项#司乘（代驾）问题#报警电话:135****1762,消费纠纷,消费纠纷,0.9
SQW202505140003,#长效关注#邻居家里装修扰民，我找对方理论过，对方还是很吵，需要工作人员处理，报警人电话：132****9990 #非警务#纠纷事项#邻里问题#报警电话:132****9990,邻里纠纷,邻里纠纷,0.9
SQW202505140004,我在这里租了货车，现因为退押金引起纠纷，要求处理，报警人电话：158****6997 #非警务#纠纷事项#租赁问题#报警电话:158****6997,经济纠纷,消费纠纷,0.9
SQW202505140005,有个人来找这个房子的前租客讨债，现在我家里不肯离开，双方有纠纷，报警人电话183****9333 #非警务#纠纷事项#经济（债务）问题#报警电话:183****9333,经济纠纷,债务纠纷,0.9
SQW202505140006,老板来喊我来运货，现不让我运货了，引起纠纷，报警人电话：133****4770 #非警务#纠纷事项#物流（快递）问题#报警电话:133****4770,消费纠纷,劳动人事（就业）纠纷,0.9
SQW202505140007,我是卖家，老板一直不给我结货款，现有纠纷134****5051（请分局通知四平台） #非警务#纠纷事项#经济（债务）问题#报警电话:134****5051,债务纠纷,债务纠纷,0.9
SQW202505140008,我是卖家，老板一直不给我结货款，现有纠纷134****5051（请分局通知四平台） #非警务#纠纷事项#经济（债务）问题#报警电话:134****5051,劳动人事（就业）纠纷,债务纠纷,0.9
SQW202505140009,一个月前我在租车公司租车跑滴滴，现在来退车，对方称到处有划痕，要扣我几千块钱，现引起纠纷。报警人电话：158****3022 #非警务#纠纷事项#经济（债务）问题#报警电话:158****3022,经济纠纷,消费纠纷,0.9
SQW202505140010,一个月前我在租车公司租车跑滴滴，现在来退车，对方称到处有划痕，要扣我几千块钱，现引起纠纷。报警人电话：158****3022 #非警务#纠纷事项#租赁问题#报警电话:158****3022,经济纠纷,消费纠纷,0.9
SQW202505140011,我是租客，房东不退房租，产生纠纷。190****1048 #非警务#纠纷事项#租赁问题#报警电话:190****1048,经济纠纷,消费纠纷,0.9
SQW202505140012,我是租客，房东不退房租，产生纠纷。190****1048 #非警务#纠纷事项#租赁问题#报警电话:190****1048,经济纠纷,消费纠纷,0.9
SQW202505140013,我买了水果，水果是坏的，老板不退，引起纠纷。186****9990 #非警务#纠纷事项#消费问题#报警电话:186****9990,消费纠纷,消费纠纷,0.9
SQW202505140014,我去二手车行买车，对方和我因买卖车的问题，引起纠纷，报警电话189****3669 #非警务#纠纷事项#经济（债务）问题#报警电话:189****3669,经济纠纷,消费纠纷,0.9
SQW202505140015,我找了物流把我的车托运到这里，现发现车有损，双方引起纠纷，报警电话180****3368 #非警务#纠纷事项#物流（快递）问题#报警电话:180****3368,消费纠纷,消费纠纷,0.9
SQW202505140016,有个业主不肯交停车费和物业费，现在车堵着小区门口，有纠纷153****2819 #非警务#纠纷事项#物业管理问题#报警电话:153****2819,物业管理纠纷,物业管理纠纷,0.9
SQW202505140017,我跟别人有经济纠纷，现在对方不让我走，产生纠纷，报警人电话：139****4524 #非警务#纠纷事项#经济（债务）问题#报警电话:139****4524,债务纠纷,经济纠纷,0.9
SQW202505140018,我去二手车行买车，对方和我因买卖车的问题，有签订合同，引起纠纷，报警电话189****3669 #非警务#纠纷事项#经济（债务）问题#报警电话:189****3669,经济纠纷,消费纠纷,0.9
SQW202505140101,2025-05-13 20:38:54，和前女友分手，现在对方一直骚扰我，来电需要处理。民警到达后仓村仓聚里小区1幢1403，是报警人和其前女友因为感情的事情引起口角纠纷，民警已将双方带所了解情况。后经民警调解，双方自愿和解并签调解书。（报警人陈枫，4503*****1338，159****9552；对方林云英，4402*****3640，136****0909）请街道和村社的工作人员关注该纠纷的后续情况。,公共秩序纠纷,情感纠纷,0.9
SQW202505140102,2025-05-13 20:01:23，有几个人在隔壁店吃饭，同行的小孩子弄了我店里的窗帘，我让小孩不要动，随即对方就开始骂人，现场双方情绪激动。民警到石源路（阳光丽园丽园门口三期门口水果店），对方人已经离开了，报警人称不需要我所处理，我所撤回。（报警人应莹，3302*****004X，137****6635）请街道和村社的工作人员关注该纠纷的后续情况。,经济纠纷,口角琐事纠纷,0.9
SQW202505140103,"电话里都是吵架声，未回应，回拨称有人拦着不让报警人走，具体情况不愿意说
2025-05-14 09:23:25，在石碶石源路优购超市，民警到现场后，因车子堵住路引起纠纷，经调解，双方已和解，车子已移开。（报警人戴春梅：3302*****0649，手机号：133****7099；对方陈温：3412*****2167，手机号：135****7790）请街道和村社的工作人员关注该纠纷的后续情况。",公共秩序纠纷,街面秩序,0.9
SQW202505140104,"口角引起，老公动手打我，不需要120（首南所反馈，经联系是海曙石碶洪渡新村）
2025-05-14 09:56:12，在鲍家144号后面，民警到现场后，夫妻口角纠纷，未发生打架，经调解，双方已现场和解。（报警人钟香女：3326*****6623，手机号：132****1195；对方郭为生：3326*****6598，手机号：173****7509）请街道和村社的工作人员关注该纠纷的后续情况。",治安隐患纠纷,家庭婚姻纠纷,0.9
SQW202505140105,"因对行政处罚不满，对方用手打我，人没事，不需要救护车
2025-05-14 16:24:07，雅戈尔大道555号行政服务中心1号楼3楼，民警到现场后，对方已离开，没有打架，现已没事。（报警人施建峰，3302*****0931，135****2171）
请街道和村社的工作人员关注该纠纷的后续情况。",治安隐患纠纷,其他纠纷,0.9
SQW202505140106,"我朋友说我喝醉酒打他，不需要120，没有工具
2025-05-14 22:06:31，在雅源南路六安土菜馆斜对面，民警到现场后，双方是朋友，喝醉酒引起纠纷，有推搡，人没事，自行和解。（报警人郭杨：3412*****217X，手机号：134****1212；对方王伟：3412*****2170，手机号：139****8775）
请街道和村社的工作人员关注该纠纷的后续情况。",治安隐患纠纷,口角琐事纠纷,0.9
SQW202505150001,有辆车故意堵在我家门口不肯让，车主人在现场，电话150****2170 #非警务#纠纷事项#其他纠纷事项#报警电话:150****2170,邻里纠纷,邻里纠纷,0.9
SQW202505150002,我租车，现对方不退押金，有纠纷150****0469 #非警务#纠纷事项#租赁问题#报警电话:150****0469,经济纠纷,消费纠纷,0.9
SQW202505150003,我租了辆网约车，现在租车公司不肯退押金引起纠纷。报警人电话：131****5878 #非警务#纠纷事项#租赁问题#报警电话:131****5878,经济纠纷,消费纠纷,0.9
SQW202505150004,#长效关注#我跟我老婆吵架，后一直在争吵，问话无应答，回拨称称在姜沈庭院3幢3单元楼下。152****7458 #非警务#纠纷事项#家庭婚姻感情问题#报警电话:152****7458,家庭婚姻纠纷,家庭婚姻纠纷,0.9
SQW202505150005,#长效关注#我跟我老婆吵架，后一直在争吵，问话无应答，回拨称称在姜沈庭院3幢3单元楼下。152****7458。后来电咨询离婚去哪里，告知其民政局 #非警务#纠纷事项#家庭婚姻感情问题#报警电话:152****7458,家庭婚姻纠纷,家庭婚姻纠纷,0.9
SQW202505150006,有人租了车子，拿了车钥匙和东西，东西还了，车钥匙不归还，电话187****0752 #非警务#纠纷事项#租赁问题#报警电话:187****0752,经济纠纷,消费纠纷,0.9
SQW202505150007,之前租借汽车签过合同，现在老板不肯退还押金，有纠纷，报警人现在该公司。173****1116 #非警务#纠纷事项#租赁问题#报警电话:173****1116,经济纠纷,消费纠纷,0.9
SQW202505150008,来电有说话声后挂断。回拨称我在这边二手车，现因为贷款利率和车牌照问题，有纠纷。188****4420 #非警务#纠纷事项#消费问题#报警电话:188****4420,经济纠纷,消费纠纷,0.9
SQW202505150009,因为租车问题发生纠纷。139****8981 #非警务#纠纷事项#物业管理问题#报警电话:139****8981,经济纠纷,消费纠纷,0.9
SQW202505150010,因之前打错针，报过警，现在因赔偿的问题协商不下。177****6188 #非警务#纠纷事项#经济（债务）问题#报警电话:177****6188,医疗纠纷,医疗纠纷,0.9
SQW202505150011,因为租车问题发生纠纷。139****8981（15:43来电称还没处理好，还需要处理） #非警务#纠纷事项#租赁问题#报警电话:139****8981,经济纠纷,消费纠纷,0.9
SQW202505150012,我是寄卖的，现在准备过户， 买家要求降价，现在对方把我车子扣下了有纠纷，156****3683 #非警务#纠纷事项#租赁问题#报警电话:156****3683,经济纠纷,消费纠纷,0.9
SQW202505150013,买二手车前没说有中介费，现在按揭办完说有中介费，产生纠纷，报警人178****2292 #非警务#纠纷事项#消费问题#报警电话:178****2292,消费纠纷,消费纠纷,0.9
SQW202505150014,因之前打错针，报过警，现在因赔偿的问题协商不下。177****6188（来电催促，需要再次处理，）（四平台反馈报警人要求诊所赔偿3万，对方不同意，也不走法律程序，双方调节不下，已移交民警） #非警务#纠纷事项#经济（债务）问题#报警电话:177****6188,医疗纠纷,医疗纠纷,0.9
SQW202505150015,有人欠钱不还，产生纠纷，报警人电话：158****9778 #非警务#纠纷事项#经济（债务）问题#报警电话:158****9778,债务纠纷,债务纠纷,0.9
SQW202505150016,我打了车，司机要把我中途放下，双方引起纠纷，报警电话184****1354 #非警务#纠纷事项#司乘（代驾）问题#报警电话:184****1354,消费纠纷,消费纠纷,0.9
SQW202505150017,双方因为移车引起纠纷189****2746（请分局通知四平台） #非警务#纠纷事项#其他纠纷事项#报警电话:189****2746,邻里纠纷,其他纠纷,0.9
SQW202505150109,“文明检查”走访巡查时发现有居民因欠钱引起卖家上门来讨债引起纠纷，因买家与这户业主是直属关系，引起卖家蹲点要钱，请相关部门及时处理。,物业管理纠纷,债务纠纷,0.9
SQW202505150601,"我在楼上，看到楼下好几个人（听声音3-4个人，有男的有女的）在打架，有1人躺在地上，天太黑了，看不到具体情况。
2025-05-15 00:03:16，民警到达塘西中路与食品街，现场称没有报警，是亲戚间酒喝多了引起吵架，无需我所处理。已散去。（报警人钱娇娇：3411*****2908，151****1269；当事人尤娜娜，3412*****4441，132****8355）请街道和村社的工作人员关注该纠纷的后续情况。",治安隐患纠纷,公共秩序纠纷,0.9
SQW202505150602,"我来帮老乡搬东西，对方是收破烂的，现对方一直骂人   
 2025-05-15 14:39:49  民警到海曙香梅家园15栋4单元楼下，双方因收垃圾的事引起吵架，无肢体冲突，民警已当场调解，双方和解，已签现场处结备案单。（报警人秦大仑，3421*****1790，手机号182****8460；对方邹王旗，3421*****1235，手机号134****0357）
请街道和村社的工作人员关注该纠纷的后续情况。",治安隐患纠纷,口角琐事纠纷,0.9
SQW202505150603,"因欠钱问题，我们两个人打架，无工具，目前只需民警处理。   
2025-05-15 10:31:26  民警到石碶星光工业区康美公司，双方因经济纠纷发生口角，后发生肢体冲突，人无大碍，经民警将双方带所调解，应鹏国自愿赔偿成佃金医药费等所有费用一次性共计人民币600元，已签调解书。（报警人周艳，3208*****4820，手机号158****5171；当事人1应鹏国，3302*****4113，手机号131****9512；当事人2成佃金，3208*****481X，手机号138****6036）
请街道和村社的工作人员关注该纠纷的后续情况。",经济纠纷,债务纠纷,0.9
SQW202505150604,"我来看病，跟医生说了不能打多阳（药品），但是医生还是给我打了，现我人不舒服，120不要   
2025-05-15 12:51:29，民警到达海曙塘西中路56号新亚诊所现场后，报警人称医生给他打针后身体不舒服，现经民警调解诊所负责人会带报警人去大医院检查身体，并表示会承担医药费。（报警人朱南南，3203*****2822，177****6188）（医生郝爱霞，4105*****9565，130****0449；负责人李明宇，4113*****3113，132****5537）
请街道和村社的工作人员关注该纠纷的后续情况。
",公共秩序纠纷,医疗纠纷,0.9
SQW202505150605,"开赌场的老板打我，拿刀打我，他人跑掉了，不需要120。  
 2025-05-15 15:04:37   民警到石碶栎社新村8号附近未找到报警人，电话联系其称已离开现场，人不舒服，先去医院，稍后会自行来所反映情况。后报警人一直未来所，再次电话联系其称没有赌场，也没有拿刀，是跟对方有经济纠纷，因喝过酒报警语言说的比较严重，现经过朋友跟家人劝说，已自行处理好，不需要派出所处理了。（报警人孙徐保，3408*****1458，手机号138****5720）
请街道和村社的工作人员关注该纠纷的后续情况。",公共秩序纠纷,经济纠纷,0.9
SQW202505160336,#劳动争议纠纷#巡查过程中发现雅源南路14号的同城配送点出现状况，骑手与店长之间就劳动合同事宜产生了争议，骑手们对合同里存在的霸王条款表现出极为强烈的不满情绪。鉴于此复杂情形，请相关部门前来协助处理。,劳动人事（就业）纠纷,劳动人事（就业）纠纷,0.9
SQW202505160401,"我和对方都是电瓶车车主，两车差点发生事故，对方动手打我，之后人离开了   
2025年05月15日22时26分许，接报警人陈文科（5224*****7011，手机号：175****7444）向110报警称：在石碶鄞州大道和盛汽修，我和对方都是电瓶车车主，两车差点发生事故，对方动手打我，之后人离开了。民警已受案。
请街道和村社的工作人员关注该纠纷的后续情况。
",治安隐患纠纷,交通事故纠纷,0.9
SQW202505160402,"我从楼上看到，停车场里面有三男四女拿着板凳打架，具体原因不清楚，我可以提供视频，已通知120   
 2025-05-16 02:30:47  民警到万隆花园靠河边外面停车场，是朋友在一起吃烧烤过程中因喝完酒互相说对方女朋友的不好引起推搡，没有工具，也无人受伤，经民警现场调解，双方停止争吵并各自离开。（报警人身份信息未知；当事人1张志旭，1504*****211X，手机号151****3140；当事人2邹斌，5111*****3359，手机号192****3214）
请街道和村社的工作人员关注该纠纷的后续情况。",经济纠纷,公共秩序纠纷,0.9
SQW202505160403,"电话内在争吵，来电只说有人到他家大吵大闹，未说清楚事情和地址就挂机，多次回拨无人接听   
2025-05-16 01:19:19   民警到雍景苑40栋3单元204室，是男女朋友吵架，现经民警沟通，双方已和解。（报警人汪新松，3302*****0791，手机号130****3565；对方密燕燕，3306*****2829，手机号159****6176）
请街道和村社的工作人员关注该纠纷的后续情况。",公共秩序纠纷,情感纠纷,0.9
SQW202505160501,家长要在我门卫放一本小本子我不同意，拍我照片，有纠纷。138****8786 #非警务#纠纷事项#物业管理问题#报警电话:138****8786,物业管理纠纷,物业管理纠纷,0.9
SQW202505160502,我来买二手车，一开始没有说要收服务费，现在对方说要收服务费，我现在不想买这个车了，176****4527 #非警务#纠纷事项#消费问题#报警电话:176****4527,消费纠纷,消费纠纷,0.9
SQW202505160503,我买的衣服不合适不给我退，报警人号码：138****1558 #非警务#纠纷事项#消费问题#报警电话:138****1558,消费纠纷,消费纠纷,0.9
SQW202505160504,我们是物业，询问了一下对方停车费有没有付，对方就把我们小区的杆子弄断了，178****0993 #非警务#纠纷事项#物业管理问题#报警电话:178****0993,邻里纠纷,物业管理纠纷,0.9
SQW202505160505,我是网约车司机，我租的车到期来还车，之前交了四千元押金，现对方称说我把车在外面喷漆了，把我四千元押金扣完了让我再交三千元，双方在一起，需要调解138****9881 #非警务#纠纷事项#租赁问题#报警电话:138****9881,消费纠纷,消费纠纷,0.9
SQW202505160506,我的舅舅在这里报名，现在不想学了，对方不给退费有纠纷158****5522 #非警务#纠纷事项#消费问题#报警电话:158****5522,消费纠纷,消费纠纷,0.9
SQW202505160507,之前租了车，现在来还车对方乱扣押金，报警人号码：175****4892 #非警务#纠纷事项#租赁问题#报警电话:175****4892,经济纠纷,消费纠纷,0.9
SQW202505160508,因为干活的钱有纠纷，132****3061 #非警务#纠纷事项#劳资问题#报警电话:132****3061,劳动人事（就业）纠纷,劳动人事（就业）纠纷,0.9
SQW202505160509,家电维修，保修半年没有修好，有纠纷130****4622 #非警务#纠纷事项#消费问题#报警电话:130****4622,其他纠纷,消费纠纷,0.9
SQW202505160510,因为我没有车牌，这里是无人停车场，打过停车场的电话，没人接电话。电话：178****9939 #非警务#纠纷事项#物业管理问题#报警电话:178****9939,其他纠纷,物业管理纠纷,0.9
SQW202505160511,网约车司机和乘客有纠纷。150****7424 #非警务#纠纷事项#司乘（代驾）问题#报警电话:150****7424,消费纠纷,消费纠纷,0.9
SQW202505160512,我买的水果是坏的，现在商家不给我退，发生纠纷。136****3189 #非警务#纠纷事项#消费问题#报警电话:136****3189,消费纠纷,消费纠纷,0.9
SQW202505170401,拖欠工资，有纠纷。158****9819 #非警务#纠纷事项#劳资问题#报警电话:158****9819,劳动人事（就业）纠纷,劳动人事（就业）纠纷,0.9
SQW202505170402,我刚买了衣服想退，店员不同意，引起纠纷。150****2745 #非警务#纠纷事项#消费问题#报警电话:150****2745,消费纠纷,消费纠纷,0.9
SQW202505170403,因退咨询费用问题，双方发生纠纷 180****9548 #非警务#纠纷事项#消费问题#报警电话:180****9548,经济纠纷,消费纠纷,0.9
SQW202505170404,因退咨询费用问题，双方发生纠纷 180****9548（辅助下单） #非警务#纠纷事项#消费问题#报警电话:180****9548,其他纠纷,消费纠纷,0.9
SQW202505170405,我来按摩店上班因为一些问题就要我离职，但是对方只给提成，没有按保底天数来算钱，报警人：152****5520 #非警务#纠纷事项#劳资问题#报警电话:152****5520,劳动人事（就业）纠纷,劳动人事（就业）纠纷,0.9
SQW202505170406,退网约车押金引起纠纷，需要处理   195****6225 #非警务#纠纷事项#租赁问题#报警电话:195****6225,消费纠纷,消费纠纷,0.9
SQW202505170407,15的东西收我30，具体门牌号没说，后称等一下自行挂断。报警人：138****8120 #非警务#纠纷事项#消费问题#报警电话:138****8120,消费纠纷,消费纠纷,0.9
SQW202505170408,对方联系我，推荐一款车况不错的二手车给我。我从广州飞来后，发现车况并不好，我需要调解，要求对方赔偿我机票和酒店的费用186****2636 #非警务#纠纷事项#消费问题#报警电话:186****2636,消费纠纷,消费纠纷,0.9
SQW202505170409,131****5323送煤气的工作人员报：对方因为价格问题，现在不让我走需要处理 #非警务#纠纷事项#消费问题#报警电话:131****5323,消费纠纷,消费纠纷,0.9
SQW202505170410,我把汽车放在店里寄卖，后朋友介绍的买房把我的车卖了没有给我钱，现报警人在对方门口，需要调解185****1797 #非警务#纠纷事项#消费问题#报警电话:185****1797,经济纠纷,消费纠纷,0.9
SQW202505170411,我弟弟（未成年）在这里上班，刚刚被他老板掐脖子，还骂他，老板现在还不给他工资 #非警务#纠纷事项#劳资问题#报警电话:184****9871,劳动人事（就业）纠纷,劳动人事（就业）纠纷,0.9
SQW202505170412,我是房东，对方违约还不给我钱，现有纠纷双方在一起，175****2728 #非警务#纠纷事项#租赁问题#报警电话:175****2728,经济纠纷,债务纠纷,0.9
SQW202505170501,"2025年05月17日11时37分许，接报警人崔海龙（4114*****8796，手机号：155****0403）向110报警称：在栎社街125号，来电称110来了没，询问不回答，报警人挂断了。已回拨称对方打我，另一人称他骂我，请到场核实。（涉案人员未知）A3302*****25055118
2025-05-17 11:37:24，民警到达栎社街125号，是因为电瓶车和120刮擦引起交通事故，民警正在了解情况。（报警人崔海龙，4114*****8796，155****0403；对方向维友，4331*****7935，137****3322）请街道和村社的工作人员关注该纠纷的后续情况。",经济纠纷,交通事故纠纷,0.9
SQW202505170502,2025-05-17 16:18:55，孩子不愿意跟老公去玩引起口角，老公就打我，已经不止一次了，具体不说挂断，回拨不接。民警到达新舒江岸12号，报警人称和其老公因为小孩子出去玩的事情引起口角纠纷，没有动手，民警已将双方带所了解情况。后经民警调解，双方自愿和解并签调解书。（报警人张香风，3623*****5807，133****2625；对方张万喜，4127*****3857，138****1531）请街道和村社的工作人员关注该纠纷的后续情况。,经济纠纷,家庭婚姻纠纷,0.9
SQW202505170503,"2025-05-17 19:43:07，堵车引起吵架，五六个人推搡我打我，不需要120。民警到石碶金星物流园，是因为车子堵路引起，民警已将双方带所了解情况。后经民警调解，双方自愿和解并签调解书。（报警人：张帅，4113*****5914,180****9116，对方：吕慎杰，4129*****205X，158****4609）请街道和村社的工作人员关注该纠纷的后续情况。",治安隐患纠纷,公共秩序纠纷,0.9
SQW202505180001,因停车与物业有纠纷133****9991 #非警务#纠纷事项#物业管理问题#报警电话:133****9991,邻里纠纷,物业管理纠纷,0.9
SQW202505180002,我是保安，有个业主故意堵门，现引起纠纷，联系电话187****2590 #非警务#纠纷事项#物业管理问题#报警电话:187****2590,邻里纠纷,物业管理纠纷,0.9
SQW202505180003,#长效关注#这里有人在我门口停着车卸货，引起纠纷，报警人电话：130****5218 #非警务#纠纷事项#邻里问题#报警电话:130****5218,邻里纠纷,邻里纠纷,0.9
SQW202505180004,昨晚我老婆的弟弟吃了医生开的药后不舒服，后经抢救进了重症监护室，目前情况稳定还在观察中。与医院有纠纷，电话138****8253。 #非警务#纠纷事项#医患问题#报警电话:138****8253,医疗纠纷,医疗纠纷,0.9
SQW202505180005,我辞职，公司不同意我走，不给我结工资，双方在一起。156****3279 #非警务#纠纷事项#劳资问题#报警电话:156****3279,劳动人事（就业）纠纷,劳动人事（就业）纠纷,0.9
SQW202505180006,我是开理发店，现因费用问题，双方引起纠纷，需要处理，报警人电话：138****7973 #非警务#纠纷事项#消费问题#报警电话:138****7973,消费纠纷,消费纠纷,0.9
SQW202505180007,保安报警：因为不让外卖员进来，对方现在故意堵门，产生纠纷，报警人电话：183****0746 #非警务#纠纷事项#物业管理问题#报警电话:183****0746,消费纠纷,物业管理纠纷,0.9
SQW202505180008,#长效关注#我儿子要跟网友去看演唱会，我们不放心，不让他去，引起纠纷。130****9189 #非警务#纠纷事项#家庭婚姻感情问题#报警电话:130****9189,家庭婚姻纠纷,家庭婚姻纠纷,0.9
SQW202505180009,商家自己标错价格，现在不让我买单，因为价格有纠纷180****1930 #非警务#纠纷事项#消费问题#报警电话:180****1930,消费纠纷,消费纠纷,0.9
SQW202505180010,#长效关注#这户人家噪音扰民我们上来协商，对方还和我们吵架158****0861 #非警务#纠纷事项#邻里问题#报警电话:158****0861,邻里纠纷,口角琐事纠纷,0.9
SQW202505180011,#长效关注#我老婆冷暴力我，因为我把家里老人接过来和我吵架，她不孝顺，需要帮助协调159****2031（已电告海曙分局） #非警务#纠纷事项#家庭婚姻感情问题#报警电话:159****2031,家庭婚姻纠纷,家庭婚姻纠纷,0.9
SQW202505180012,对方是抖音主播，我老公给她刷钱有纠纷，双方在一起，未说完挂断，回拨不接133****1771 #非警务#纠纷事项#其他纠纷事项#报警电话:133****1771,情感纠纷,消费纠纷,0.9
SQW202505180501,"捡垃圾的老太婆打我，拿着扫帚打的，不要120。
2025-05-18 11:18:31，民警到达香梅家园3幢303室，双方因捡垃圾的事情产生纠纷，经调解，现双方和解，此后互不干涉。（报警人蔡菊梅，3326*****6724，158****3043；对方杨素兰，4127*****1829，130****5273）请街道和村社的工作人员关注该纠纷的后续情况。",公共秩序纠纷,口角琐事纠纷,0.9
SQW202505180502,报警人称和老婆吵架了，有纠纷，具体情况、地址未说挂断电话，回拨报警人电话不接2025-05-18 12:48:03，出警途中电话联系报警人称跟老婆吵架，自行处理，无需我所处理。后续联系其老婆也无需我所处理。（报警人于烽，3704*****1011，133****2168；其老婆高霞，3708*****5508，131****0508）请街道和村社的工作人员关注该纠纷的后续情况。,经济纠纷,家庭婚姻纠纷,0.9
SQW202505180503,"我前夫在我家闹事，双方有纠纷
2025-05-18 15:37:30，在香梅家园21栋505，民警到现场后，夫妻离婚因儿子扶养问题引起纠纷，经调解，双方已和解，儿子跟其前夫吴尽。（报警人杨才媛：5224*****3261，手机号：159****7417；对方吴尽：3426*****4634，手机号：130****9729）请街道和村社的工作人员关注该纠纷的后续情况。",治安隐患纠纷,家庭婚姻纠纷,0.9
SQW202505180504,"我男朋友喝多了骂我女儿
2025-05-18 19:07:15，民警到达东杨菜市场元六房40号，双方因感情问题引起口角纠纷，带所调解。（后续：双方自愿和解。双方和平分手，不再相互联系。）（报警人张琼，5224*****7688，150****9060；对方吉庆斌，5224*****2912，189****1708）请街道和村社的工作人员关注该纠纷的后续情况。",公共秩序纠纷,情感纠纷,0.9
SQW202505180505,"无应答，回拨因口角问题，店里的员工动手打我，不要120
2025-05-18 21:48:15，在食品街14号，我所在出警路上，报警人来电称自行协商，不需要我所处理，现已撤回。（报警人余静雯：3411*****4662，手机号：173****7817；对方马宏伟：3413*****5030，手机号：151****3980）
请街道和村社的工作人员关注该纠纷的后续情况。
",治安隐患纠纷,口角琐事纠纷,0.9
SQW202505190401,因为买烟的事情，店长和顾客发生了纠纷，需要处理     150****3593 #非警务#纠纷事项#消费问题#报警电话:150****3593,消费纠纷,消费纠纷,0.9
SQW202505190402,我是租客，要退租，房东不肯退押金，报警人电话：158****1949 #非警务#纠纷事项#租赁问题#报警电话:158****1949,经济纠纷,消费纠纷,0.9
SQW202505190403,我是租客，要退租，房东不肯退押金，报警人电话：158****1949 #非警务#纠纷事项#租赁问题#报警电话:158****1949,经济纠纷,消费纠纷,0.9
SQW202505190404,这里有工伤问题，老板不肯处理。151****1119 #非警务#纠纷事项#劳资问题#报警电话:151****1119,劳动人事（就业）纠纷,劳动人事（就业）纠纷,0.9
SQW202505190405,我来买车，对方一直不卖我，有纠纷。188****7449 #非警务#纠纷事项#消费问题#报警电话:188****7449,经济纠纷,消费纠纷,0.9
SQW202505190406,#长效关注#我是物业，业主电瓶车被偷，现在我处看监控，双方引起纠纷，报警人电话：130****6198 #非警务#纠纷事项#物业管理问题#报警电话:130****6198,物业管理纠纷,物业管理纠纷,0.9
SQW202505190407,我来买车，对方一直不卖我，有纠纷。188****7449（13:12报警人来电称需要再次处理） #非警务#纠纷事项#消费问题#报警电话:188****7449,经济纠纷,消费纠纷,0.9
SQW202505190408,我在路边摆摊，和卖水果的因为摆摊问题有纠纷。报警人口音较重，具体事情听不懂。150****3368 #非警务#纠纷事项#其他纠纷事项#报警电话:150****3368,邻里纠纷,街面秩序,0.9
SQW202505190409,我不想租车了，现公司不退租车押金，引起纠纷，报警人电话：183****3833 #非警务#纠纷事项#租赁问题#报警电话:183****3833,经济纠纷,消费纠纷,0.9
SQW202505190410,我与房东因为租金问题产生纠纷，报警人电话：177****2061 #非警务#纠纷事项#租赁问题#报警电话:177****2061,经济纠纷,债务纠纷,0.7
SQW202505190411,我与房东因为租金问题产生纠纷，报警人电话：177****2061 #非警务#纠纷事项#租赁问题#报警电话:177****2061,经济纠纷,经济纠纷,0.9
SQW202505190412,有人在我家门口停车，我不让他们停，现在双方吵架了151****2040 #非警务#纠纷事项#其他纠纷事项#报警电话:151****2040,邻里纠纷,邻里纠纷,0.9
SQW202505190413,#长效关注#来电称小孩子把门反锁了，然后我们进不去，需要上门开导一下，136****8388 #非警务#纠纷事项#家庭婚姻感情问题#报警电话:136****8388,家庭婚姻纠纷,家庭婚姻纠纷,0.9
SQW202505190414,#长效关注#因为停车问题引起纠纷，对方一直骂我，报警人电话：139****2221 #非警务#纠纷事项#邻里问题#报警电话:139****2221,邻里纠纷,邻里纠纷,0.9
SQW202505190415,老板不给工资，产生纠纷。151****8498 #非警务#纠纷事项#劳资问题#报警电话:151****8498,劳动人事（就业）纠纷,劳动人事（就业）纠纷,0.9
SQW202505190416,我找对方买车，现在一直没有收到我的车，但我的贷款已经过去了，现在产生纠纷，报警人电话：159****0847 #非警务#纠纷事项#租赁问题#报警电话:159****0847,经济纠纷,消费纠纷,0.9
SQW202505190501,"我们家打架了，不需要120 ，拿刀了未说具体事情挂断，回拨不肯说具体事情多次挂断
2025-05-19 00:07:28，在石碶东方阁12幢506室，民警到现场后，经了解，是王峰与卢丹丹因家庭琐事吵架，后王峰报警后驾车离开，因喝过酒半路被交警查获，两夫妻和解。（报警人王峰：3302*****8217，手机号：180****9892；对方卢丹丹：3310*****0582，手机号：133****1771）请街道和村社的工作人员关注该纠纷的后续情况。",经济纠纷,家庭婚姻纠纷,0.9
SQW202505190502,我们有个保洁因为年纪太大不让她干，对方一定要闯进小区，现双方有纠纷。2025-05-19 08:39:08  民警到雅源里小区大门口，因年纪大了不能交社保不让干活了引起，双方签有劳动合同，现经沟通，双方自行协商处理，协商不下找劳动部门反映情况。（报警人曹建俊，3302*****0935，手机号137****6611；对方马振芳，3421*****6029，手机号178****4434）请街道和村社的工作人员关注该纠纷的后续情况。,公共秩序纠纷,劳动人事（就业）纠纷,0.9
SQW202505190503,我推自行车的时候碰到停着的电瓶车，现在对方让我赔偿，还一直在骂人，不让我走。请街道和村社的工作人员关注该纠纷的后续情况。2025-05-19 10:10:38  民警到石碶菜场门口靠三江超市，经了解是报警人推自行车的时候将对方电瓶车碰倒，双方因赔偿问题引起吵架，现经民警调解，报警人赔偿对方50元修车费，双方和解。（报警人；对方杨耀龙，4223*****6433，手机号136****9709）请街道和村社的工作人员关注该纠纷的后续情况。,经济纠纷,交通事故纠纷,0.9
SQW202505190504,我们在这里吃饭，老板可能心情不好，无缘无故就骂我们，后引起推搡，后老板看我们两个人他打不过就去厨房拿刀，现在刀没有拿着了，不需要救护车。2025-05-19 10:40:10  民警到石源路麦迪广场公交车站对面兰州拉面，报警人袁强和袁富强到对方韩毛草店里吃面，因开空调之事双方发生口角，后双方发生肢体冲突，人无大碍，经民警带所调解，双方自愿和解，已签调解书。（报警人袁强，6404*****0310，手机号153****8408；报警人同行袁富强，6404*****0338，手机号178****9400；对方韩毛草，6321*****0017，手机号181****7080）请街道和村社的工作人员关注该纠纷的后续情况。,经济纠纷,消费纠纷,0.9
SQW202505190505,跟安装师傅有纠纷，对方还动手，无工具，不需要120。2025-05-19 11:06:56，民警到达雅源里24幢503室现场后，因安装智能马桶的事与安装师傅引起纠纷，未发生肢体冲突，现经民警调解双方已和解表示会通过京东平台去协商解决，已签现场处结备案单。（报警人沈惠芳，3302*****402X，159****7275；对方代帅帅，4127*****4917，手机号175****3299）请街道和村社的工作人员关注该纠纷的后续情况。,治安隐患纠纷,消费纠纷,0.9
SQW202505190506,来电有争吵声，问话无应答，多次回拨正忙。2025-05-19 12:46:47  民警到姜沈庭院监控室，因对方电瓶不见了想要查看监控引起，现经沟通，对方先来所做笔录，监控我所会安排人员拷贝再查看，双方均表示同意。（报警人陈小云，3302*****5938，手机号130****6198；对方陈声隆，3302*****6133，手机号130****0788）请街道和村社的工作人员关注该纠纷的后续情况。,公共秩序纠纷,其他纠纷,0.9
SQW202505190507,来电称两人口角纠纷，对方把我推倒了，导致我撞到东西受伤了，暂时不需要救护车，对方未持械。2025-05-19 14:30:09  民警到东杨工业园东方音响厂，因工作中物品放置问题产生纠纷，现经民警沟通，双方自行和解，已签现场处结备案单。（报警人刘丽，3421*****9224，手机号150****1018；对方朱明净，4102*****6541，手机号130****9467）请街道和村社的工作人员关注该纠纷的后续情况。,经济纠纷,口角琐事纠纷,0.9
SQW202505190508,14:38接12345转警：5月7日市民在海曙区石碶街道万成路180号（宁波市车俱帅二手车）购买二手车（浙B6A67H），支付13.1万元，中介费3900元，之后发现是重大事故车，商家没有提前告知，市民对此不认可，来电要求退车退费。（市民多次表示再不处理就做出过激行为危害社会）2025-05-19 14:43:09，已电话联系报警人了解情况，其称现人在外省不在宁波，现打12345是为了投诉，其称工商部门和市场监督管理部门已受理六七天了一直没有回复，现诉求是想要个答复，请相关部门联系报警人予以答复。已劝解报警人不要做出过激行为，报警人也表示自己不会做过激行为，已告知其有任何问题可联系我所。（报警人信息未知）请街道和村社的工作人员关注该纠纷的后续情况。,公共秩序纠纷,消费纠纷,0.9
SQW202505190509,14:38接12345转警：5月7日市民在海曙区石碶街道万成路180号（宁波市车俱帅二手车）购买二手车（浙B6A67H），支付13.1万元，中介费3900元，之后发现是重大事故车，商家没有提前告知，市民对此不认可，来电要求退车退费。（市民多次表示再不处理就做出过激行为危害社会）2025-05-19 14:43:09，已电话联系报警人了解情况，其称现人在外省不在宁波，现打12345是为了投诉，其称工商部门和市场监督管理部门已受理六七天了一直没有回复，现诉求是想要个答复，请相关部门联系报警人予以答复。已劝解报警人不要做出过激行为，报警人也表示自己不会做过激行为，已告知其有任何问题可联系我所。（报警人信息未知）请街道和村社的工作人员关注该纠纷的后续情况。,公共秩序纠纷,消费纠纷,0.9
SQW202505200001,我充值了5000多元，叫了技师按摩，但对方没有给我提供服务，现在我要求退费，商家也不肯，我和商家有纠纷，联系电话152****5286 #非警务#纠纷事项#消费问题#报警电话:152****5286,消费纠纷,消费纠纷,0.9
SQW202505200002,我找对方买车，现在一直没有收到我的车，但我的贷款已经过去了，我现在在对方店门口，需要处理159****9780 #非警务#纠纷事项#消费问题#报警电话:159****9780,经济纠纷,消费纠纷,0.9
SQW202505200003,物业：有个业主损坏我们公共财物，不和我们交流，不清楚具体事情155****7300 #非警务#纠纷事项#物业管理问题#报警电话:155****7300,物业管理纠纷,损害赔偿纠纷,0.9
SQW202505200004,报警人称自己的车子在这边买了一个月了，要送的东西4S店还没送，有纠纷，151****6613 #非警务#纠纷事项#消费问题#报警电话:151****6613,经济纠纷,消费纠纷,0.9
SQW202505200005,我来送榴莲，榴莲坏了，让我赔一半钱，我不愿意156****2738 #非警务#纠纷事项#物流（快递）问题#报警电话:156****2738,消费纠纷,消费纠纷,0.9
SQW202505200006,辅助催促：我来送榴莲，榴莲坏了，让我赔一半钱，我不愿意156****2738 #非警务#纠纷事项#物流（快递）问题#报警电话:156****2738,消费纠纷,消费纠纷,0.9
SQW202505200007,我跟房东吵架了，具体情况问其说不清，177****2061 #非警务#纠纷事项#租赁问题#报警电话:177****2061,邻里纠纷,口角琐事纠纷,0.9
SQW202505200008,我买了二手车后发现车不好要退，对方不让退，双方在一起138****2637 #非警务#纠纷事项#消费问题#报警电话:138****2637,消费纠纷,消费纠纷,0.9
SQW202505200009,认识的人卖了我的台球杆还不给钱，引发纠纷198****6681 #非警务#纠纷事项#经济（债务）问题#报警电话:198****6681,经济纠纷,债务纠纷,0.9
SQW202505200010,我本来打算买车了，付了2900元押金，我不买车了对方不退钱182****2995 #非警务#纠纷事项#经济（债务）问题#报警电话:182****2995,经济纠纷,消费纠纷,0.9
SQW202505200011,昨天报过警：我找对方买车，现在一直没有收到我的车，但我的贷款已经过去了，现在产生纠纷，报警人电话：159****0847，现在来电称仍旧需要处理这件事 #非警务#纠纷事项#租赁问题#报警电话:159****0847,其他纠纷,消费纠纷,0.9
SQW202505200012,辅助：昨天报过警：我找对方买车，现在一直没有收到我的车，但我的贷款已经过去了，现在产生纠纷，报警人电话：159****0847，现在来电称仍旧需要处理这件事159****0847 #非警务#纠纷事项#租赁问题#报警电话:159****0847,经济纠纷,消费纠纷,0.9
SQW202505200013,我和银行签了劳保的代扣协议，但是这个月的医保没有扣除，我来询问，他们要我自己解决，对此不认可133****5280 #非警务#纠纷事项#金融问题#报警电话:133****5280,劳动人事（就业）纠纷,金融纠纷,0.9
SQW202505200014,#长效关注#老年人报警：因为我家把湿衣服晒外面，滴下去的水把203的衣服打湿了，对方昨晚半夜敲门要我们赔钱，需要处理，电话：130****8902 #非警务#纠纷事项#邻里问题#报警电话:130****8902,邻里纠纷,邻里纠纷,0.9
SQW202505200015,我被关在这里回不了家，因为门被关了，怀疑是物业干的188****3759 #非警务#纠纷事项#物业管理问题#报警电话:188****3759,邻里纠纷,物业管理纠纷,0.9
SQW202505200016,工作人员来电，有人补卡，因下班了，对方一直闹153****1200 #非警务#纠纷事项#消费问题#报警电话:153****1200,公共秩序纠纷,消费纠纷,0.9
SQW202505200017,拿不到拉货的费用，引起纠纷。156****1919 #非警务#纠纷事项#物流（快递）问题#报警电话:156****1919,消费纠纷,劳动人事（就业）纠纷,0.9
SQW202505200018,有个人来我们家门口，到我们家门口就拍照片，现产生纠纷。152****7555 #非警务#纠纷事项#其他纠纷事项#报警电话:152****7555,邻里纠纷,其他纠纷,0.9
SQW202505200019,"有个人来我们家门口，到我们家门口就拍照片，现产生纠纷。152****7555
（23:03报警人152****7999来电催促）（23:10报警人152****7999再次来电催促）（23:16报警人来电催促） #非警务#纠纷事项#其他纠纷事项#报警电话:152****7555",邻里纠纷,其他纠纷,0.9
SQW202505200421,#（一件事）矛盾纠纷#2025.5.19日石源路洪渡新村工业区12号楼兰州拉面馆因开空调之事店主与客人双方发生口角后有肢体接触客人报警请警方处理。,口角琐事纠纷,口角琐事纠纷,0.9
SQW202505200501,"2025-05-20 03:42:08。报警人来电时情绪激动，称因人被砍的事情自行来了石碶所报警但派出所内没有人，询问是否需要120，报警人称不需要，后报警人称是朋友被砍了，是朋友的女朋友未告知是已婚状态，朋友在搬家过程中被女朋友的老公砍了，现自己是带朋友来报案的，需要民警尽快立案并且要去医院看医生，请民警尽快处理。2025年05月20日03时41分许，接报警人周波（3302*****2016，手机号：155****3888）向110报警称：2025年05月20日03时41分许，接报警人周波（男，30岁， 浙江省宁波市）向110报警称：2025年5月20日3时，其本人（周波）接到其朋友胡延涛电话，让其去海曙区石碶北路雅戈尔职工宿舍楼下接胡延涛，因其朋友胡延涛在女朋友魏琴家，碰到魏琴丈夫，双方因拍照发生争执，胡延涛被魏琴丈夫用刀砍到背部，案犯简况：男，系列：物色对象、故意伤害。（涉案人员未知）A3302*****25055132
报警人上门报案称在雅戈尔职工宿舍，朋友被人砍了。经民警了解报警人是当事人的朋友，当事人和女子5月1日在社交软件上认识，当时女子并未告知当事人自己已婚，并在此期间和当事人发生了关系，现被女子的老公知晓此事，其老公在2点54分用女子手机将当事人叫到女子暂住的出租房石碶北路49弄雅戈尔职工宿舍A幢208（女子并非雅戈尔员工；夫妻感情不和，已分居两三年），并在3点半左右发生了纠纷，过程中对方用家里的菜刀将当事人砍伤，造成当事人右肩膀两处皮外伤（伤口共缝了十针）。当事人受伤后下楼联系报警人赶到现场，在报警人的陪同下到我所报案，后民警带着报警人和当事人去现场将对方和女子带回所，让报警人带当事人先去看医生。现当事人也从医院处理好伤口到所里，双方正在协商中。现民警以故意伤害为案由受案处理（A3302*****25055132）。
请街道和村社的工作人员关注该纠纷的后续情况。",经济纠纷,情感纠纷,0.9
SQW202505200502,2025-05-20 18:40:55，我和网友在酒店约见，碰面后房钱问题协商不下，现在不让我出房间。民警到达雅戈尔大道维也纳酒店325房间，报警人称因为房钱的事情引起口角纠纷，经民警调解，报警人已将房费付清，民警已告知报警人有需要可以自行走司法途径。（报警人胡锐剑，3302*****6558，150****1271；对方王素君，3302*****634X，132****0086）请街道和村社的工作人员关注该纠纷的后续情况。,公共秩序纠纷,消费纠纷,0.9
SQW202505210401,"2025-05-17 14:47:22，邻居把我们家的墙砸坏了，具体原因不清楚，请先与报警人联系。民警到达塘西村益智老路8号，报警人称邻居因天沟漏水的事情把围墙砸了，该围墙属于公共围墙，双方调解不下，走司法途径处理。（报警人：单函萍，3302*****5360，137****3351；徐斌峰，3302*****6334,133****3856）请街道和村社的工作人员关注该纠纷的后续情况。",经济纠纷,损害赔偿纠纷,0.9
SQW202505210501,因为工资的问题，对方跑到我家来了，需要处理189****1708 #非警务#纠纷事项#劳资问题#报警电话:189****1708,劳动人事（就业）纠纷,劳动人事（就业）纠纷,0.9
SQW202505210502,因打车问题，我与司机发生纠纷 150****5320 #非警务#纠纷事项#司乘（代驾）问题#报警电话:150****5320,消费纠纷,消费纠纷,0.9
SQW202505210503,停车费问题引起纠纷，报警人电话：139****1925 #非警务#纠纷事项#物业管理问题#报警电话:139****1925,物业管理纠纷,物业管理纠纷,0.9
SQW202505210504,189****1602：我的车停在这里，有人说是他们私人的，现在要我给100元的停车费才能让我把车开走 #非警务#纠纷事项#消费问题#报警电话:189****1602,经济纠纷,消费纠纷,0.9
SQW202505210505,130****7517我在店里修手机，现在发现对方没修好，因为费用的问题有纠纷 #非警务#纠纷事项#消费问题#报警电话:130****7517,消费纠纷,消费纠纷,0.9
SQW202505210506,我在这里做美容，现在不想要做了，对方不退钱有纠纷158****5809 #非警务#纠纷事项#消费问题#报警电话:158****5809,消费纠纷,消费纠纷,0.9
SQW202505210507,我来换黄金款式，店家不同意有纠纷188****5115 #非警务#纠纷事项#消费问题#报警电话:188****5115,消费纠纷,消费纠纷,0.9
SQW202505210508,我在这边租房子，现在不打算租了，房东不退押金158****3389 #非警务#纠纷事项#租赁问题#报警电话:158****3389,经济纠纷,债务纠纷,0.9
SQW202505210509,151****2485：欠钱不给，双方都在现场 #非警务#纠纷事项#经济（债务）问题#报警电话:151****2485,债务纠纷,债务纠纷,0.9
SQW202505210510,因为修车费用问题，需要处理135****4147 #非警务#纠纷事项#消费问题#报警电话:135****4147,经济纠纷,消费纠纷,0.9
SQW202505210511,我是汽车经销商，对方来我这拿车后转手卖了，但是钱款拖了一个多月了还没给我，现有纠纷双方在一起，137****7626 #非警务#纠纷事项#经济（债务）问题#报警电话:137****7626,经济纠纷,债务纠纷,0.9
SQW202505220401,#长效关注#有人占用我的拆迁房有纠纷，电话195****8834。 #非警务#纠纷事项#邻里问题#报警电话:195****8834,征地拆迁纠纷,征地拆迁纠纷,0.9
SQW202505220402,因量房产面积，对方给我少量了，引起纠纷195****8834 #非警务#纠纷事项#土地问题#报警电话:195****8834,房地产纠纷,土地森林草场水利等纠纷,0.9
SQW202505220403,我们两三个人来讨要工资，引起纠纷，报警人电话130****7980 #非警务#纠纷事项#劳资问题#报警电话:130****7980,劳动人事（就业）纠纷,劳动人事（就业）纠纷,0.9
SQW202505220404,#长效关注#有人占用我的拆迁房有纠纷，电话195****8834。 #非警务#纠纷事项#邻里问题#报警电话:195****8834,征地拆迁纠纷,征地拆迁纠纷,0.9
SQW202505220405,#长效关注#我是4幢704室业主，4幢1203室住户养的狗，在我家170号车棚处撒尿，狗主人还拿走了我放在车库的花盆，现在物业已帮我拿回花盆，需要帮助调解处理。180****2353 #非警务#纠纷事项#邻里问题#报警电话:180****2353,邻里纠纷,邻里纠纷,0.9
SQW202505220406,我们是物业，一年前大叔手机坏了让我们帮忙处理时手机摔坏了，我们赔偿了一部新手机给他，现在大叔手机内屏可能坏了，又来找我们要赔偿，引起纠纷。153****9640 #非警务#纠纷事项#经济（债务）问题#报警电话:153****9640,物业管理纠纷,消费纠纷,0.9
SQW202505220407,来电称门口有一个自称是中介让他来开锁的师傅要开我家的门，我打中介电话不接，需要帮忙。186****7301 #非警务#纠纷事项#租赁问题#报警电话:186****7301,其他纠纷,其他纠纷,0.9
SQW202505220408,我在剪头发，把电瓶车停在门口，有人把我的电瓶车弄到了，导致电瓶车损坏，现在因为维修赔偿问题和对方有纠纷。158****5354 #非警务#纠纷事项#经济（债务）问题#报警电话:158****5354,经济纠纷,消费纠纷,0.9
SQW202505220409,对方故意把货物放在我车子前面，堵住我的路，现双方引起纠纷，需要处理，报警人电话：152****1200 #非警务#纠纷事项#其他纠纷事项#报警电话:152****1200,经济纠纷,街面秩序,0.9
SQW202505220410,我在这里买了一辆二手车，现因为贷款利率问题引起纠纷，要求处理，报警人电话：173****0420 #非警务#纠纷事项#经济（债务）问题#报警电话:173****0420,金融纠纷,消费纠纷,0.9
SQW202505220411,债务问题，双方有纠纷  187****8193 #非警务#纠纷事项#经济（债务）问题#报警电话:187****8193,债务纠纷,债务纠纷,0.9
SQW202505220412,因为刚才我出小区的时候，没有让对方逆向进小区的车，他现在堵着我的车不让，电话188****8686 #非警务#纠纷事项#其他纠纷事项#报警电话:188****8686,邻里纠纷,交通事故纠纷,0.9
SQW202505220413,摆摊的商家报：对方把钱借给我老婆了，我不知道这个事情，对方一定要跟着我，引起纠纷137****3050 #非警务#纠纷事项#经济（债务）问题#报警电话:137****3050,债务纠纷,债务纠纷,0.9
SQW202505220501,"只说两家人有纠纷，对方把我家电切断了，引起打架，没有工具，人没事
2025-05-22 09:25:59，在石碶江淮4S店，民警到现场后，因公摊电费问题引起纠纷，没有打架，经协商，双方老板自行协商处理。（报警人乐艳琴：3606*****4725，手机号：153****1335；对方陈青：4301*****108X，手机号：158****0755）请街道和村社的工作人员关注该纠纷的后续情况。",经济纠纷,其他纠纷,0.9
SQW202505220502,"因为工人的工资问题引起，对方用拳头打我，不要救护车
2025-05-22 09:38:31，在栎社联丰农贸菜场对面停车场，民警到现场后，经了解，葛庆芳是给徐梦涛干活的，早上向徐梦涛要工资之事，葛庆芳在徐梦涛车里不下车，徐梦涛拉其下车后葛庆芳就动手打了徐梦涛脸部一拳，造成右侧面部软组织稍肿胀。经调解，双方自行协商，葛庆芳向徐梦涛赔礼道歉。双方自愿和解，徐梦涛受伤自行负责，已签调解书。（报警人徐梦涛：3307*****5310，手机号：181****1929；对方葛庆芳：3326*****6016，手机号：130****7980；对方葛海芳：3326*****0616，手机号：130****7980）请街道和村社的工作人员关注该纠纷的后续情况。",经济纠纷,劳动人事（就业）纠纷,0.9
SQW202505220503,"外公来电，因家庭矛盾，孩子（13岁，男，脾气暴躁，会拿拖把和凳子等）动手打妈妈，120不要
2025-05-22 18:27:19，在香梅家园一期3幢503，民警到现场后，小孩和家长因家庭矛盾引起，没有动手，经调解，小孩子已写保证书，会好好对妈妈，不会有下次。（报警人虞志君：3302*****6136，手机号：158****5039；当事人虞燕儿：3302*****6344，手机号：139****6155；其儿子胡以凡，3302*****6333）请街道和村社的工作人员关注该纠纷的后续情况。请街道和村社的工作人员关注该纠纷的后续情况。",治安隐患纠纷,家庭婚姻纠纷,0.9
SQW202505230001,顾客来电称有纠纷，拿刀还出血了，后询问得知店家给其修甲的时候，用指甲锉刀把他锉出血了，120不用，店家态度很不好，需要调解187****0222 #非警务#纠纷事项#消费问题#报警电话:187****0222,消费纠纷,消费纠纷,0.9
SQW202505230002,这里有两个司机相互不让，堵着需要协调，报警人电话：156****8821 #非警务#纠纷事项#其他纠纷事项#报警电话:156****8821,其他纠纷,交通事故纠纷,0.9
SQW202505230003,#长效关注#有人在楼道里养狗，影响正常生活131****9456 #非警务#纠纷事项#邻里问题#报警电话:131****9456,邻里纠纷,狗患纠纷,0.9
SQW202505230004,老板拖欠工资不肯付，有劳资纠纷。报警人电话：183****2354 #非警务#纠纷事项#劳资问题#报警电话:183****2354,劳动人事（就业）纠纷,劳动人事（就业）纠纷,0.9
SQW202505230005,我们委托第三方进行物品拍卖，买方有误解，双方起纠纷。报警人电话：136****0509 #非警务#纠纷事项#消费问题#报警电话:136****0509,经济纠纷,消费纠纷,0.9
SQW202505230006,买二手车贷款做不下来，现在5000元定金不退引起纠纷，报警人现在不在现场173****0420 #非警务#纠纷事项#消费问题#报警电话:173****0420,经济纠纷,消费纠纷,0.9
SQW202505230007,买二手车贷款做不下来，现在5000元定金不退引起纠纷，报警人现在不在现场173****0420 #非警务#纠纷事项#消费问题#报警电话:173****0420,经济纠纷,消费纠纷,0.9
SQW202505230008,我的快递被人误拿了，对方不肯还回来，报警人电话：139****8160 #非警务#纠纷事项#物流（快递）问题#报警电话:139****8160,消费纠纷,消费纠纷,0.9
SQW202505230009,我的快递被人误拿了，对方不肯还回来，报警人电话：139****8160 #非警务#纠纷事项#物流（快递）问题#报警电话:139****8160,消费纠纷,消费纠纷,0.9
SQW202505230010,来电称之前也多次报过警，我们租用的场地还未到期，就被人弄的乱七八糟，现对方的挖机一直停在我们场地内不肯开走，156****6558 #非警务#纠纷事项#租赁问题#报警电话:156****6558,经济纠纷,其他纠纷,0.9
SQW202505230011,我们租用的场地还未到期，就被人弄的乱七八糟，现对方的挖机一直停在我们场地内不肯开走，报警人电话：156****6558 #非警务#纠纷事项#租赁问题#报警电话:156****6558,经济纠纷,其他纠纷,0.9
SQW202505230012,来电称有人吵架，随后电话挂断，回拨联系报警人称我是房东，我和租客因为退房子的事情在吵架，需要处理。139****1362 #非警务#纠纷事项#租赁问题#报警电话:139****1362,经济纠纷,其他,0.7
SQW202505230013,我叫了一辆货拉拉，货没收到，货拉拉司机就让我付钱，137****4847 #非警务#纠纷事项#消费问题#报警电话:137****4847,消费纠纷,消费纠纷,0.9
SQW202505230014,我的场地被堵住了，因合同纠纷。报警人电话：188****3229 #非警务#纠纷事项#其他纠纷事项#报警电话:188****3229,其他纠纷,其他纠纷,0.9
SQW202505230015,#长效关注#出租车（不清楚车牌）堵路，车主在家里故意不来移车，我在对方家门口，引起纠纷。186****8909 #非警务#纠纷事项#邻里问题#报警电话:186****8909,公共秩序纠纷,邻里纠纷,0.9
SQW202505230016,我的轿车在4S店里面，因为对方没有在规定时间内给我修理好，现在与4S店因为补偿问题产生纠纷。187****3192 #非警务#纠纷事项#消费问题#报警电话:187****3192,经济纠纷,消费纠纷,0.9
SQW202505230017,租房现在要退租，之前说好的可以退押金，现在不给我退押金，联系中介不理我。199****0956 #非警务#纠纷事项#租赁问题#报警电话:199****0956,经济纠纷,消费纠纷,0.9
SQW202505230018,我找对方买车，现在一直没有收到我的车，但我的贷款已经过去了，我现在在对方店门口，需要处理。报警人电话159****9780 #非警务#纠纷事项#消费问题#报警电话:159****9780,经济纠纷,消费纠纷,0.9
SQW202505230019,#长效关注#邻居砸我家门，引起纠纷，具体原因不清楚。159****7851 #非警务#纠纷事项#邻里问题#报警电话:159****7851,邻里纠纷,邻里纠纷,0.9
SQW202505230020,#长效关注#隔壁邻居装的监控正对我家门口，现要求处理，报警人电话：183****5321 #非警务#纠纷事项#邻里问题#报警电话:183****5321,邻里纠纷,邻里纠纷,0.9
SQW202505230501,"我让快递员送货上门，对方辱骂我，还说我家里是不是死人了。刚刚他说让我身份证准备好，准备要送货上门，现担心其对我做出什么过激行为。
   2025-05-23 10:25:45，民警到达庄湾沁园4幢1304现场后，报警人称对方骂他，民警将双方带回所调解，现经调解对方给报警人道歉，双方和解并签下和解书。（报警人耿婷婷，3412*****2166，158****9960）（对方刘贤斌，3604*****2715，159****4189）
请街道和村社的工作人员关注该纠纷的后续情况。",经济纠纷,口角琐事纠纷,0.9
SQW202505230502,"来电争吵声，具体地址和事情报警人说不清楚  
2025-05-23 11:05:47，民警到海曙雅戈尔江上花园靠近旁边的工地现场，双方是工友关系，经民警了解对方在宿舍里吐痰故双方引起纠纷，后民警将双方带回所调解，并在双方领导的见证下，报警人答应赔偿对方两天务工费看医生的费用，双方和解并签下和解书。（报警人周剑，4329*****0837，157****6988）（对方冯国强，4129*****6553，199****8776）
请街道和村社的工作人员关注该纠纷的后续情况。",经济纠纷,劳动人事（就业）纠纷,0.9
SQW202505230503,"因为车库的问题，业主拿雨伞打我，未受伤 
 2025-05-23 15:54:34  民警到南江绿苑物业室，因对方周东成去物业处沟通车库电线维系事宜，与物业工作人员杨赛清发生口角，后周东成拿雨伞戳了杨赛清面前的电脑，造成电脑显示屏损坏，电脑倒下时砸到杨赛清胸前，经民警将双方带所调解，周东成自愿赔偿杨赛清医药费200元，电脑损坏费用500元，共计人民币700元，已签调解书。（报警人杨赛清，4323*****5045，手机号153****2819和137****5692；对方周东成，3302*****6330，手机号130****0434）
请街道和村社的工作人员关注该纠纷的后续情况。",经济纠纷,损害赔偿纠纷,0.9
SQW202505230504,"我前夫把我家里的水关了，现双方引起纠纷，要求民警处理。 
  2025-05-23 18:27:21，民警到后仓老年协会旁边古老树下124-1现场，双方是前夫妻关系，因报警人怀疑对方其家里水管关了引起口角，对方称没有关过，现经民警调解报警人重新把水管接一下，不从其前夫家里通过了。（报警人虞春香，3408*****4045，132****2753）（对方金烈响，3310*****2779，130****9895）
请街道和村社的工作人员关注该纠纷的后续情况。",公共秩序纠纷,家庭婚姻纠纷,0.9
SQW202505230505,"我车子的玻璃上被贴了很大一张纸，撕不掉。 
 2025-05-23 19:11:36，民警到都新村停车场现场，因张锦鹏将车停在小区过道上，导致郑文斌车辆开不过去，后郑文斌就将禁止停车的不干胶贴纸粘在张锦鹏的车窗上，现经民警带所调解，双方自愿和解，已签调解书。（报警人张锦鹏，3310*****0313，手机号159****7336；对方郑文斌，3302*****6359，手机号130****1121）
请街道和村社的工作人员关注该纠纷的后续情况。",公共秩序纠纷,邻里纠纷,0.9
SQW202505230506,"来电称老公打我妈，用电风扇 ，人还好，120不要。  
2025-05-23 19:28:35   民警到石碶鄞江住宅小区2栋101，当事人双方是夫妻关系，因房租之事发生争执，后葛威用电风扇砸了老婆郑玲玲头部，造成郑玲玲头部肿包，经民警带所，已对葛威开具家暴告诫书。（报警人葛思贝，3302*****6348，手机号186****1298；当事人郑玲玲，3302*****6348，186****8267）（葛威，3203*****3256，186****8688）
请街道和村社的工作人员关注该纠纷的后续情况。",公共秩序纠纷,家庭婚姻纠纷,0.9
SQW202505230507,"朋友喝醉酒无故动手打我，无需120  
2025-05-23 21:09:13，民警到石碶北渡村大礼堂现场，双方是男女朋友关系，是其男朋友酒喝多了，双方交谈时发生口角，人没事，现经民警沟通，双方已和解。（报警人陈绪菊，4331*****0020，152****1530）（对方李安成，4109*****4031，199****8916）
请街道和村社的工作人员关注该纠纷的后续情况。",治安隐患纠纷,口角琐事纠纷,0.9
SQW202505230508,"我姐夫（电话180****4617）和姐姐在打架，具体情况不清楚，120暂时不需要，报警人最开始称在吵架，后又称打架，请民警核实情况
  2025-05-23 21:12:34，民警到海曙轻纺城华润万家洛兹品格公寓现场，报警人是当事人的朋友，担心当事人吵架会影响到小孩，经了解当事人双方是夫妻因小孩教育问题引起口角，现场没有打架情况，现经民警调解双方已和解。（报警人马日布，5134*****6215，183****3214）（当事人安子日且，534****9105134411，180****4617；马阿呷，5134*****6224，180****0651）
请街道和村社的工作人员关注该纠纷的后续情况。",治安隐患纠纷,家庭婚姻纠纷,0.9
SQW202505230509,"报警人称因为车款的问题双方有纠纷，快打起来了，120不需要，双方都没有工具   
2025-05-23 18:25:28  民警到欣银宾馆门口，是买车货款纠纷，现双方已自行协商处理，协商不下走司法途径。（报警人王雪娟，3413*****8021，手机号158****2785；对方晏珍珍，4127*****3887，手机号159****9780）
请街道和村社的工作人员关注该纠纷的后续情况。",治安隐患纠纷,消费纠纷,0.9
SQW202505240001,#长效关注#隔壁邻居因为很多年前的事情，现在在门口骂我，158****5605 #非警务#纠纷事项#邻里问题#报警电话:158****5605,邻里纠纷,邻里纠纷,0.9
SQW202505240002,对方欠了我600元欠了七年，现在双方碰到了，有纠纷，151****4749 #非警务#纠纷事项#经济（债务）问题#报警电话:151****4749,债务纠纷,债务纠纷,0.9
SQW202505240003,我是生产线的员工，领导他们和我吵架，报警人称不清楚原因，报警人地址不清楚，请先与报警人电话联系。 #非警务#纠纷事项#劳资问题#报警电话:158****5463,劳动人事（就业）纠纷,劳动人事（就业）纠纷,0.9
SQW202505240004,#长效关注#之前也报过警，今天又跟我老婆吵架了。 152****7458 #非警务#纠纷事项#家庭婚姻感情问题#报警电话:152****7458,家庭婚姻纠纷,家庭婚姻纠纷,0.9
SQW202505240005,#长效关注#之前也报过警，因为隔壁家装修渗水到我家，今天他们还把装修的垃圾扔进我家院子里，双方在一起有纠纷，133****3856 #非警务#纠纷事项#邻里问题#报警电话:133****3856,邻里纠纷,邻里纠纷,0.9
SQW202505240006,#长效关注#之前也报过警，因为隔壁家装修渗水到我家，今天他们还把装修的垃圾扔进我家院子里，双方在一起有纠纷，133****3856 #非警务#纠纷事项#邻里问题#报警电话:133****3856,邻里纠纷,邻里纠纷,0.9
SQW202505240007,我是来送东西的，物业人员把我的电瓶车锁起来了，问其原因报警人不愿说，来电需要处理。173****3570 #非警务#纠纷事项#物业管理问题#报警电话:173****3570,物业管理纠纷,物业管理纠纷,0.9
SQW202505240008,代驾司机来电：对方喝多了，说我绕路，需要处理188****1674 #非警务#纠纷事项#司乘（代驾）问题#报警电话:188****1674,消费纠纷,消费纠纷,0.9
SQW202505240009,193****4873，我是送外卖的，电瓶车开进去下来后发现被保安锁了 #非警务#纠纷事项#物业管理问题#报警电话:193****4873,消费纠纷,物业管理纠纷,0.9
SQW202505240010,#长效关注#邻居没经过我家同意，在敲我家房顶，敲掉了我家的水管，具体原因说不清，现报警人不在现场，家中只有老人在，报警人老公现在赶去的路上。报警人：138****8787 #非警务#纠纷事项#邻里问题#报警电话:138****8787,邻里纠纷,邻里纠纷,0.9
SQW202505240011,我来这里租电瓶车，我签的的合同和线上的合同不一样，有疑问188****4697 #非警务#纠纷事项#物流（快递）问题#报警电话:188****4697,经济纠纷,消费纠纷,0.9
SQW202505240012,有客户在我这里修车一直付不钱，人在的需要处理153****3252 #非警务#纠纷事项#消费问题#报警电话:153****3252,经济纠纷,消费纠纷,0.9
SQW202505240013,我租车交了6000元的押金，我开了一周，现在不租了，对方要把我所有的钱扣完有纠纷。175****8269 #非警务#纠纷事项#租赁问题#报警电话:175****8269,经济纠纷,消费纠纷,0.9
SQW202505240014,我的车停在门口，因停车费问题与4s店的工作人员有纠纷。报警人电话：188****1222 #非警务#纠纷事项#其他纠纷事项#报警电话:188****1222,经济纠纷,消费纠纷,0.9
SQW202505240015,我租了一辆车，现车子有问题，我跟租车公司的人说，他们让我自己维修，现产生纠纷。190****0972 #非警务#纠纷事项#租赁问题#报警电话:190****0972,经济纠纷,消费纠纷,0.9
SQW202505240016,我租了一辆车，现车子有问题，我跟租车公司的人说，他们让我自己维修，现产生纠纷。190****0972（19:16来电催促） #非警务#纠纷事项#租赁问题#报警电话:190****0972,经济纠纷,消费纠纷,0.9
SQW202505240017,有人故意用车堵住我的车不让我走，对方车主还在现场。188****7437 #非警务#纠纷事项#其他纠纷事项#报警电话:188****7437,经济纠纷,街面秩序,0.9
SQW202505240018,#长效关注#我老婆跟有妇之夫同居有纠纷。138****7877 #非警务#纠纷事项#家庭婚姻感情问题#报警电话:138****7877,情感纠纷,家庭婚姻纠纷,0.9
SQW202505240019,#长效关注#我老婆跟有妇之夫同居有纠纷。138****7877 #非警务#纠纷事项#家庭婚姻感情问题#报警电话:138****7877,情感纠纷,家庭婚姻纠纷,0.9
SQW202505240020,对方拖欠工资不给，有纠纷，153****0578 #非警务#纠纷事项#劳资问题#报警电话:153****0578,劳动人事（就业）纠纷,劳动人事（就业）纠纷,0.9
SQW202505240021,我们在这租了个场地，现有人随意在这倒垃圾，有纠纷，138****5792 #非警务#纠纷事项#其他纠纷事项#报警电话:138****5792,邻里纠纷,其他纠纷,0.9
SQW202505240022,我在这里开了个房间不好，现在商家不让我换房间，双方协商不下。137****1777 #非警务#纠纷事项#劳资问题#报警电话:137****1777,消费纠纷,消费纠纷,0.9
SQW202505240023,我在这里开了个房间不好，现在商家不让我换房间，双方协商不下。137****1777 #非警务#纠纷事项#消费问题#报警电话:137****1777,消费纠纷,消费纠纷,0.9
SQW202505240024,我跟租车公司（地址：海曙雅戈尔大道486号）关于租车问题有纠纷，对方把我的轿车（浙B D75779)锁了，车子目前停在路边。176****5263 #非警务#纠纷事项#租赁问题#报警电话:176****5263,经济纠纷,消费纠纷,0.9
SQW202505240501,老年人报警，装修问题东西掉下来砸到人，报警人情绪激动，后称刚才也报过警（非警务）2025-05-24 14:00:13，民警到达石碶人民医院旁益智老路7号的现场，系对方单卫星（3302*****4113，180****6979）装修有小石子掉到报警人吴香利（3302*****6345，134****6030）家的顶棚上，没有人员受伤，现已让对方加强防护措施，已将邻里问题推送街道和村里关注处理。请街道和村社的工作人员关注该纠纷的后续情况。,经济纠纷,邻里纠纷,0.9
SQW202505250401,租车公司把我租的车锁了，现在不给我处理。134****2512 #非警务#纠纷事项#租赁问题#报警电话:134****2512,经济纠纷,消费纠纷,0.9
SQW202505250402,来电称店面从六点就开始装修，物业劝阻对方未果，我和对方吵架了，139****1667 #非警务#纠纷事项#其他纠纷事项#报警电话:139****1667,邻里纠纷,口角琐事纠纷,0.9
SQW202505250403,来电称店面从六点就开始装修，物业劝阻对方未果，我和对方吵架了，139****1667（7:19报警人来电催促） #非警务#纠纷事项#其他纠纷事项#报警电话:139****1667,邻里纠纷,口角琐事纠纷,0.9
SQW202505250404,租车公司把我租的车锁了，现在不给我处理。134****2512 #非警务#纠纷事项#租赁问题#报警电话:134****2512,经济纠纷,消费纠纷,0.9
SQW202505250405,网约车司机报：与乘客因为路线问题引起纠纷，现在不肯下车，具体位置报不清楚，请与报警人联系155****6582 #非警务#纠纷事项#司乘（代驾）问题#报警电话:155****6582,消费纠纷,消费纠纷,0.9
SQW202505250406,我找兼职租了对方电瓶车，但是没有拿钥匙和电瓶车，现在每个月要从我支付宝扣钱，有纠纷157****1889 #非警务#纠纷事项#物流（快递）问题#报警电话:157****1889,经济纠纷,消费纠纷,0.9
SQW202505250407,155****7300 物业来电业主因停车费到期不续费，把灰色蔚来浙BD03944停在这里人走了，请与报警人联系 #非警务#纠纷事项#物业管理问题#报警电话:155****7300,物业管理纠纷,物业管理纠纷,0.9
SQW202505250408,租的车子有问题要退车，押金不退，有合同，双方在一起有纠纷190****0972 #非警务#纠纷事项#租赁问题#报警电话:190****0972,经济纠纷,消费纠纷,0.9
SQW202505250409,因为货款的事情，与老板娘有纠纷。189****3686 #非警务#纠纷事项#经济（债务）问题#报警电话:189****3686,债务纠纷,债务纠纷,0.9
SQW202505250410,我来这里消费，这里做的所有项目都存在欺骗消费者的行为，现与商家引起纠纷，电话133****5166 #非警务#纠纷事项#消费问题#报警电话:133****5166,消费纠纷,消费纠纷,0.9
SQW202505250411,188****6016报：客户的车辆拿来检测，轮胎有鼓包问题，现在顾客一定说经我们检测后鼓包更大了，让我们给他更换新的轮胎，现在在店里吵闹影响我们营业引起纠纷 #非警务#纠纷事项#其他纠纷事项#报警电话:188****6016,经济纠纷,消费纠纷,0.9
SQW202505250412,156****7597：我送外卖，因为取消订单问题有纠纷，需要处理 #非警务#纠纷事项#物流（快递）问题#报警电话:156****7597,消费纠纷,消费纠纷,0.9
SQW202505250413,136****4179中介来电和租客因服务费问题，有纠纷 #非警务#纠纷事项#租赁问题#报警电话:136****4179,经济纠纷,消费纠纷,0.9
SQW202505250414,有人不经过我同意就拍了我的照片，我要求对方删除，对方不肯删。需要调解186****1338 #非警务#纠纷事项#其他纠纷事项#报警电话:186****1338,其他纠纷,其他纠纷,0.9
SQW202505250415,#长效关注#4-5岁的小朋友骑自行车撞到2岁小朋友，口角流血，120不用，双方有纠纷 #非警务#纠纷事项#邻里问题#报警电话:158****5896,经济纠纷,邻里纠纷,0.9
SQW202505250416,租客不肯付房租说没钱，引起纠纷137****8002 #非警务#纠纷事项#租赁问题#报警电话:137****8002,经济纠纷,债务纠纷,0.9
SQW202505250417,我在这里租了房子，当时说好了住20几天的，现在我要退租，联系不上对方，报警人称租给自己房子的人不是房东，觉得自己被骗了，要求处理156****0079 #非警务#纠纷事项#租赁问题#报警电话:156****0079,经济纠纷,债务纠纷,0.9
SQW202505250418,#长效关注#两兄弟吵架了需要协调，报警人号码：130****8606 #非警务#纠纷事项#家庭婚姻感情问题#报警电话:130****8606,家庭婚姻纠纷,家庭婚姻纠纷,0.9
SQW202505250419,我是门岗，有个人要拿停车费发票，我让他明天去办公室拿，我这里没有，他不肯，现在在闹事，139****1925 #非警务#纠纷事项#物业管理问题#报警电话:139****1925,公共秩序纠纷,物业管理纠纷,0.9
SQW202505250420,辅助：我是门岗，有个人要拿停车费发票，我让他明天去办公室拿，我这里没有，他不肯，现在在闹事，139****1925 #非警务#纠纷事项#物业管理问题#报警电话:139****1925,公共秩序纠纷,物业管理纠纷,0.9
SQW202505250421,我是房东，楼上出租的理发店员工签了其女朋友钱，现其女朋友一直在敲我家门，需要处理，电话：139****6155 #非警务#纠纷事项#经济（债务）问题#报警电话:139****6155,邻里纠纷,债务纠纷,0.9
SQW202505250422,我和老板一起工作，现老板没有付小工工资，小工在这里不让我睡觉，有纠纷175****6687 #非警务#纠纷事项#劳资问题#报警电话:175****6687,劳动人事（就业）纠纷,劳动人事（就业）纠纷,0.9
SQW202505250423,找了一辆网约车，司机开错路了引起纠纷。138****5319 #非警务#纠纷事项#司乘（代驾）问题#报警电话:138****5319,消费纠纷,消费纠纷,0.9
SQW202505250501,2025-05-25 09:12:44，因口角纠纷，对方想动手，被人拦住了，120不要，电话背景音争吵激烈，具体原因报警人不肯告知。民警到达轻纺城左二区101号，是双方因为误会引起口角纠纷，经民警带所调解，双方自愿和解并签下和解书。（报警人陈其英，3421*****6023，136****7271；对方程力华，3415*****5211，183****7294）请街道和村社的工作人员关注该纠纷的后续情况。,治安隐患纠纷,口角琐事纠纷,0.9
SQW202505250502,2025-05-25 10:58:51，我爸爸拿凳子和手打我，现在手里没有工具，但是情绪很激动，120不用。民警到达旺源雅苑21幢407，是因为物业费的事情引起纠纷，民警已带所调解，经调解，双方自愿和解并签下和解书。（当事人陈位民，3302*****6136，187****7421；当事人胡方琴，3302*****6140，183****6560）请街道和村社的工作人员关注该纠纷的后续情况。,公共秩序纠纷,家庭婚姻纠纷,0.9
SQW202505250503,2025-05-25 11:32:05，有人恶意别停我，堵着我，动手把我车门砸了。报警人称因为车子急刹的事情引起，已让报警人自行来所反应情况。后续：双方在车子行驶途中因急刹问题发生纠纷，双方相互动手，经来所调解，双方自愿和解并签下和解书，各自承担各自医药费、损失费。（报警人：李克，3723*****0016，136****9217，对方：卢粮，3412*****5111，133****2378）请街道和村社的工作人员关注该纠纷的后续情况。,经济纠纷,损害赔偿纠纷,0.9
SQW202505260401,因为工资问题有纠纷，老板还把我的东西压在这不还我，双方在一起，192****6173 #非警务#纠纷事项#劳资问题#报警电话:192****6173,劳动人事（就业）纠纷,劳动人事（就业）纠纷,0.9
SQW202505260402,这里拖欠工资未给，现还要违法解除劳动合同，引起纠纷，报警人电话：131****7816。 #非警务#纠纷事项#劳资问题#报警电话:131****7816,劳动人事（就业）纠纷,劳动人事（就业）纠纷,0.9
SQW202505260403,我在这里修车，现在不愿意修了，对方就骂我，产生纠纷，报警人电话：134****9147。 #非警务#纠纷事项#消费问题#报警电话:134****9147,经济纠纷,消费纠纷,0.9
SQW202505260404,有员工因为工资问题来公司，引起纠纷，需要协调。182****6065 #非警务#纠纷事项#劳资问题#报警电话:182****6065,劳动人事（就业）纠纷,劳动人事（就业）纠纷,0.9
SQW202505260405,刚刚因为与公司有劳资纠纷的事情报过警，现来电称需要派出所民警协助处理，报警人电话：182****6065 #非警务#纠纷事项#劳资问题#报警电话:182****6065,劳动人事（就业）纠纷,劳动人事（就业）纠纷,0.9
SQW202505260406,这里有人因为换轮胎价格问题引起纠纷。197****0146 #非警务#纠纷事项#消费问题#报警电话:197****0146,经济纠纷,消费纠纷,0.9
SQW202505260407,我在这里买到不好的电瓶车，老板不愿意退，产生纠纷，报警人电话：132****2417 #非警务#纠纷事项#消费问题#报警电话:132****2417,消费纠纷,消费纠纷,0.9
SQW202505260408,我们10多个人要不到工资，情绪还好，有纠纷需要处理。136****9582 #非警务#纠纷事项#劳资问题#报警电话:136****9582,劳动人事（就业）纠纷,劳动人事（就业）纠纷,0.9
SQW202505260409,因顾客还不起车贷，我们把车拖走了，现顾客在拍桌子，吵闹，产生纠纷。159****8613 #非警务#纠纷事项#消费问题#报警电话:159****8613,经济纠纷,消费纠纷,0.9
SQW202505260410,我们10多个人要不到工资，情绪还好，有纠纷需要处理。136****9582。（后来电称需要再次处理，不然就要拉东西） #非警务#纠纷事项#劳资问题#报警电话:136****9582,劳动人事（就业）纠纷,劳动人事（就业）纠纷,0.9
SQW202505260411,报警人来电称因为劳资问题与该公司有纠纷，需要处理，报警人电话：150****8159 #非警务#纠纷事项#劳资问题#报警电话:150****8159,劳动人事（就业）纠纷,劳动人事（就业）纠纷,0.9
SQW202505260412,我老婆来这里做医美，还推荐我们贷款，现在我和工作人员有纠纷，联系电话138****0692 #非警务#纠纷事项#消费问题#报警电话:138****0692,消费纠纷,消费纠纷,0.9
SQW202505260413,这里有顾客对我们给其做的医美不满意，现在在店内大吵大闹，双方引起纠纷，报警电话187****1106 #非警务#纠纷事项#消费问题#报警电话:187****1106,消费纠纷,消费纠纷,0.9
SQW202505260414,房东不退押金，现要报警，联系电话198****1305 #非警务#纠纷事项#租赁问题#报警电话:198****1305,经济纠纷,债务纠纷,0.9
SQW202505260415,因贴膜问题引起纠纷，双方都在现场，需要处理，报警电话：183****8567 #非警务#纠纷事项#消费问题#报警电话:183****8567,其他纠纷,消费纠纷,0.9
SQW202505260416,吵架 #非警务#纠纷事项#司乘（代驾）问题#报警电话:191****5167,口角琐事纠纷,口角琐事纠纷,0.9
SQW202505260417,我买了一批货，质量有问题，与对方产生纠纷，报警人电话：158****9874 #非警务#纠纷事项#消费问题#报警电话:158****9874,消费纠纷,消费纠纷,0.9
SQW202505260418,我在这里租的网约车押金不退给我，引起纠纷，电话178****2504。 #非警务#纠纷事项#租赁问题#报警电话:178****2504,消费纠纷,消费纠纷,0.9
SQW202505260419,工作人员来电：因工资问题引起，员工拿走U盾，双方在一起有纠纷   135****4056 #非警务#纠纷事项#劳资问题#报警电话:135****4056,劳动人事（就业）纠纷,劳动人事（就业）纠纷,0.9
SQW202505260420,我在水果店买水果，发现缺斤少两引起纠纷188****1901 #非警务#纠纷事项#消费问题#报警电话:188****1901,消费纠纷,消费纠纷,0.9
SQW202505260421,因为口角问题，对方态度很差说无法给我移车，引起纠纷150****3157 #非警务#纠纷事项#其他纠纷事项#报警电话:150****3157,口角琐事纠纷,口角琐事纠纷,0.9
SQW202505260501,"报警人来电称员工和老板打起来了，具体原因和现场情况不清楚，救护车不用。
2025-05-26 08:37:19，在后仓骑通工业区2栋2楼，民警到现场后，非警务工作人员已处理好。因拖欠工资还要解除劳动合同引起，现场没有打架，经协商，走司法途径处理。（当事人梁建康：411****9910535094，手机号：131****7816；老板日本人:HIROSHI HAMADA）
请街道和村社的工作人员关注该纠纷的后续情况。",治安隐患纠纷,劳动人事（就业）纠纷,0.9
SQW202505260502,"前男友骚扰我，吵架引起打架，衣服扯坏了，不要120。2025-05-26 13:02:02，民警到达纯湖海鲜食府，报警人称跟前男朋友纠纷，但是只有报警人一方在现场，自述也没有被打。如有需要再向我所求助。（报警人严爱香，3623*****4224，158****5233）
请街道和村社的工作人员关注该纠纷的后续情况。",经济纠纷,情感纠纷,0.9
SQW202505260503,"我婆婆和一个老头在一起很多年，对方还没离婚，现在对方子女找上门吵架，有纠纷
2025-05-26 18:56:11，在栎社街联丰桥头71号，民警到现场后，经了解，老太太和对方在一起二十年，今天老太太不想回家引起，现已把老人劝回家，双方儿女各自管好自家老人。（报警人张爱明：3302*****633X，手机号：137****5565；对方杨红辉：3302*****6156，手机号：130****2623）
请街道和村社的工作人员关注该纠纷的后续情况。",公共秩序纠纷,情感纠纷,0.9
SQW202505270001,滴滴司机报：因乘客不满意我的服务不肯下车有纠纷130****0890 #非警务#纠纷事项#司乘（代驾）问题#报警电话:130****0890,消费纠纷,消费纠纷,0.9
SQW202505270002,因工资问题，双方发生纠纷158****6270 #非警务#纠纷事项#劳资问题#报警电话:158****6270,劳动人事（就业）纠纷,劳动人事（就业）纠纷,0.9
SQW202505270003,因工资问题，双方发生纠纷158****6270（辅助下单，来电催促到场） #非警务#纠纷事项#劳资问题#报警电话:158****6270,劳动人事（就业）纠纷,劳动人事（就业）纠纷,0.9
SQW202505270004,#长效关注#隔壁邻居装修掀开了我的天沟，导致我家漏水，引起纠纷，133****3856 #非警务#纠纷事项#邻里问题#报警电话:133****3856,邻里纠纷,邻里纠纷,0.9
SQW202505270005,我要去慈溪，鲁BL0133  司机将我放这里了引起纠纷，报警人电话：153****4158 #非警务#纠纷事项#司乘（代驾）问题#报警电话:153****4158,消费纠纷,消费纠纷,0.9
SQW202505270006,昨天卖了个手机，现在顾客过来说手机有问题，引起吵架。131****3716 #非警务#纠纷事项#消费问题#报警电话:131****3716,消费纠纷,消费纠纷,0.9
SQW202505270007,#长效关注#隔壁邻居称我们家装修对他们家有影响，不让我们装修，有纠纷，159****4534 #非警务#纠纷事项#邻里问题#报警电话:159****4534,邻里纠纷,邻里纠纷,0.9
SQW202505270008,#长效关注#隔壁装修，影响到我家，导致我家瓷砖掉下来，有纠纷。132****5109 #非警务#纠纷事项#邻里问题#报警电话:132****5109,邻里纠纷,邻里纠纷,0.9
SQW202505270009,买了一个新手机，现在发现是假的，对方不肯退换，引起纠纷。188****6838（四平台未签收，已电告分局） #非警务#纠纷事项#消费问题#报警电话:188****6838,消费纠纷,消费纠纷,0.9
SQW202505270010,我是业主，我给钱了，但装修工人没有装修好引起纠纷137****3248 #非警务#纠纷事项#消费问题#报警电话:137****3248,消费纠纷,消费纠纷,0.9
SQW202505270011,21日我找律师帮我写材料，然后让我付1000元，叫我26号去拿材料，但材料没写钱也没退我，现在联系不上他了，产生纠纷，报警人138****4110（） #非警务#纠纷事项#经济（债务）问题#报警电话:138****4110,其他纠纷,消费纠纷,0.9
SQW202505270012,我的轿车停在车位里，但我不知道这是私家车位，对方现把故意轿车（浙BF39193，车主不在）堵在我的车前面，还让我移车，但我车开不出去。报警人电话：135****7432 #非警务#纠纷事项#其他纠纷事项#报警电话:135****7432,经济纠纷,邻里纠纷,0.9
SQW202505270013,我朋友把我车锁了有纠纷。电话：192****8756 #非警务#纠纷事项#其他纠纷事项#报警电话:192****8756,经济纠纷,其他纠纷,0.9
SQW202505270014,有人在路上卖了我个苹果手机，我觉得是假的有纠纷。电话：198****9905 #非警务#纠纷事项#消费问题#报警电话:198****9905,消费纠纷,消费纠纷,0.9
SQW202505270015,车子租赁公司，我是来面试的，本来面试的是公司里的驾驶员，现在让我跑滴滴，有纠纷。151****3998 #非警务#纠纷事项#其他纠纷事项#报警电话:151****3998,经济纠纷,劳动人事（就业）纠纷,0.9
SQW202505270016,我买车已经办理好了贷款，银行也已经放款，车商突然说要担保人，有纠纷178****9756 #非警务#纠纷事项#劳资问题#报警电话:178****9756,经济纠纷,消费纠纷,0.9
SQW202505270017,我在这边签了租车合同，现在对方联系不上130****9216 #非警务#纠纷事项#租赁问题#报警电话:130****9216,经济纠纷,消费纠纷,0.9
SQW202505270018,我（在湖北）在这个公司（电话158****9996）订了货，钱都给了，对方5月20日说已经发货了，但是我一直没收到，对方还联系得上，电话134****5551 #非警务#纠纷事项#消费问题#报警电话:134****5551,消费纠纷,消费纠纷,0.9
SQW202505270019,因工资问题，离职的员工把公司银行卡、营业执照和公章拿走，双方现在还在现场。现场工作人员电话：135****4056。报警人电话：182****6065 #非警务#纠纷事项#劳资问题#报警电话:182****6065,劳动人事（就业）纠纷,劳动人事（就业）纠纷,0.9
SQW202505270020,老板拖欠我工资，现有纠纷需要处理，报警人电话：173****6635 #非警务#纠纷事项#劳资问题#报警电话:173****6635,劳动人事（就业）纠纷,劳动人事（就业）纠纷,0.9
SQW202505270021,我来收购西瓜，我要求对方摘下来的西瓜要留两片叶子，但对方没留，我现在不要了，对方拦着我的车子不让走，引起纠纷。152****3000 #非警务#纠纷事项#经济（债务）问题#报警电话:152****3000,经济纠纷,消费纠纷,0.9
SQW202505270022,电瓶车租来一天出现质量问题，对方不肯修车也不肯退押金，我们在店里对方不肯过来。133****7643 #非警务#纠纷事项#租赁问题#报警电话:133****7643,经济纠纷,消费纠纷,0.9
SQW202505270023,下午已经报过警，因工资问题，离职的员工再次把公司里的银行卡、营业执照和公章拿走，双方现在还在现场，需要再次处理。现场工作人员电话：135****4056。报警人电话：182****6065 #非警务#纠纷事项#劳资问题#报警电话:182****6065,劳动人事（就业）纠纷,劳动人事（就业）纠纷,0.9
SQW202505270024,物业报警，业主因为停车费问题在这里闹，要求处理，报警人电话：186****4914 #非警务#纠纷事项#物业管理问题#报警电话:186****4914,物业管理纠纷,物业管理纠纷,0.9
SQW202505270501,早上十点左右有个顾客因为手机的问题推了我们工作人员，现在胳膊疼。早上有报过警，现要求民警处理对方推人的这个事情。2025-05-27 12:48:45  民警到轻纺城雅戈尔大道华为手机店，早上因手机质量问题非警务出过警，对方已离开，经民警了解，是对方买手机的时候跟工作人员因未沟通清楚发生口角，顾客骂了工作人员并推了工作人员手臂一下，去医院检查过没有受伤，现民警已跟店家及当事人沟通，顾客骂人行为属于个人素质问题，不涉及治安处罚，后店长及工作人员称后续对方来换手机时自行沟通处理。（店长李高鹏，3310*****0818，手机号135****3214）请街道和村社的工作人员关注该纠纷的后续情况。,经济纠纷,消费纠纷,0.9
SQW202505270502,来电有争吵声，称有人抢遥控器，后称要打架了没有拿工具，具体原因不肯说，电话中一直争吵。2025-05-27 13:26:06  民警到石碶石源路香梅家园里面，报警人是物业经理，经了解是业主跟保安因车辆进出问题产生口角，业主将道闸遥控器拿走后离开，业主姐姐还在现场，现经民警沟通，业主姐姐称会将道闸遥控器拿回，保安表示同意。（报警人朱建文，3425*****1519，手机号139****1849；业主姐姐施燕阳，3302*****6246，手机号135****6087；保安赵威国，2310*****3119，手机号173****7786）请街道和村社的工作人员关注该纠纷的后续情况。,治安隐患纠纷,公共秩序纠纷,0.9
SQW202505270503,来电称有两夫妻来打我，具体情况说不清楚，双方一直在争执。2025-05-27 16:30:24  民警到东杨村96-3号，是邻里因种菜问题引起吵架，没有动过手，现经民警沟通，双方已和解。（报警人郑永宝，3302*****6150，手机号133****2201；对方杨仁元，手机号139****6589）请街道和村社的工作人员关注该纠纷的后续情况。,公共秩序纠纷,邻里纠纷,0.9
SQW202505270504,2个人因停车问题在打架，手上拿着撬棍，不需要120.2025-05-27 18:30:39  民警到雅源路雅戈尔仓库，因停车问题引起口角，没有动过手，民警已现场调解。（报警人于红亮，2224*****0016，手机号136****1567；对方田钊，4331*****5734，手机号177****6906）请街道和村社的工作人员关注该纠纷的后续情况。,治安隐患纠纷,口角琐事纠纷,0.9
SQW202505280001,浙BT1135出租车：乘客不肯支付车费，双方引起纠纷。报警人：138****7006 #非警务#纠纷事项#消费问题#报警电话:138****7006,消费纠纷,消费纠纷,0.9
SQW202505280002,"浙BT1135出租车：乘客不肯支付车费，双方引起纠纷。报警人：138****7006
重复报警:报警时间:2025-05-28 00:32:26, 报警电话:138****7006, 联系电话:138****7006, #非警务#纠纷事项#司乘（代驾）问题#报警电话:138****7006",消费纠纷,消费纠纷,0.9
SQW202505280003,我来讨工资，双方有纠纷，182****0231 #非警务#纠纷事项#劳资问题#报警电话:182****0231,劳动人事（就业）纠纷,劳动人事（就业）纠纷,0.9
SQW202505280004,公寓管理员来电：有两个新疆人拖欠房租，需要派出所到场处理，街道工作人员已在现场处理。 #非警务#纠纷事项#租赁问题#报警电话:133****4728,经济纠纷,债务纠纷,0.9
SQW202505280005,对方欠了钱，一直不归还，现在找到对方135****8773 #非警务#纠纷事项#经济（债务）问题#报警电话:135****8773,债务纠纷,债务纠纷,0.9
SQW202505280006,对方放了一个冰柜售卖机在店里，转给对方2600元，有签过合同的，之前加了微信，现在联系不上对方了。130****1596 #非警务#纠纷事项#经济（债务）问题#报警电话:130****1596,经济纠纷,消费纠纷,0.9
SQW202505280007,我们来找工作，对方向我们收取保证金，说会退现不退，有纠纷159****8096 #非警务#纠纷事项#劳资问题#报警电话:159****8096,劳动人事（就业）纠纷,劳动人事（就业）纠纷,0.9
SQW202505280008,前夫在未经我同意的情况下把我的车当了，现在三个人在一起，有纠纷，134****2363 #非警务#纠纷事项#经济（债务）问题#报警电话:134****2363,经济纠纷,经济纠纷,0.9
SQW202505280009,我在这边干活，现在老板不发工资，我现在在公司门口引起纠纷158****5324 #非警务#纠纷事项#劳资问题#报警电话:158****5324,劳动人事（就业）纠纷,劳动人事（就业）纠纷,0.9
SQW202505280010,我在这边干活，现在老板不发工资，我现在在公司门口引起纠纷158****5324 #非警务#纠纷事项#劳资问题#报警电话:158****5324,劳动人事（就业）纠纷,劳动人事（就业）纠纷,0.9
SQW202505280011,我是物业，因为小区没有车位了，业主故意把车堵在门口。057****64328 #非警务#纠纷事项#物业管理问题#报警电话:057****64328,邻里纠纷,物业管理纠纷,0.9
SQW202505280501,我是旁人，因为劳资纠纷，有个女的要跳楼，具体不清。2025-05-28 12:57:33，民警到达骐通工业园区2号楼2楼的现场，系劳资问题引起，该女子（）在2楼窗户上做坐着已救下，现街道人员与司法局，劳资部门人员都在现场清算处理中，现女子情绪平稳，积极配合劳动部门处理。7,治安隐患纠纷,劳动人事（就业）纠纷,0.9
SQW202505280502,早上6点多，我朋友（女，吴锡红，3302*****8526，电话忘记了）在公园里跑步，然后在河边压腿的时候因为这个护栏不牢，导致她掉到河里了，现在明州医院急诊抢救，报警人不在现场，伤者表妹在现场137****4143.2025-05-28 09:32:32，民警到达明州医院的现场，系吴锡红坐在护栏链上休息，链子断了，导致她摔倒了，现在明州医院住院部10楼A区42床，无生命危险，住院观察，家属（陈亚佩，3302*****8549，137****4143）陪同。（当事人吴锡红，3302*****8526，136****8248）,经济纠纷,损害赔偿纠纷,0.9
SQW202505280503,我家是顶楼，楼顶装着中国移动的铁塔，我住了一年身体很多的不舒服，我认为有辐射，已经打过10086三次都没有解决问题。10086再不来处理，我就要剪掉移动的线，到时候你们公安不要管。（电话断了，已经回拨）2025-05-28 17:00:37，到达城南公馆8幢20单元1102室，报警人称觉得移动铁塔对自己有伤害，民警已跟其解释，不能做违法违规行为，如果觉得还设备有危害，可求助12345信访部门投诉。,经济纠纷,其他纠纷,0.9
SQW202505280504,来电称刚因为拖欠工资的事情报过警，事情要怎么解决，难道要我去死吗，后称工作人员来了，但联系不上对方，让我明天再报警，我明天要是还联系不上，让我去死吗？非要让我走极端途径吗？2025-05-28 19:00:11，民警到达雅戈尔大道599号博聪幼儿园旁边的京东仓库的现场，系报警人（季文龙，3422*****4419，1585649532）被拖欠工资未得到解决引发不当言论，带所教育，现已联系上老板（崔洋洋，4127*****2816，132****0725），已解决工资问题并对其批评教育，其表示知晓以后不会发表极端言论。,经济纠纷,劳动人事（就业）纠纷,0.9
SQW202505280505,家暴，我老公打我，询问地址，一男的一直在叫，后电话挂断，具体情况不详，回拨无法联系。2025-05-28 20:12:55，民警到达石碶冯家村锦绣公寓楼A附近的现场，系报警人（黎珍结，3408*****0843，191****7881）称老公（石华山，3408*****0834，139****5642）打我，经了解其是洗衣服引起纠纷，现已开具家暴告诫书。,经济纠纷,家庭婚姻纠纷,0.9
SQW202505280506,我老公打我，不用救护车，没工具。2025-05-28 20:35:52，民警到达阳光丽园18幢304的现场，系报警人（叶静，3411*****626x，157****9862）怀疑老公（王玉华，4114*****4233，185****8913）把钱转给了前妻引起吵架，互有推搡，因家里有三个孩子没办法带所调解，现场调解双方和解，已开具现场处结单。,治安隐患纠纷,家庭婚姻纠纷,0.9
SQW202505290401,钱的问题引起纠纷，具体不肯说什么钱，报警人电话：158****6812 #非警务#纠纷事项#经济（债务）问题#报警电话:158****6812,经济纠纷,债务纠纷,0.9
SQW202505290402,我去年九月份换的锁，现在锁坏了，店家不愿意叫师傅来维修，报警人不在现场，称出警先与其联系135****8809 #非警务#纠纷事项#消费问题#报警电话:135****8809,其他纠纷,消费纠纷,0.9
SQW202505290403,因上门安装费用问题，双方有纠纷  186****4358 #非警务#纠纷事项#消费问题#报警电话:186****4358,消费纠纷,消费纠纷,0.9
SQW202505290404,188****6838顾客来电了一个新手机，现在发现是假的，商家不肯退换，引起纠纷 #非警务#纠纷事项#消费问题#报警电话:188****6838,消费纠纷,消费纠纷,0.9
SQW202505290405,运费问题有车辆堵门，报警人电话：173****2080 #非警务#纠纷事项#物流（快递）问题#报警电话:173****2080,消费纠纷,消费纠纷,0.9
SQW202505290406,工资问题引起纠纷 130****1031 #非警务#纠纷事项#劳资问题#报警电话:130****1031,劳动人事（就业）纠纷,劳动人事（就业）纠纷,0.9
SQW202505290407,因为我身体受伤了不能开车，我要退押金，对方不肯    155****4498 #非警务#纠纷事项#物流（快递）问题#报警电话:155****4498,经济纠纷,消费纠纷,0.9
SQW202505290408,137****9465老板拖欠工资，负责人在现场，有纠纷 #非警务#纠纷事项#劳资问题#报警电话:137****9465,劳动人事（就业）纠纷,劳动人事（就业）纠纷,0.9
SQW202505290409,183****2260租客报：我们就住了三天，但是房东不退房租，双方没有合同，有纠纷 #非警务#纠纷事项#租赁问题#报警电话:183****2260,经济纠纷,消费纠纷,0.9
SQW202505290410,有个人来推销骚扰我们业主，我们保安驱赶了不走引起纠纷。057****64328 #非警务#纠纷事项#物业管理问题#报警电话:057****64328,邻里纠纷,物业管理纠纷,0.9
SQW202505290411,赶不上572的车，溪口派出所从千丈隘带出来了，后称车费纠纷 #非警务#纠纷事项#消费问题#报警电话:153****5700,其他纠纷,消费纠纷,0.9
SQW202505290412,辅助单：赶不上572的车，后称是车费纠纷153****5700 #非警务#纠纷事项#司乘（代驾）问题#报警电话:153****5700,消费纠纷,消费纠纷,0.9
SQW202505290413,叉车把我车子弄坏了，赔偿有纠纷159****5985 #非警务#纠纷事项#经济（债务）问题#报警电话:159****5985,经济纠纷,损害赔偿纠纷,0.9
SQW202505290414,我打了滴滴车，司机没有把我送到目的地，现在一直在路上开车132****5931 #非警务#纠纷事项#司乘（代驾）问题#报警电话:132****5931,消费纠纷,消费纠纷,0.9
SQW202505290501,2025-05-29 14:11:07，对方打我，具体信息不回答。民警到达洛兹广场停车场，报警人怀疑对方是其老公的情人，和其老公因为感情的事情引起口角纠纷，对方人不在现场，民警已将双方带所。后经民警调解，双方自愿和解并签调解书。（报警人吴丽，4210*****0084，137****0998；当事人吴启宏，3507*****6111，137****9845）请街道和村社的工作人员关注该纠纷的后续情况。,公共秩序纠纷,情感纠纷,0.9
SQW202505290502,2025-05-29 16:31:33，旁人报：两个人在打架，拿着铲子，好像因装监控引起的（紧急）。民警到达庄湾沁园9幢，双方因小区安装高空监控，工作人员在花坛埋监控线，业主觉得花坛被破坏引起口角纠纷，没有打架，现场没有工具，现民警已告知当事人向物业反映情况。（报警人周晶鑫，3306*****3821，178****7987；当事人王永明，3302*****8213，131****6867；对方何兆灿，5303*****0555，151****3115）请街道和村社的工作人员关注该纠纷的后续情况。,经济纠纷,口角琐事纠纷,0.9
SQW202505290503,2025-05-29 15:50:15，顺风车司机来电，乘客不肯取消订单，还掐我脖子，双方有纠纷。民警到达海曙区人民医院后面塘西新村13幢边上，是因为取消订单的事情引起纠纷，民警已将双方带所了解情况。后经民警调解，双方自愿和解并签调解书。（报警人汤国平，3325*****0010，135****5507；对方胡杰，3412*****2117，130****9170）请街道和村社的工作人员关注该纠纷的后续情况。,公共秩序纠纷,消费纠纷,0.9
SQW202505300401,2025-05-30 07:02:06，4个人（我家儿子也在内）拿棍子打架，已经跑了两个了。民警到达雅渡新村32幢楼下，是报警人的儿子和其朋友一起出去玩，报警人不同意引起口角，现场没有工具，现经民警调解，报警人称会自己管教小孩子。（报警人王素侠，3416*****3522，130****3235；当事人马卫国，3416*****3515）请街道和村社的工作人员关注该纠纷的后续情况。,治安隐患纠纷,口角琐事纠纷,0.9
SQW202505300402,"我和同事发生口角，后对方拿熨斗打我，具体原因报警人说不清楚，120不需要
2025-05-30 10:10:46，在万顺路288号，民警到现场后，同事之因工作引起口角纠纷，人没事，老板内部协商处理。（报警人吴海敏：3412*****6945，手机号：158****2835；对方李志：5130*****0317，手机号：132****0295；厂领导章月敏：3326*****2925，手机号：130****7631）请街道和村社的工作人员关注该纠纷的后续情况。",公共秩序纠纷,口角琐事纠纷,0.9
SQW202505300404,"我爸爸是货车司机，在卸货过程和现场的工作人员起了口角，后我爸爸被对方用手打了，120需要，报警人在赶往现场的路上
2025-05-30 16:37:38，民警到达伟楷服饰，因贾卫东去拉装货的车子，贾卫东与车间人员发生争吵，推搡，李圣军看见过去劝架时也推了贾卫东胸口一下，造成贾卫东胸口不舒服。经调解，李圣军自愿赔偿贾卫东医药费等所有费用一次性400元，已签调解书。（报警人贾瑶瑶，6104*****3617，186****3731；其爸爸贾卫东，6104*****3613，184****6018；对方李圣军，3302*****3018，150****3150；对方张锦文，3310*****293X，133****0204；负责人陈叶萍，3326*****4422，137****5571）请街道和村社的工作人员关注该纠纷的后续情况。",经济纠纷,损害赔偿纠纷,0.9
SQW202505300405,"买西瓜引起纠纷，后称对方打我腿了，具体位置请与报警人联系（再次来电补充地址：宁波一颗科技有限公司门口，谐音，说不清楚位置已三方石碶所）
2025-05-30 20:50:40，在栎社新桥头，民警到现场后，因买西瓜摔碎的事情产生沟通上的争议，没有打架，经调解，双方现场协商好。（报警人徐冬兰：3302*****0848，手机号：132****5611；对方周冬冬：4123*****9059，手机号：166****8588）请街道和村社的工作人员关注该纠纷的后续情况。",治安隐患纠纷,消费纠纷,0.9
SQW202505300406,"我老公出轨还家暴我，后称孩子（16岁）要拿菜刀砍人，刀已经放下
2025-05-30 19:44:02，在鄞江住宅1幢，民警到现场后，经了解，报警人怀疑老公出轨双方经常吵架，严重影响女儿，女儿今年要中考，情绪不太稳定，想去拿菜刀，但是没拿到，现场无人受伤，已带所调解。（后续：双方自愿和解，已签调解书。）（报警人朱红霞：3302*****5142，手机号：139****3700；对方马志威：3302*****889X，手机号：139****6588）请街道和村社的工作人员关注该纠纷的后续情况。",经济纠纷,家庭婚姻纠纷,0.9
SQW202505300501,无回应，回拨称因为停车费用与物业管理人员引起纠纷，需要处理 ，报警人电话：137****7890 #非警务#纠纷事项#物业管理问题#报警电话:137****7890,物业管理纠纷,物业管理纠纷,0.9
SQW202505300502,来电称去年一辆车拿过来修，现在车子被拆的乱七八糟，对方推来推去，现在我在这店里。130****5678 #非警务#纠纷事项#消费问题#报警电话:130****5678,经济纠纷,消费纠纷,0.9
SQW202505300503,充电站管理人员报警，浙BAT7700白色轿车司机停在我们营业场所，联系车主不肯挪车，还和我们吵架，需要处理。198****9870 #非警务#纠纷事项#物业管理问题#报警电话:198****9870,公共秩序纠纷,公共秩序纠纷,0.9
SQW202505300504,我在这里买了2台车子，现因为车子上不了牌，且没有任何资料，我要求退车，与工作人员有纠纷，报警人电话：133****5793 #非警务#纠纷事项#消费问题#报警电话:133****5793,经济纠纷,消费纠纷,0.9
SQW202505300505,我与对方公司有经济纠纷，现在对方有十几个人在这里影响我们正常工作，报警人电话：183****7541 #非警务#纠纷事项#经济（债务）问题#报警电话:183****7541,其他纠纷,经济纠纷,0.9
SQW202505300506,我之前在之类工作并缴纳了宿舍押金，现我离职了，老板不退我住宿押金，双方引起纠纷，需要处理，报警人电话：155****9870 #非警务#纠纷事项#劳资问题#报警电话:155****9870,经济纠纷,劳动人事（就业）纠纷,0.9
SQW202505300507,因管理人员随便进出我租的房子有纠纷，电话：159****1188。 #非警务#纠纷事项#租赁问题#报警电话:159****1188,经济纠纷,其他纠纷,0.9
SQW202505300508,网约车司机来电称客人掰坏我的车把手，现因赔偿问题协商不下，需要处理，报警人电话：186****3095 #非警务#纠纷事项#司乘（代驾）问题#报警电话:186****3095,消费纠纷,消费纠纷,0.9
SQW202505300509,员工未经我们允许拿手机对公司拍照摄像，现双方产生纠纷。156****5935 #非警务#纠纷事项#其他纠纷事项#报警电话:156****5935,其他纠纷,其他纠纷,0.9
SQW202505300510,158****3860报：我买车钱已经都交了，4S店的工作人员不让我把车开走，双方有纠纷 #非警务#纠纷事项#消费问题#报警电话:158****3860,经济纠纷,消费纠纷,0.9
SQW202505300511,#长效关注#我妻子以为我出轨，还把家里的东西给砸了，引起纠纷，130****5222 #非警务#纠纷事项#家庭婚姻感情问题#报警电话:139****6588,家庭婚姻纠纷,家庭婚姻纠纷,0.9
SQW202505300512,133****7685：有个工人和中介有纠纷，在这里坐着不走，还骂人，需要处理 #非警务#纠纷事项#劳资问题#报警电话:133****7685,治安隐患纠纷,劳动人事（就业）纠纷,0.9
SQW202505310001,前男友让我还钱，引起纠纷。139****5955 #非警务#纠纷事项#经济（债务）问题#报警电话:139****5955,债务纠纷,债务纠纷,0.9
SQW202505310002,我在这里做美容，我和工作人员有纠纷，需要调解。181****1227 #非警务#纠纷事项#消费问题#报警电话:181****1227,消费纠纷,消费纠纷,0.9
SQW202505310003,我们买汽车跟之前说的不一样，产生纠纷，报警人189****3863 #非警务#纠纷事项#消费问题#报警电话:189****3863,经济纠纷,消费纠纷,0.9
SQW202505310004,因为买车贷款的事情产生纠纷。182****2733 #非警务#纠纷事项#经济（债务）问题#报警电话:182****2733,债务纠纷,债务纠纷,0.9
SQW202505310005,老板拖欠工资不给。158****0152 #非警务#纠纷事项#劳资问题#报警电话:158****0152,劳动人事（就业）纠纷,劳动人事（就业）纠纷,0.9
SQW202505310006,之前租了这里的房子，没住，房东不给我退房租有纠纷。电话：199****8838 #非警务#纠纷事项#租赁问题#报警电话:199****8838,经济纠纷,消费纠纷,0.9
SQW202505310007,我是外卖员，我进小区送外卖，保安拦着我的电瓶车，不让我离开。156****2665 #非警务#纠纷事项#物业管理问题#报警电话:156****2665,消费纠纷,物业管理纠纷,0.9
SQW202505310008,有人找我来讨运费，现在拦着我不让我离开，双方有纠纷137****0218 #非警务#纠纷事项#经济（债务）问题#报警电话:137****0218,消费纠纷,债务纠纷,0.9
SQW202505310009,我是保安，有人不肯把车停到车库，现将车堵在这里，产生纠纷。153****8116 #非警务#纠纷事项#物业管理问题#报警电话:153****8116,邻里纠纷,物业管理纠纷,0.9
SQW202505310010,我是业主，有别的业主与物业有纠纷，现在把门堵住，我们出不去183****2755 #非警务#纠纷事项#物业管理问题#报警电话:183****2755,邻里纠纷,物业管理纠纷,0.9
SQW202505310011,上个月我找了一个水电工做活，现在发现他做的活有问题，对方不承认，我要报警，联系电话195****9310 #非警务#纠纷事项#消费问题#报警电话:195****9310,其他纠纷,消费纠纷,0.9
SQW202505310012,我来酒店开房间，酒店不给我开发票，引起纠纷。158****6994 #非警务#纠纷事项#消费问题#报警电话:158****6994,消费纠纷,消费纠纷,0.9
SQW202505310501,"对方牵着狗（有栓绳），狗扑人，狗爪子抓到人了，人还好，120不要
2025-05-30 20:45:48，在塘西中路72号，民警到现场后，王林峰的狗把解光星的老婆腿给抓伤引起口角，现将双方带所调解。（后续：王林峰向解光星赔礼道歉。解光星老婆被王林峰的狗抓伤以医院单为准。）（报警人解光星：3401*****6176，手机号：153****5077；对方李敏，5321*****0522，手机号：152****9863，对方老公王林峰：3306*****8415，手机号：153****0325）请街道和村社的工作人员关注该纠纷的后续情况。",经济纠纷,狗患纠纷,0.9
SQW202505310502,"室友报，跟我同住的两夫妻因为感情问题打起来，老公还拿着菜刀（紧急）
2025-05-30 23:19:00，民警到达栎社联丰田屋68号，双方因生活琐事发生争吵，现场无刀具，无人员受伤，经调解，双方自愿和解，已签调解书。（当事人罗健，5221*****3810，185****3530；其老婆袁淑芳，5221*****3820，130****8073）请街道和村社的工作人员关注该纠纷的后续情况。",经济纠纷,情感纠纷,0.9
SQW202505310503,"有人赖在我车里不走，需要派出所处理
2025-05-31 00:39:08，民警到达石碶洪渡菜场里面停车场，系双方经济纠纷，对方已从报警人车里下来，一方称没有欠钱，一方称对方欠钱，双方均已离开。（报警人吴长海，3623*****4331，192****8756；对方陈彦森，4127*****223X，136****0707）请街道和村社的工作人员关注该纠纷的后续情况。",公共秩序纠纷,债务纠纷,0.9
SQW202505310504,"出租车（浙B T3989）司机来电，乘客酒喝多吐我车上，引起纠纷
2025-05-31 00:50:34，民警到达黄隘雅苑门口，系乘客酒喝多吐车上，赔偿问题引起纠纷，现场调解赔偿100元，双方自行离开。（报警人司机李浩，3412*****1115，133****0985；乘客不肯登记）请街道和村社的工作人员关注该纠纷的后续情况。",经济纠纷,消费纠纷,0.9
SQW202505310505,"我爸爸要杀我妈妈，回拨挂机或通话中（查询推送
：尹雪丽， 4290*****4309，石碶街道石碶社区石碶老街久灵房产2号403室。）（查询推送：180****0107：[05-31 01:10:21][wtq3syg]商贸路与塘西中路交叉口西北100米 |）
2025-05-31 01:33:34，民警电话联系其家长尹雪丽，称二夫妻吵架，已无事，无需我所处理。后续去石碶老街久灵房产2号403室碰到尹雪丽，人是安全的。（报警人其孩子尹妙晨，3403*****2444，180****0107；其妈妈尹雪丽，4290*****4309，180****7805；其爸爸陈永翔，3403*****2450，180****7806）
请街道和村社的工作人员关注该纠纷的后续情况。",公共秩序纠纷,家庭婚姻纠纷,0.9
SQW202505310506,"前男友打我，不需要120，没有工具，我们在出租车浙BDT4230车上，需要处理
2025-05-31 03:17:22，民警到达鄞州大道亚朵酒店，双方因喝了酒打出租过程中发生口角，后苏超峰动手打了刘媛两个巴掌。经调解，双方自行协商，苏超峰自愿赔偿刘媛医药费等费用1500元，双方已和解，已签调解书。（报警人刘媛，3603*****7525，188****0733；对方苏超峰，3302*****6818，138****9536，司机郭有良，4127*****4953，131****1518）
请街道和村社的工作人员关注该纠纷的后续情况。",经济纠纷,治安隐患纠纷,0.9
SQW202505310507,"保洁报警：被业主因为垃圾的问题打了，无工具，脸被抓破了，救护车不需要。 
 2025-05-31 09:48:20  民警到江上花园北区小门，经民警了解双方因在小区内骑电瓶车行车问题引起纠纷，现经民警调解双方和解并签下和解书。（报警人田明翠，3406*****4823，手机号158****8536；对方俞夏法，3302*****3716，手机号183****1276）
请街道和村社的工作人员关注该纠纷的后续情况。",经济纠纷,口角琐事纠纷,0.9
SQW202505310508,"来电称吵架，后挂断，回拨称有人打我，具体不说挂断。 
  2025-05-31 10:18:16，民警到达万隆花园现场后，双方是邻里关系，因日常琐事双方发生口角，并发生肢体冲突，人无大碍，经民警将双方带所调解，双方自愿和解，以后互不干涉对方生活，已签调解书。（报警人汤亚利，3302*****6145，手机号177****6896；对方蒋安定，3302*****6138，手机号152****1007）
请街道和村社的工作人员关注该纠纷的后续情况。",经济纠纷,口角琐事纠纷,0.9
SQW202505310509,"因对方开垃圾车比较慢产生口角，对方两个人下车打了我，没有拿工具，不需要120，现双方已离开现场。 
  2025-05-31 22:22:20，民警到石碶宁波开元酒店现场，报警人称有人打他，经民警查看报警人处于醉酒状态，讲话也不清楚，没有打过架，现民警已劝说报警人回家早点休息。（报警人韩永均，3412*****3714，130****5445）
请街道和村社的工作人员关注该纠纷的后续情况。",公共秩序纠纷,口角琐事纠纷,0.9
SQW202505310510,"报警人来电称在御都会（同音）有人闹事，询问过程中挂机，回拨无法接通，请民警核实情况 
 2025-05-31 22:31:00  民警到御都会，当事人称因带酒进KTV的事情跟前台吵了几句，现前台已让他们进去，不需要我所处理了。（当事人苟元志，5137*****4791，手机号159****8968）
请街道和村社的工作人员关注该纠纷的后续情况。",治安隐患纠纷,公共秩序纠纷,0.9
WCW202505010001,#长效关注#我住在406室，楼上506室邻居把湿衣服挂在外面，双方有纠纷。153****2139 #非警务#纠纷事项#邻里问题#报警电话:153****2139,邻里纠纷,邻里纠纷,0.9
WCW202505010002,#长效关注#我女儿（高中生）付了定金拍照，对方价格不符合市场价格，报警人：138****3003 #非警务#纠纷事项#消费问题#报警电话:138****3003,消费纠纷,消费纠纷,0.9
WCW202505010003,#长效关注#我女儿（高中生）付了定金拍照，对方价格不符合市场价格，报警人：138****3003（辅助下单，来电催促，告知其稍等） #非警务#纠纷事项#消费问题#报警电话:138****3003,消费纠纷,消费纠纷,0.9
WCW202505010004,#长效关注#门口有个不认识的老婆婆说我欠她15块钱，一直在敲我家门，不肯走（情绪平稳），电话057****87713 #非警务#纠纷事项#其他纠纷事项#报警电话:057****87713,其他纠纷,债务纠纷,0.9
WCW202505010005,#长效关注#这里服务不好，要老板退钱，老板不愿意退，双方在一起。报警人：138****3412 #非警务#纠纷事项#消费问题#报警电话:138****3412,消费纠纷,消费纠纷,0.9
WCW202505010006,#长效关注#来电称要调解，只说是经济问题，具体原因不肯说173****2500（辅助下单，原始警单3302*****00581） #非警务#纠纷事项#经济（债务）问题#报警电话:173****2500,债务纠纷,经济纠纷,0.9
WCW202505010007,#长效关注#业主来电反映有人在小区里面摆摊，物业不管，需要处理，电话：153****6325 #非警务#纠纷事项#物业管理问题#报警电话:153****6325,物业管理纠纷,街面秩序,0.9
WCW202505010008,#长效关注#乘客与司机因为打火机不见的事情有纠纷，159****8789 #非警务#纠纷事项#司乘（代驾）问题#报警电话:159****8789,消费纠纷,口角琐事纠纷,0.9
WCW202505010009,#长效关注#乘客与司机因为打火机不见的事情有纠纷，159****8789 #非警务#纠纷事项#司乘（代驾）问题#报警电话:159****8789,消费纠纷,口角琐事纠纷,0.9
WCW202505020001,#长效关注#老板拖欠工资不给，需要处理，报警人电话：153****2079 #非警务#纠纷事项#劳资问题#报警电话:153****2079,劳动人事（就业）纠纷,劳动人事（就业）纠纷,0.9
WCW202505020002,"#长效关注#老板拖欠工资不给，需要处理，报警人电话：153****2079
还没有到现场。 #非警务#纠纷事项#劳资问题#报警电话:153****2079",劳动人事（就业）纠纷,劳动人事（就业）纠纷,0.9
WCW202505030001,#长效关注#我们在洗衣服晒衣服，楼上的邻居（605室）骂我们，引起纠纷。199****8355 #非警务#纠纷事项#邻里问题#报警电话:199****8355,邻里纠纷,邻里纠纷,0.9
WCW202505030002,#长效关注#我跟妻子因离婚的事情引起纠纷，报警人电话：150****8903 #非警务#纠纷事项#家庭婚姻感情问题#报警电话:150****8903,家庭婚姻纠纷,家庭婚姻纠纷,0.9
WCW202505030003,#长效关注#昨天半夜报案敲我家门，影响我休息，现在与保安发生纠纷。130****6107 #非警务#纠纷事项#物业管理问题#报警电话:130****6107,物业管理纠纷,物业管理纠纷,0.9
WCW202505030004,#长效关注#我们在这里吃饭，吃出了蟑螂，引起纠纷。报警人电话：130****1236 #非警务#纠纷事项#消费问题#报警电话:130****1236,消费纠纷,消费纠纷,0.9
WCW202505030005,#长效关注#我是保安，有辆车子不肯付停车费，有纠纷152****7967 #非警务#纠纷事项#物业管理问题#报警电话:152****7967,物业管理纠纷,消费纠纷,0.9
WCW202505030006,我是台球馆老板，顾客打完台球未付台费就跑了，我现在找到他了，需要协调。178****9505 #非警务#纠纷事项#消费问题#报警电话:178****9505,消费纠纷,消费纠纷,0.9
WCW202505030007,我是台球馆老板，顾客打完台球未付台费就跑了，我现在找到他了，需要协调。178****9505 #非警务#纠纷事项#消费问题#报警电话:178****9505,消费纠纷,消费纠纷,0.9
WCW202505040001,#长效关注#我来讨工资，有纠纷137****1849 #非警务#纠纷事项#劳资问题#报警电话:137****1849,劳动人事（就业）纠纷,劳动人事（就业）纠纷,0.9
WCW202505040002,#长效关注#我找了几个工人干活，因为工钱没给，现在工人去海曙第六空间4楼找老板了，139****9741 #非警务#纠纷事项#劳资问题#报警电话:139****9741,劳动人事（就业）纠纷,劳动人事（就业）纠纷,0.9
WCW202505040003,#长效关注#我跟儿子吵架了，儿子把门反锁了有纠纷138****3298 #非警务#纠纷事项#家庭婚姻感情问题#报警电话:138****3298,家庭婚姻纠纷,家庭婚姻纠纷,0.9
WCW202505040004,#长效关注#保安报警：有个女的和医护人员有矛盾，现在在住院部闹事，134****0810 #非警务#纠纷事项#医患问题#报警电话:134****0810,医疗纠纷,医疗纠纷,0.9
WCW202505040005,#长效关注#我们之前在这里消费，可能有商品没扫进去，今天工作人员把我们拦住了。156****5011 #非警务#纠纷事项#消费问题#报警电话:156****5011,消费纠纷,消费纠纷,0.9
WCW202505040006,#长效关注#我来美容院做项目，现工作人员不让用抖音上的券。158****3381 #非警务#纠纷事项#消费问题#报警电话:158****3381,消费纠纷,消费纠纷,0.9
WCW202505040007,#长效关注#电力公司给我电表装了个东西，我不同意，报警人要求民警联系对方拆走。报警人不愿拨打12345。。139****8891 #非警务#纠纷事项#其他纠纷事项#报警电话:139****8891,其他纠纷,其他纠纷,0.9
WCW202505040008,#长效关注#因为赔偿问题跟客户协商不下，现对方把我关在房间里，不让我出去，157****5376 #非警务#纠纷事项#经济（债务）问题#报警电话:157****5376,债务纠纷,经济纠纷,0.9
WCW202505040101,2025-05-04 20:05:00接警，徐家漕路118弄108室夏金凤称丈夫张志君和别的女的长时间打电话的事情吃醋吵架，后张志君动手打了夏金凤一巴掌，卡了其脖子一下，没有明显伤。现已对张志君开具家庭暴力通知书与告诫书。报警人：夏金凤 4211*****9165 137****4128 其丈夫：张志君 4211*****9118 158****0021,经济纠纷,家庭婚姻纠纷,0.9
WCW202505050001,#长效关注#153****0394报：因贷款合同问题与工作培训公司有纠纷 #非警务#纠纷事项#经济（债务）问题#报警电话:153****0394,债务纠纷,金融纠纷,0.9
WCW202505050002,#长效关注#贝壳工作人员来电称房东托给我们平台出租，因不想租给年纪大的租客，租客的儿子（40多岁）隐瞒了情况与我们平台签约（未到入住时间），年纪大的租客已经提前搬进去了，被房东发现，我们到现场让租客搬走，对方不肯搬走引起纠纷，报警人188****9457 #非警务#纠纷事项#租赁问题#报警电话:188****9457,债务纠纷,消费纠纷,0.9
WCW202505050003,#长效关注#贝壳工作人员来电称房东托给我们平台出租，因不想租给年纪大的租客，租客的儿子（40多岁）隐瞒了情况与我们平台签约（未到入住时间），年纪大的租客已经提前搬进去了，被房东发现，我们到现场让租客搬走，对方不肯搬走引起纠纷，报警人188****9457（来电催促） #非警务#纠纷事项#租赁问题#报警电话:188****9457,债务纠纷,消费纠纷,0.9
WCW202505050004,#长效关注#有人在我们店里拿了一包烟，抽了一根就走了，现在又来这里，不知道要干什么，139****7212 #非警务#纠纷事项#消费问题#报警电话:139****7212,消费纠纷,消费纠纷,0.9
WCW202505050005,#长效关注#辅助：有人在我们店里拿了一包烟，抽了一根就走了，现在又来这里，不知道要干什么，139****7212（对方现在又来了，需要再次处理） #非警务#纠纷事项#消费问题#报警电话:139****7212,消费纠纷,消费纠纷,0.9
WCW202505060001,#长效关注#代驾报警：顾客喝醉了在耍酒疯，需要处理153****9469 #非警务#纠纷事项#司乘（代驾）问题#报警电话:153****9469,消费纠纷,消费纠纷,0.9
WCW202505060002,#长效关注#因为要工资问题引起吵架。报警人电话：130****2763 #非警务#纠纷事项#劳资问题#报警电话:130****2763,劳动人事（就业）纠纷,劳动人事（就业）纠纷,0.9
WCW202505060003,有个业主把大量家具堆在楼下，不愿意搬走，产生纠纷，报警人电话：180****8186 #非警务#纠纷事项#物业管理问题#报警电话:180****8186,物业管理纠纷,物业管理纠纷,0.9
WCW202505060004,#长效关注#我在这里买的电饭煲来退货，超市工作人员说让我去找美的品牌方的总经理签字，才能给我退，现在双方有纠纷，报警人电话130****0551 #非警务#纠纷事项#消费问题#报警电话:130****0551,消费纠纷,消费纠纷,0.9
WCW202505060005,#长效关注#物业报警称：有一个租客遛狗未栓狗绳吓到其他人有纠纷，电话192****2681。 #非警务#纠纷事项#物业管理问题#报警电话:192****2681,物业管理纠纷,狗患纠纷,0.9
WCW202505060006,#长效关注#我报名了后，因个人原因要求退费，双方引起纠纷。报警人：159****2793 #非警务#纠纷事项#经济（债务）问题#报警电话:159****2793,经济纠纷,消费纠纷,0.9
WCW202505060110,网格员走访居民时居民反应在网上认识一个人找她买黄金比实体店便宜200一克，要先付钱，居民想买个手镯53000元，居民问是否可以在网上购买，网格员感觉可能是诈骗，劝其正规途径购买，居民还是想在网上购买，网格员第一时间上报街道，请相关部门处理。-#除险保安#,消费纠纷,消费纠纷,0.9
WCW202505060308,网格员开展片区走访巡查时了解到银润豪景原房地产在10年前有银润豪景57号1楼店面房后面的1/3房屋，因没有房产权证跟现银润豪景57号的房东（房东拍买主）产生矛盾。矛盾原因是银润豪景原房地产商要求在现57号房东店楼下破墙开门拿走10年前的东西，现银润豪景57号(房东拍买主）不同意，社区和物业调解无效，望街道相关部门予以解决。,经济纠纷,房地产纠纷,0.9
WCW202505060409,#邻里纠纷#5月6日，接到中山家园小区居民反应小区18号501室时常发生哭喊、打砸等声响扰民，引起邻里不满。网格员走访了解到，当事人王某（3304*****1320） 疑似精神有障碍，请求上级部门协助解决。,物业管理纠纷,公共秩序纠纷,0.9
WCW202505060501,我前妻因离婚的事情和我有纠纷，现在跟着我，电话里有一个女的声音很激动，需要处理。经了解系夫妻感情纠纷，将双方带回所，后经劝解双方已和好。,家庭婚姻纠纷,家庭婚姻纠纷,0.9
WCW202505060502,2025年4月30日6：28分接报警后，新园路118弄170号306王晓叶（4309*****322X，199****7979）称与前男友陈发奔情感纠纷，几次到了小区附近，怕其有过激行为。民警已告知报警人双方好好协商，如有需要可以随时拨打我所电话求助。请关注。,公共秩序纠纷,情感纠纷,0.9
WCW202505070001,2024年4月28日19时30分许，小情侣吴浩和成丽两人因琐事发生争吵，成丽离家出走。2024年4月30日21时许两人再次吵架并发生肢体冲突，吴浩将房门砸坏。民警将2人带回派出所协商，两人和平分手，吴浩保证不再骚扰成丽。,经济纠纷,口角琐事纠纷,0.9
WCW202505070108,#矛调类其他#网格群内有较多居民投诉南门施工方。小区南门因菜场改造、修建学校及马路，扬起较多灰尘，导致居民无法开窗通风及晾晒衣被。网格员实地走访了解，施工方在防尘降尘工作上确实存在疏漏。由于施工方存在隔三差五降尘工作不及时不到位的情况，导致居民一直不断投诉，现场调节无效，请上级部门予以协助。,工程施工纠纷,工程施工纠纷,0.9
WCW202505070210,网格员接河滨景苑3幢901居民投诉，反映隔壁902住户在自家鞋柜上方安置鞋柜，挡住了自家的鞋柜门，影响自身居住环境，现要求对方尽快处理，网格员向902室了解情况，对方表示901住户未经自家同意私自在公共区域安装鞋柜，向对方提出异议并提议希望两家都不要在门口安置鞋柜保持公共区域整洁，但对方不予理睬，一意孤行。自己在无计可施的情况下只能出此下策，希望对方你能知难而退，因此双方发生矛盾纠纷。网格员多次进行电话或上门调解无果，请上级部门协助处理。-#邻里纠纷#,公共秩序纠纷,邻里纠纷,0.9
WCW202505070212,网格员在走访巡查时发现，舒沁苑5幢居民反映对门把杂物乱在楼梯口，影响出入，多次沟通无效发生激烈争吵，请上级部门协助。,口角琐事纠纷,邻里纠纷,0.9
WCW202505070215,网格员在巡查中遇到新星龙湾1104的业主，业主表示隔壁1103把自己家的垃圾杂物堆放在公共楼梯转角，每次都走不过非常不文明，还存在消防隐患，社区多次劝说对方不理睬，引发邻居矛盾。请上级部门协助处理。-#邻里纠纷#,消防隐患纠纷,公共秩序纠纷,0.9
WCW202505070406,#邻里纠纷#清林闲庭43幢401室杨女士投诉楼上502住户养的狗晚上在家一直来回走动，影响她晚上休息，上门协商多次无果且双方口头上起了争执，烦请上级部门协助处理。,狗患纠纷,狗患纠纷,0.9
WCW202505070601,邻里纠纷 有位阿姨反映，有邻居在网格群内人身攻击，严重影响了她的名誉，因本人年纪较大，不太会操作微信又不会回复，很气愤辗转一夜失眠，心跳加速愤愤不平一早就眼泪汪汪来向网格员求助。网格员了解事情后马上联系该邻居沟通，对方态度强硬，不配合调解。请街道上级部门协助处理。,公共秩序纠纷,邻里纠纷,0.9
WCW202505070701,#长效关注#前几天，几个小孩打闹的时候把电梯内的镜子敲坏了，现几个人都互相推诿，不肯赔偿。电话：139****8599 #非警务#纠纷事项#经济（债务）问题#报警电话:139****8599,债务纠纷,损害赔偿纠纷,0.9
WCW202505070702,#长效关注#我是物业，这边有车辆故意堵路，问其原因未说。057****25596 #非警务#纠纷事项#其他纠纷事项#报警电话:057****25596,其他纠纷,街面秩序,0.9
WCW202505070703,#长效关注#我电信已经断网了，没有使用，现电信公司还让我交钱，报警人不肯打电信客服，报警人电话：130****6801 #非警务#纠纷事项#消费问题#报警电话:130****6801,消费纠纷,消费纠纷,0.9
WCW202505070704,#长效关注#我电信已经断网了，没有使用，现电信公司还让我交钱，报警人不肯打电信客服，报警人电话：130****6801 #非警务#纠纷事项#消费问题#报警电话:130****6801,消费纠纷,消费纠纷,0.9
WCW202505070705,#长效关注#我在这里交了1万元钱做鼻子，现在我不想做了，医院不给我退钱，双方协商不下。130****6919 #非警务#纠纷事项#消费问题#报警电话:130****6919,消费纠纷,消费纠纷,0.9
WCW202505070706,#长效关注#我在租车公司租了车网约车，我现在不干了，他们还要再让我给他们钱，产生纠纷，电话155****5397 #非警务#纠纷事项#租赁问题#报警电话:155****5397,债务纠纷,消费纠纷,0.9
WCW202505070707,#长效关注#我报名了后，因个人原因不要学了，要求退费，对方不肯退，双方引起纠纷。报警人：159****2793 #非警务#纠纷事项#经济（债务）问题#报警电话:159****2793,债务纠纷,消费纠纷,0.9
WCW202505070708,#长效关注#我报名了后，因个人原因不要学了，要求退费，对方不肯退，双方引起纠纷。报警人：159****2793 #非警务#纠纷事项#经济（债务）问题#报警电话:159****2793,债务纠纷,消费纠纷,0.9
WCW202505070709,#长效关注#我是在宁波客运中心找了一个老人（60岁）电瓶车，协商50元把我送到弘基广场，但他只把我送到这个地铁站对方就跑了。175****1980 #非警务#纠纷事项#消费问题#报警电话:175****1980,消费纠纷,消费纠纷,0.9
WCW202505070710,我在搬自己的东西，现在物业不让我们走，双方在场。191****0082 #非警务#纠纷事项#物业管理问题#报警电话:191****0082,邻里纠纷,物业管理纠纷,0.9
WCW202505070711,#长效关注#因为小孩子作业没写，妈妈要打孩子，我和老婆有纠纷139****6323 #非警务#纠纷事项#家庭婚姻感情问题#报警电话:139****6323,家庭婚姻纠纷,家庭婚姻纠纷,0.9
WCW202505080213,"网格巡查中时代金茂居户反映时代金茂新四方饭店重新装修多次违规暴力装修，规定禁止在12时至14时，20时至次日7时使用产生噪声的工具进行装修，全然不顾规定，严重扰民，社区多次上门调解，无果。请上级部门协助处理。
",邻里纠纷,噪声污染,0.9
WCW202505080311,"#邻里纠纷#五江口社区31-502王先生来社区反映楼上租户噪音扰民，多次上门调解，但是楼上租户情绪激动，互不相让，起了争执，请上级部门协助。
",邻里纠纷,噪声污染,0.9
WCW202505080401,#长效关注#家庭纠纷，孩子被其父亲带走了，但是婆婆在场，来电需要处理。150****3404 #非警务#纠纷事项#家庭婚姻感情问题#报警电话:150****3404,家庭婚姻纠纷,家庭婚姻纠纷,0.9
WCW202505080402,#长效关注#我是401住户，对方403住户养了一只大狗，经常把家门开着，今天又把门开起来了，大狗把我们鞋子都叼走了。135****7795 #非警务#纠纷事项#邻里问题#报警电话:135****7795,邻里纠纷,狗患纠纷,0.9
WCW202505080403,#长效关注#因为3楼的邻居在我家走廊贴了骂人的纸条有纠纷137****8268 #非警务#纠纷事项#邻里问题#报警电话:137****8268,邻里纠纷,邻里纠纷,0.9
WCW202505080404,#长效关注#辅助：因为3楼的邻居在我家走廊贴了骂人的纸条有纠纷，报警人来电称现着急上班，请先与其联系137****8268 #非警务#纠纷事项#邻里问题#报警电话:137****8268,邻里纠纷,邻里纠纷,0.9
WCW202505080405,因为顺风车过来的高速费问题，双方有纠纷 #非警务#纠纷事项#司乘（代驾）问题#报警电话:136****4920,消费纠纷,消费纠纷,0.9
WCW202505080406,#长效关注#母亲被邻居的狗咬了，狗主人不好协调，来电需要处理。139****8989 #非警务#纠纷事项#邻里问题#报警电话:139****8989,邻里纠纷,狗患纠纷,0.9
WCW202505080407,#长效关注#早上7点的时候我母亲被邻居的狗咬了，狗主人不好协调，来电需要处理。139****8989 #非警务#纠纷事项#邻里问题#报警电话:139****8989,邻里纠纷,狗患纠纷,0.9
WCW202505080408,#长效关注#我不想租房子了，租赁公司不肯签合同不肯退定金，我一个人在租的房子里。158****3786 #非警务#纠纷事项#租赁问题#报警电话:158****3786,债务纠纷,消费纠纷,0.9
WCW202505080409,#长效关注#因为工资问题跟站长有纠纷 报警人号码：195****1775 #非警务#纠纷事项#劳资问题#报警电话:195****1775,劳动人事（就业）纠纷,劳动人事（就业）纠纷,0.9
WCW202505080410,#长效关注#有租客因为房租问题有纠纷，158****9802 #非警务#纠纷事项#租赁问题#报警电话:158****9802,债务纠纷,房地产纠纷,0.9
WCW202505080411,#长效关注#我是出租车司机，乘客不愿付钱，有纠纷。181****2830 #非警务#纠纷事项#司乘（代驾）问题#报警电话:181****2830,消费纠纷,消费纠纷,0.9
WCW202505090001,#长效关注#对方欠我钱不还，发生纠纷、136****2624 #非警务#纠纷事项#经济（债务）问题#报警电话:136****2624,债务纠纷,债务纠纷,0.9
WCW202505090002,#长效关注#因为房子有很浓的甲醛味，房东不退租金与押金，引起纠纷。191****3058 #非警务#纠纷事项#租赁问题#报警电话:191****3058,债务纠纷,消费纠纷,0.9
WCW202505090003,我在这里买的电瓶车坏的，对方拉黑不理我。报警人在场，报警人：193****1721 #非警务#纠纷事项#消费问题#报警电话:193****1721,消费纠纷,消费纠纷,0.9
WCW202505090004,#长效关注#中介不肯退我租房押金，引起纠纷，报警人十来分钟后到现场。188****5029 #非警务#纠纷事项#租赁问题#报警电话:188****5029,债务纠纷,消费纠纷,0.9
WCW202505090005,网约车司机报警：乘客喝多了敲我车，报警人号码：134****0280 #非警务#纠纷事项#司乘（代驾）问题#报警电话:134****0280,消费纠纷,消费纠纷,0.9
WCW202505090214,#邻里纠纷# 网格员在走访中发现南区26幢103住户和203住户因夜间持续噪音有矛盾。居民多次沟通无果产生激烈争吵，请上级有关部门协助处理。,口角琐事纠纷,噪声污染,0.9
WCW202505090502,邻里纠纷-微网格员反映环城西路北段338号永和居易9幢楼下歪马送酒门口常有拆掉的大箱纸箱空盒堆积成山，引起小区内周边居民不满，特别是夜间通行有安全隐患，同时影响小区美观，卫生脏乱差问题突出，9幢楼上住户多次与店家、小区物业、业委会、社区反映，社区也多次上门劝导，都不见改观，居民多次围堵与店家及物业争执，矛盾升级已影响正常小区和谐生活，请求相关部门协助。,治安隐患纠纷,街面秩序,0.9
WCW202505100001,我打了滴滴，我称先要去另一个地方，司机很生气把我们落在三眼桥下车走了，我们还在他的车上。130****1388 #非警务#纠纷事项#司乘（代驾）问题#报警电话:130****1388,消费纠纷,消费纠纷,0.9
WCW202505100002,网约车司机报警：乘客喝多了敲我车，报警人号码：134****0280 #非警务#纠纷事项#司乘（代驾）问题#报警电话:134****0280,消费纠纷,消费纠纷,0.9
WCW202505100003,我打了滴滴，我称先要去另一个地方，司机很生气把我们落在三眼桥下车走了，我们还在他的车上。130****1388（电告） #非警务#纠纷事项#司乘（代驾）问题#报警电话:130****1388,消费纠纷,消费纠纷,0.9
WCW202505100004,#长效关注#我的汽车正常进来的，现在大门关闭了，打保安电话83868612不肯过来开门。136****6394 #非警务#纠纷事项#物业管理问题#报警电话:136****6394,物业管理纠纷,物业管理纠纷,0.9
WCW202505100005,我是乘客，我的女朋友喝多了吐在车上，因为赔偿费用和司机协商不下137****5231 #非警务#纠纷事项#司乘（代驾）问题#报警电话:137****5231,消费纠纷,消费纠纷,0.9
WCW202505100006,辅助：我是乘客，我的女朋友喝多了吐在车上，因为赔偿费用和司机协商不下137****5231（催促） #非警务#纠纷事项#司乘（代驾）问题#报警电话:137****5231,消费纠纷,消费纠纷,0.9
WCW202505100007,#长效关注#来电称对方车子停在人行道上，我（80多岁）让他不要停，对方和我吵架。139****0616 #非警务#纠纷事项#其他纠纷事项#报警电话:139****0616,其他纠纷,口角琐事纠纷,0.9
WCW202505100008,#长效关注#我租了房子，后中介给我安排了暂住地，现因房租问题和对方引起纠纷，报警电话159****0134 #非警务#纠纷事项#租赁问题#报警电话:159****0134,债务纠纷,消费纠纷,0.9
WCW202505100009,#长效关注#报警人来电情绪激动，称出租车司机堵路不肯开走，与我们停车场工作人员吵架了。对方还要叫人过来。133****4795 #非警务#纠纷事项#其他纠纷事项#报警电话:133****4795,其他纠纷,街面秩序,0.9
WCW202505100010,#长效关注#有人把我的冰箱拿走了，对方不承认，产生纠纷，报警人电话：157****9761 #非警务#纠纷事项#其他纠纷事项#报警电话:157****9761,其他纠纷,其他纠纷,0.9
WCW202505100011,#长效关注#我们正在征求业主换电梯需求，有个老人把我们的单子拿走了，需要协调137****8493 #非警务#纠纷事项#其他纠纷事项#报警电话:137****8493,其他纠纷,物业管理纠纷,0.9
WCW202505100012,#长效关注#我买了一盒粽子，但是粽子里没有栗子，现引起纠纷。189****6310 #非警务#纠纷事项#消费问题#报警电话:189****6310,消费纠纷,消费纠纷,0.9
WCW202505100013,#长效关注#（辅助下单）（来电催促）我买了一盒粽子，但是粽子里没有栗子，现引起纠纷。189****6310 #非警务#纠纷事项#消费问题#报警电话:189****6310,消费纠纷,消费纠纷,0.9
WCW202505100014,因为工资问题，有一个驾驶员不愿意给我们车钥匙150****1109 #非警务#纠纷事项#劳资问题#报警电话:150****1109,劳动人事（就业）纠纷,劳动人事（就业）纠纷,0.9
WCW202505110001,#长效关注#楼上邻居家洗衣机漏水，漏到我家了，我跟保安到楼上看，对方也承认了，对方说让儿子下来处理，但对方儿子一直没来弄，8点我又找了物业上去，对方儿子拒绝沟通。报警人电话：136****1214 #非警务#纠纷事项#邻里问题#报警电话:136****1214,邻里纠纷,邻里纠纷,0.9
WCW202505110002,#长效关注#装修公司让我去干活，不给我工资，有纠纷。188****0268 #非警务#纠纷事项#劳资问题#报警电话:188****0268,劳动人事（就业）纠纷,劳动人事（就业）纠纷,0.9
WCW202505110003,#长效关注#维修人员来电与业主因为装修款有纠纷181****3601 #非警务#纠纷事项#消费问题#报警电话:181****3601,消费纠纷,消费纠纷,0.9
WCW202505110004,#长效关注#我在贝壳平台上找了个中介，我来现场看房子后和刚开始说的样子不一致。在这之前，我交了1700元的定金，现在对方不肯退我钱，双方有纠纷。158****7438 #非警务#纠纷事项#租赁问题#报警电话:158****7438,债务纠纷,消费纠纷,0.9
WCW202505110005,#长效关注#维修人员来电与业主因为装修款有纠纷。181****3601（10:59报警人来电催促） #非警务#纠纷事项#消费问题#报警电话:181****3601,消费纠纷,消费纠纷,0.9
WCW202505110006,#长效关注#我之前在这玩受伤了，现对方不赔偿，有纠纷。134****8408 #非警务#纠纷事项#消费问题#报警电话:134****8408,消费纠纷,消费纠纷,0.9
WCW202505110007,#长效关注#我是房东，租客不付房租，产生纠纷，报警人183****5479 #非警务#纠纷事项#租赁问题#报警电话:183****5479,债务纠纷,债务纠纷,0.9
WCW202505110008,#长效关注#我是快递员，顾客恶意投诉辱骂我引起纠纷。报警人电话：158****7333 #非警务#纠纷事项#物流（快递）问题#报警电话:158****7333,消费纠纷,口角琐事纠纷,0.9
WCW202505110009,#长效关注#我在这家店充了钱，现在这家店不开了，卡里的钱不退给我有纠纷。159****5729 #非警务#纠纷事项#其他纠纷事项#报警电话:159****5729,其他纠纷,消费纠纷,0.9
WCW202505110010,#长效关注#我在这家店充了钱，现在这家店不开了，卡里的钱不退给我有纠纷。159****5729 #非警务#纠纷事项#消费问题#报警电话:159****5729,消费纠纷,消费纠纷,0.9
WCW202505110011,#长效关注#因等待时间问题引起纠纷，现在我退钱，店长不退想要打人。报警人电话：133****9096 #非警务#纠纷事项#消费问题#报警电话:133****9096,消费纠纷,消费纠纷,0.9
WCW202505110012,#长效关注#我在这家店充了钱，现在这家店不开了，卡里的钱不退给我有纠纷。159****5729 #非警务#纠纷事项#消费问题#报警电话:159****5729,消费纠纷,消费纠纷,0.9
WCW202505110013,#长效关注#我在理发店办了充值卡，老板换掉了。报警人电话：135****4372 #非警务#纠纷事项#消费问题#报警电话:135****4372,消费纠纷,消费纠纷,0.9
WCW202505120010,#物业管理纠纷#清林闲庭小区居民范先生来社区反映小区物业在15幢前安装了健身活动器材并在地上铺了塑胶地毯，因地毯铺的参差不齐不平整有较多且晚上灯光昏暗，导致多名居民经过时拌倒摔跤特前来社区反映。社区协调不成，请上级相关部门协助调解。,工程施工纠纷,物业管理纠纷,0.9
WCW202505120012,"网格员开展片区走访巡查时收到居民何女士投诉反映，海华院小区10幢602的业主在楼道内堆积大量纸箱和杂物，严重影响出行，何女士曾多次入户劝导，但602居民以出行大家都走电梯，不走楼梯为由拒绝清理，所以找到网格员希望协调处理。社区已经上门劝说，但是无效。请上级部门协助处理。
-#邻里纠纷#",公共秩序纠纷,物业管理纠纷,0.9
WCW202505120013,#矛调类其他#青林湾社区网格员接到59幢一单元居民反映，他们家单元楼下有很多垃圾堆放在绿化带上，严重影响他们的生活环境，希望街道社区督促物业对此地马上进行修复，还他们整洁的环境。,公共秩序纠纷,环保纠纷,0.9
WCW202505120104,#邻里纠纷#有居民反映上品院1号楼514室长期在过道走廊堆放杂物，严重影响了他人的通行，为此邻里双方产生了矛盾，并发生了争吵，物业工作人员和社区工作人员上门劝说未果，望相关部门协助处理。,公共秩序纠纷,邻里纠纷,0.9
WCW202505120212,网格员发现所在青林湾西区的86幢1301的住户因楼上1401室浴室漏水而引发邻居双方矛盾，需相关部门协助解决。-#邻里纠纷#,邻里纠纷,邻里纠纷,0.9
WCW202505120309,#损害赔偿纠纷#南门山火市场4号仓位毛师傅和蔡师傅因生意纠纷造成损害，产生肢体冲突，引发纠纷。,治安隐患纠纷,损害赔偿纠纷,0.9
WCW202505120601,经我所初步调查，系报警人（毛海跃3309*****5536，138****0965），于2024年10月5日在海曙区望春街道江汇城3期335号，与哈尔滨十方汽车网约车运营中心签订车辆租赁合同用于网约车使用，后因毛海跃在合同期内违法租赁协议，被该公司收回租赁车辆，现毛海跃就该公司未付其盈利及押金费用导致多次报警。我所多次与该店现场负责人罗通（电话157****1851）进行约谈，但是该负责人称总公司在哈尔滨，其无权决定此事结果，且称毛海跃已违反车辆租赁合同其公司法务部准备将该毛海跃起诉至法院要求毛海跃赔付违约金3000余元。经我所分析，两者矛盾点在于对合同的不同认知，毛海跃虽已在半个月左右，在该出租车指定平台内盈利4000多元但公司称该盈利费用需在平台总结算后返还给其，要求毛海跃支付车辆租赁费用，但毛海跃以为可以在盈利费用内抵扣，致使毛海跃未支付租金，导致车辆被公司收回，由此双方发生经济纠纷，我所也多次与毛海跃当面及电话沟通，让其通过法律途径解决。报警人毛海跃3309*****5536，138****0965,经济纠纷,消费纠纷,0.9
WCW202505120602,"2025-05-10 16:33:43李新卫报警称在关爱小区门口社区门口广场有个小孩子（读一年级）用铁锹敲我家孩子的头，想要找对方家长，需要帮助。经了解系小孩子玩耍时不小心手里的铁锹在倒下时，砸到了小女孩的头部当日双方都称愿意调解。2025年5月12日15时许，双方来派出所调解时，李新卫（小女孩李嘉宁父亲李新卫4128*****4218，131****9899，户籍地详址徐家漕路211弄72号202室）方提出给女儿去医院检查的400多元医药费赔付掉就可以了，而李文扬（小男孩李嘉佑父亲李文扬,3310*****2471,137****2663, 户籍地详址新园路118弄29号03）方认为当时自己家儿子因被李新卫方吓到了，现在小孩精神恍忽并有了心理障碍，如果赔给李新卫方医院检查费的话，也要李新卫方赔自己儿子的精神损失费、就医费等费用和向自己儿子李嘉佑当面道歉，最终调解不成功。由于该事件为民警纠纷，后告知双方可以通过司法途径解决。执法记录仪。",经济纠纷,损害赔偿纠纷,0.9
WCW202505120701,#长效关注#我妈妈强行插手孩子的教育问题，现在双方有纠纷133****2991 #非警务#纠纷事项#家庭婚姻感情问题#报警电话:133****2991,家庭婚姻纠纷,家庭婚姻纠纷,0.9
WCW202505120702,#长效关注#对方不给我房租，现在我让他搬走他不肯走，双方有纠纷。132****5302 #非警务#纠纷事项#租赁问题#报警电话:132****5302,债务纠纷,债务纠纷,0.9
WCW202505120703,#长效关注#房客不付租金，双方在一起159****8754 #非警务#纠纷事项#租赁问题#报警电话:159****8754,债务纠纷,债务纠纷,0.9
WCW202505120704,#长效关注#辅助：房客不付租金，双方在一起159****8754 #非警务#纠纷事项#租赁问题#报警电话:159****8754,债务纠纷,债务纠纷,0.9
WCW202505120705,#长效关注#我和中介谈好了，租房免中介费，现在又要交钱，双方在一起，需要处理173****6074 #非警务#纠纷事项#租赁问题#报警电话:173****6074,债务纠纷,消费纠纷,0.9
WCW202505120706,#长效关注#外卖员报警：对工资有异议，协商不下150****2647 #非警务#纠纷事项#物流（快递）问题#报警电话:150****2647,消费纠纷,劳动人事（就业）纠纷,0.9
WCW202505120707,#长效关注#辅助：外卖员报警：对工资有异议，协商不下150****2647（17:50来电催促） #非警务#纠纷事项#物流（快递）问题#报警电话:150****2647,消费纠纷,劳动人事（就业）纠纷,0.9
WCW202505120708,#长效关注#我在店里充值会员，现想退款，店家不给退。报警人电话：190****5144 #非警务#纠纷事项#消费问题#报警电话:190****5144,消费纠纷,消费纠纷,0.9
WCW202505120709,#长效关注#我是房东，租客不肯付房租，也不肯搬走。183****5479 #非警务#纠纷事项#租赁问题#报警电话:183****5479,债务纠纷,债务纠纷,0.9
WCW202505120710,#长效关注#过来退病狗，对方不给退有纠纷。报警人：137****6268 #非警务#纠纷事项#消费问题#报警电话:137****6268,消费纠纷,消费纠纷,0.9
WCW202505130001,#长效关注#对方的车（浙BOKW83，黑色卡罗拉)把小区门堵住了。137****3750 #非警务#纠纷事项#其他纠纷事项#报警电话:137****3750,其他纠纷,街面秩序,0.9
WCW202505130002,#长效关注#有个顾客通过京东平台买了我们店的东西，申请了仅退款不肯退货，现双方在一起 189****0262 #非警务#纠纷事项#消费问题#报警电话:189****0262,消费纠纷,消费纠纷,0.9
WCW202505130003,#长效关注#去年12月办了会员交了1000块，之前答应可以退款，现不肯退了，引起纠纷159****3143 #非警务#纠纷事项#经济（债务）问题#报警电话:159****3143,债务纠纷,消费纠纷,0.9
WCW202505130004,#长效关注#（辅助下单 来电催促）去年12月办了会员交了1000块，之前答应可以退款，现不肯退了，引起纠纷159****3143 #非警务#纠纷事项#经济（债务）问题#报警电话:159****3143,债务纠纷,消费纠纷,0.9
WCW202505130005,#长效关注#138****8300：因为租车问题有纠纷，需要处理 #非警务#纠纷事项#租赁问题#报警电话:138****8300,债务纠纷,消费纠纷,0.9
WCW202505130006,#长效关注#房租费问题引起纠纷，报警人电话：177****9589 #非警务#纠纷事项#租赁问题#报警电话:177****9589,债务纠纷,房地产纠纷,0.9
WCW202505130007,#长效关注#我在理发店冲卡了，我去洗头对方称之前的老板走了要给我改成美容卡，我不要改卡要退钱不给我退，请联系报警人159****5225 #非警务#纠纷事项#消费问题#报警电话:159****5225,消费纠纷,消费纠纷,0.9
WCW202505130008,#长效关注#站点不发我们（两个人）工资，有纠纷 #非警务#纠纷事项#劳资问题#报警电话:133****0073,劳动人事（就业）纠纷,劳动人事（就业）纠纷,0.9
WCW202505130009,#长效关注#我在理发店充卡了，我去洗头对方称之前的老板走了要给我改成美容卡，我不要改卡要退钱不给我退，请联系报警人159****5225（辅助，催促） #非警务#纠纷事项#消费问题#报警电话:159****5225,消费纠纷,消费纠纷,0.9
WCW202505130010,#长效关注#外卖员报：站点不发我们（两个人）工资，有纠纷（辅助下单：来电催促，请先与报警人联系133****0073） #非警务#纠纷事项#劳资问题#报警电话:133****0073,劳动人事（就业）纠纷,劳动人事（就业）纠纷,0.9
WCW202505130011,#长效关注#找了搬家公司，因为价格的事情有纠纷150****1068 #非警务#纠纷事项#消费问题#报警电话:150****1068,消费纠纷,消费纠纷,0.9
WCW202505130012,我因为这里的噪音太吵要退租，现在对方不肯退，有纠纷，173****9134 #非警务#纠纷事项#租赁问题#报警电话:173****9134,经济纠纷,消费纠纷,0.9
WCW202505130114,#邻里纠纷#网格员在巡查过程中发现，胜丰佳苑小区五幢二单元的沈阿姨最近很是焦虑，她自述，自从去了几天寺院后，发现家里车棚的猫眼被人戳了一个洞，怀疑是邻居黄某所为，并怀疑黄某曾进过她家。网格员和物业人员通过查看监控，无法证实该行为系黄某所为，但沈阿姨坚持己见，并在门上贴了一张写满咒语的纸，引起了矛盾纠纷，社区调解无效。请上级给予协助。,狗患纠纷,邻里纠纷,0.9
WCW202505130125,#邻里纠纷#2025年5月12日接到22幢203室居民翁女士来电投诉，楼上22幢604室住户装修，装修工人在搬运杂物及装修材料时候经常灰尘飞扬，不清理楼道卫生，还习惯在一楼走廊乱放装修材料，导致居民进出车棚不方便，翁女士已多次跟装修人员沟通无果，只好求助社区出面协调。网格员员接到居民求助后，先安抚了翁女士。然后去22幢98单元现场了解情况，情况属实，也跟装修人员沟通无果，请求相关部门解决。,物业管理纠纷,邻里纠纷,0.9
WCW202505130210,"#损害赔偿纠纷#
阳光嘉园小区94号406室居民周师傅通过微信向网格员反映，自己的汽车停在小区，连续两次被人划损，联系物业调取监控因覆盖不到位未能取证，周师傅认为车子停在小区受损，物业应当承担部分责任，物业认为证据不足无法证明是在小区内受损，双方产生争执。网格员第一时间联系物业协调未达成合意，请街道帮助处理。",经济纠纷,损害赔偿纠纷,0.9
WCW202505130214,#邻里纠纷#居民反应，有人在楼梯上堆放东西，影响通行，与相关业主多次沟通都没结果，请上级部门予以协助。,公共秩序纠纷,街面秩序,0.9
WCW202505130416,#邻里纠纷#泰安社区泰安二网格员在小区内进行巡查发现，胜丰佳苑15幢二单元5楼503居民养的狗在楼道里拉屎，502居民不小心踩到了，然后二户居民发生了争吵，网格员进行了协调，二户人家还是无法握手言和，请上级部门解决。,口角琐事纠纷,狗患纠纷,0.9
WCW202505130422,澄波华庭小区居民来社区反应，邻居在楼道内堆积杂物，导致楼道难以行走，与相关业主多次沟通未果，请上级部门予以协助。,物业管理纠纷,邻里纠纷,0.9
WCW202505130504,邻里纠纷阳光天地102号的张阿姨来社区反应他们家的烟道漏水，影响她的工作、生活。经过网格员、物业多次核查未能找到原因，请上级部门协同处理。,物业管理纠纷,邻里纠纷,0.9
WCW202505130801,泰安社区网格员路过坏城西路北段188弄六和嘉园小区西侧河岸边，发现一装修师傅正在围栏外堆放建筑垃圾，过路行人觉得这个行为有碍环境卫生，劝阻装修师傅将建筑垃圾堆到指定地方，装修师傅不肯，为此双方产生矛盾，社区前往调解无果，希望相关科室协助处理此次纠纷。 -- （一件事）矛盾纠纷,经济纠纷,公共秩序纠纷,0.9
WCW202505130901,2025年5月12日16时26分许，丁超报警称，半小时前因为家庭琐事，我被老公扔到了地上进医院了，我现在宁波市中医院抢救室，已经第二次被打了。经了解，系家庭琐事发生吵架，朱峰涛把丁超摔倒在地，现朱峰涛陪同丁超在医院检查。告知双方检查完来派出所处理。丁超没有明显外伤。,治安隐患纠纷,家庭婚姻纠纷,0.9
WCW202505140001,#长效关注#这户人家电视声音放的特别大，我现在在他门前进行沟通，对方也不开门。137****1671 #非警务#纠纷事项#邻里问题#报警电话:137****1671,邻里纠纷,噪声污染,0.9
WCW202505140002,"有个乘客喝多了,坐在车上和我吵架不肯下车189****3252 #非警务#纠纷事项#司乘（代驾）问题#报警电话:189****3252",消费纠纷,口角琐事纠纷,0.9
WCW202505140003,网约车司机报：客人喝多了一直骂我引起纠纷。132****8256 #非警务#纠纷事项#司乘（代驾）问题#报警电话:132****8256,消费纠纷,口角琐事纠纷,0.9
WCW202505140004,"有个乘客喝多了,坐在车上和我吵架不肯下车189****3252 #非警务#纠纷事项#司乘（代驾）问题#报警电话:189****3252",消费纠纷,口角琐事纠纷,0.9
WCW202505140005,网约车司机报：客人喝多了一直骂我引起纠纷。132****8256   已电告望春所 #非警务#纠纷事项#司乘（代驾）问题#报警电话:132****8256,消费纠纷,口角琐事纠纷,0.9
WCW202505140006,经济纠纷，双方有口角纠纷，电话：133****4725 #非警务#纠纷事项#经济（债务）问题#报警电话:133****4725,口角琐事纠纷,经济纠纷,0.9
WCW202505140007,#长效关注#邻居在消防通道养猫，说了几次都没用，186****8217 #非警务#纠纷事项#邻里问题#报警电话:186****8217,邻里纠纷,狗患纠纷,0.9
WCW202505140008,经济纠纷，双方有口角纠纷，电话：133****4725（文教反馈在五江湾小区旁） #非警务#纠纷事项#经济（债务）问题#报警电话:133****4725,口角琐事纠纷,经济纠纷,0.9
WCW202505140009,#长效关注#因对方昨天在开车时骂我引起纠纷，现在双方在场，电话155****6888。 #非警务#纠纷事项#司乘（代驾）问题#报警电话:155****6888,消费纠纷,口角琐事纠纷,0.9
WCW202505140010,#长效关注#楼上漏水下来，导致我店面的灯牌坏了，对方不肯赔偿，引起纠纷，报警人电话180****1229 #非警务#纠纷事项#经济（债务）问题#报警电话:180****1229,债务纠纷,经济纠纷,0.9
WCW202505140011,#长效关注#我女儿（158****8852）买了只兔子，发现不是自己想要的，现与商家有纠纷，报警人电话158****8851 #非警务#纠纷事项#消费问题#报警电话:158****8851,消费纠纷,消费纠纷,0.9
WCW202505140012,有人欠钱不还，产生纠纷，报警人电话：150****1266 #非警务#纠纷事项#经济（债务）问题#报警电话:150****1266,债务纠纷,债务纠纷,0.9
WCW202505140013,"有人欠钱不还，产生纠纷，报警人电话：150****1266
重复报警:报警时间:2025-05-14 15:04:42, 报警电话:150****1266, 联系电话:150****1266, #非警务#纠纷事项#经济（债务）问题#报警电话:150****1266",债务纠纷,债务纠纷,0.9
WCW202505140014,我们双方打完官司，对方拦着不让我走，双方发生纠纷，报警人电话136****7136 #非警务#纠纷事项#其他纠纷事项#报警电话:136****7136,其他纠纷,其他纠纷,0.9
WCW202505140015,#长效关注#我是物业的工作人员，这里有个人和我们领导有纠纷，双方引起纠纷，报警电话057****65710 #非警务#纠纷事项#其他纠纷事项#报警电话:057****65710,其他纠纷,物业管理纠纷,0.9
WCW202505140016,#长效关注#顾客家属：顾客和工作人员有消费纠纷，报警人：152****3435 #非警务#纠纷事项#消费问题#报警电话:152****3435,消费纠纷,消费纠纷,0.9
WCW202505150109,#家庭婚姻纠纷#青林湾社区网格员从走访中了解到22幢1503矫正人员王华辉与妻子之间有矛盾，扬言要对妻子实施极端行为，存在隐患，网格员和社区调解员上门走访，王华辉拒绝沟通，现需要上级部门协助处理。,家庭婚姻纠纷,家庭婚姻纠纷,0.9
WCW202505150318,#邻里纠纷#2025年5月15日接到关爱小区211弄8号楼道居民李女士来电投诉，楼上404室住户装修，装修工人把杂物及装修垃圾从楼道里拖下来，既不清理楼道卫生，还直接扔在下面的草地里。李女士已多次跟装修人员沟通，要求清运垃圾，但对方一直不处理，只好求助社区出面协调。网格员接到居民求助后，上门去现场了解情况，情况基本属实。网格员现场跟装修人员作了沟通，要求保持楼道整洁，但对方不配合，请求相关部门解决。-#邻里纠纷#,房地产纠纷,公共秩序纠纷,0.9
WCW202505150501,#长效关注#我交了租金，中介单方面把租房合同终止了，有纠纷。152****9877 #非警务#纠纷事项#租赁问题#报警电话:152****9877,债务纠纷,消费纠纷,0.9
WCW202505150502,#长效关注#我装修付完了，现有人说我没有付钱，双方在一起。182****2087 #非警务#纠纷事项#经济（债务）问题#报警电话:182****2087,债务纠纷,消费纠纷,0.9
WCW202505150503,#长效关注#我老公酒喝多之后，有人问他借了两千，我现在在对方家这里。153****6798 #非警务#纠纷事项#经济（债务）问题#报警电话:153****6798,债务纠纷,债务纠纷,0.9
WCW202505150504,#长效关注#有人借钱不还，180****3606 #非警务#纠纷事项#经济（债务）问题#报警电话:180****3606,债务纠纷,债务纠纷,0.9
WCW202505150505,#长效关注#之前发生事故，后因维修费用问题，我的身份证被对方发到微信上转发，还言语辱骂我。报警人电话：178****7127 #非警务#纠纷事项#经济（债务）问题#报警电话:178****7127,债务纠纷,债务纠纷,0.9
WCW202505150506,#长效关注#我买了对方的东西，先预付了800元，我想验货在结尾款，对方不让我验货，我不想要了，对方不愿退预付款有纠纷。电话：188****0311 #非警务#纠纷事项#消费问题#报警电话:188****0311,消费纠纷,消费纠纷,0.9
WCW202505160314,#矛调类其他#网格员接到51幢业主沈先生投诉，母亲因车祸后康复期又得急性白血病住院一月后死亡，因母亲车祸官司未结，需要交警部门出具相关证明办理死亡证明，然后提请了司法鉴定，鉴定人员到现场后需要开棺验尸，解剖认定死亡原因，家属不同意，情绪激动，请上级协助处理。,经济纠纷,交通事故纠纷,0.9
WCW202505160501,网格员接到居民诉求，211弄84号2楼住户装修，但装修垃圾没有堆放在小区规定的装修垃圾堆放点，而是放在楼道外绿化带上，损坏绿化带，致使楼道居民对此有意见。居民联系社区后，与装修施工住户进行沟通后未有效果。居民和装修住户矛盾升级，双方口角不断，需请相关部门协助处理。,经济纠纷,公共秩序纠纷,0.9
WCW202505160802,2025-05-15 18:29:48关爱小区118弄170号306室王晓叶（4309*****322X，199****7979）报警称前男友陈发奔（3303*****0956，138****3842）来门口敲门骚扰，经了解，两人在交往期间，陈给王打过钱款，现在想要回5万元未果，所以经常上门来讨要。陈发奔还称在半年前被王的“丈夫”殴打过。在望春辖区内已是第二次报警，该矛盾纠纷需要重点关注。,治安隐患纠纷,债务纠纷,0.9
WCW202505160901,#长效关注#我是病人，前台态度不好，有纠纷，137****4685 #非警务#纠纷事项#消费问题#报警电话:137****4685,消费纠纷,消费纠纷,0.9
WCW202505160902,#长效关注#我打了一辆滴滴（浙BAJ328，白色凯美瑞）去火车站，对方过来以后说去不了，我就说你去不了怎么不早说，对方就骂我，起纠纷137****7911 #非警务#纠纷事项#司乘（代驾）问题#报警电话:137****7911,消费纠纷,消费纠纷,0.9
WCW202505160903,我是房地产的工作人员，有业主故意把老鼠放进我的办公室，原因不清，现和对方不在一起，需要处理137****7117 #非警务#纠纷事项#物业管理问题#报警电话:137****7117,经济纠纷,其他纠纷,0.9
WCW202505160904,#长效关注#代驾在停我的车的时候撞到了障碍物，使我的前保险杠受损，代驾不肯理赔，需要调解135****1568 #非警务#纠纷事项#司乘（代驾）问题#报警电话:135****1568,消费纠纷,消费纠纷,0.9
WCW202505160905,我们在这里报了培训班，对方关门了，现场有五六个人，需要处理138****6303 #非警务#纠纷事项#消费问题#报警电话:138****6303,消费纠纷,消费纠纷,0.9
WCW202505160906,"辅助：我们在这里报了培训班，对方关门了，现场有五六个人，需要处理138****6303
重复报警:报警时间:2025-05-16 17:07:07, 报警电话:138****6303, 联系电话:138****6303, 报警内容:我们在这里报了培训班，对方关门了，现场有五六个人，需要处理138****6303
重复报警:报警时间:2025-05-16 17:26:29, 报警电话:138****6303, 联系电话:138****6303, 报警内容:非警务 #非警务#纠纷事项#消费问题#报警电话:138****6303",消费纠纷,消费纠纷,0.9
WCW202505160907,我们在这里报了培训课程，现在商家不肯退钱，联系不上有纠纷。159****7029 #非警务#纠纷事项#消费问题#报警电话:159****7029,消费纠纷,消费纠纷,0.9
WCW202505160908,#长效关注#老板说没钱不给我发工资，现在人也找不到了。报警人电话：133****7628 #非警务#纠纷事项#劳资问题#报警电话:133****7628,劳动人事（就业）纠纷,劳动人事（就业）纠纷,0.9
WCW202505160909,#长效关注#我刚刚叫代驾，代驾一直没来，还发了很多信息，催我付款的信息，报警人称不会拨打客服电话，需要帮助。132****4537 #非警务#纠纷事项#消费问题#报警电话:132****4537,消费纠纷,消费纠纷,0.9
WCW202505160910,#长效关注#我是租客，合同到期了，房东承诺让我们住到20号，现在把我们的水电停掉了。173****6577 #非警务#纠纷事项#租赁问题#报警电话:173****6577,债务纠纷,物业管理纠纷,0.9
WCW202505160911,#长效关注#我是租客，合同到期了，房东承诺让我们住到20号，现在把我们的水电停掉了。173****6577（22:44来电催促） #非警务#纠纷事项#租赁问题#报警电话:173****6577,债务纠纷,物业管理纠纷,0.9
WCW202505170001,#长效关注#网约车司机报：乘客不肯下车，现在所门口，报警人电话：134****9419 #非警务#纠纷事项#消费问题#报警电话:134****9419,消费纠纷,消费纠纷,0.9
WCW202505170002,#长效关注#因我打翻了家里垃圾桶，老婆扯我衣服，双方发生纠纷 188****9666 #非警务#纠纷事项#家庭婚姻感情问题#报警电话:188****9666,家庭婚姻纠纷,家庭婚姻纠纷,0.9
WCW202505170003,#长效关注#之前想退费被拒绝后，现在因上课的课时问题，双方发生纠纷 166****7466 #非警务#纠纷事项#消费问题#报警电话:166****7466,消费纠纷,消费纠纷,0.9
WCW202505170004,#长效关注#对方摘了我的果子引起纠纷，电话中争吵激烈，报警人电话：177****7091 #非警务#纠纷事项#其他纠纷事项#报警电话:177****7091,其他纠纷,邻里纠纷,0.9
WCW202505170005,#长效关注#对方摘了我的果子引起纠纷，电话中争吵激烈，报警人电话：177****7091  （辅助下单） #非警务#纠纷事项#其他纠纷事项#报警电话:177****7091,其他纠纷,邻里纠纷,0.9
WCW202505170006,#长效关注#租赁房屋有纠纷，双方有纠纷需要处理。195****9740 #非警务#纠纷事项#租赁问题#报警电话:195****9740,债务纠纷,房地产纠纷,0.9
WCW202505180001,#长效关注#清洁工人来电称有人把很多的水果垃圾倒在绿化带里面，需要工作人员处理，报警人电话：157****6623 #非警务#纠纷事项#其他纠纷事项#报警电话:157****6623,其他纠纷,环保纠纷,0.9
WCW202505180002,#长效关注#因理发打折问题引起，我与工作人员产生纠纷。152****5087 #非警务#纠纷事项#消费问题#报警电话:152****5087,消费纠纷,消费纠纷,0.9
WCW202505180003,"#长效关注#再次来电称没有工作人员来处理，因理发打折问题引起，我与工作人员产生纠纷。152****5087

重复报警:报警时间:2025-05-18 12:14:42, 报警电话:152****5087, 联系电话:152****5087, 报警内容:因理发打折问题引起，我与工作人员产生纠纷。152****5087
3302*****00339 #非警务#纠纷事项#消费问题#报警电话:152****5087",消费纠纷,消费纠纷,0.9
WCW202505180004,这两家培训机构跑路了，现在我在商场里，我会在青锦象门口等处理人员。159****7029 #非警务#纠纷事项#消费问题#报警电话:159****7029,消费纠纷,消费纠纷,0.9
WCW202505180005,我在这里交了培训费，现在这家店跑路了，报警人在现场，现场有很多人，报警人电话138****0609 #非警务#纠纷事项#消费问题#报警电话:138****0609,消费纠纷,消费纠纷,0.9
WCW202505180006,电话里有吵架声，询问无回应，回拨称我在这里报了课程，现在老板跑路了，请处理，联系电话189****0036 #非警务#纠纷事项#消费问题#报警电话:189****0036,其他纠纷,消费纠纷,0.9
WCW202505180007,#长效关注#因口角纠纷引起，女朋友的同事辱骂我。报警人：180****0658 #非警务#纠纷事项#其他纠纷事项#报警电话:180****0658,其他纠纷,口角琐事纠纷,0.9
WCW202505180008,#长效关注#186****8217报：邻居在消防通道养猫，通过物业各方面沟通都没有效果，需要调解 #非警务#纠纷事项#邻里问题#报警电话:186****8217,邻里纠纷,邻里纠纷,0.9
WCW202505180009,#长效关注#186****8217报：邻居在消防通道养猫，通过物业各方面沟通都没有效果，需要调解（电告海曙分局）（辅助下单：来电催促到场处理） #非警务#纠纷事项#邻里问题#报警电话:186****8217,邻里纠纷,邻里纠纷,0.9
WCW202505180010,#长效关注#打车高速费问题引起纠纷，报警人电话：135****5534 #非警务#纠纷事项#司乘（代驾）问题#报警电话:135****5534,消费纠纷,消费纠纷,0.9
WCW202505180011,#长效关注#顺风车司机报：乘客不肯付高速费用132****2236 #非警务#纠纷事项#司乘（代驾）问题#报警电话:132****2236,消费纠纷,消费纠纷,0.9
WCW202505190016,#劳动争议纠纷#民工刘凑生和吴元春到青林湾社区向网格员反应自己2023年在浙江泰沣市政园林建设有限公司工作，期间下到青林湾A区的雨污分流工程工作，工程完结后至今一直未付完其人工，网格员电话联系了公司，负责人联系不上，民工表示不认可，现请求上级部门协同处理。,劳动人事（就业）纠纷,劳动人事（就业）纠纷,0.9
WCW202505190019,#邻里纠纷#水岸心境社区网格员走访发现上院5幢有居民在楼道张贴具有侮辱言语的纸张，404住户知道事件后情绪激动，怀疑是楼下304住户所为，经社区了解304和404住户日常有不少矛盾，包括向下滴水，生活噪音，跳绳扰民等，304住户否认书写，因没有现场证据指明是谁所为，无法调解，需要上级帮助,邻里纠纷,邻里纠纷,0.9
WCW202505190101,#长效关注#对方欠钱不还，引起纠纷    188****1685 #非警务#纠纷事项#经济（债务）问题#报警电话:188****1685,债务纠纷,债务纠纷,0.9
WCW202505190102,#长效关注#我是房东，房子不租了，和租客有纠纷。188****7059 #非警务#纠纷事项#租赁问题#报警电话:188****7059,债务纠纷,债务纠纷,0.7
WCW202505190103,#长效关注#因工资的问题起纠纷。报警人电话：173****6605 #非警务#纠纷事项#劳资问题#报警电话:173****6605,劳动人事（就业）纠纷,劳动人事（就业）纠纷,0.9
WCW202505190104,#长效关注#我报了驾校，现不退钱166****1464 #非警务#纠纷事项#消费问题#报警电话:166****1464,消费纠纷,消费纠纷,0.9
WCW202505190105,#长效关注#我报了驾校，现不退钱166****1464 #非警务#纠纷事项#消费问题#报警电话:166****1464,消费纠纷,消费纠纷,0.9
WCW202505190106,#长效关注#乘客骂我，有纠纷155****2332 #非警务#纠纷事项#司乘（代驾）问题#报警电话:155****2332,消费纠纷,消费纠纷,0.9
WCW202505190107,#长效关注#乘客骂我，有纠纷155****2332（11:03来电催促） #非警务#纠纷事项#司乘（代驾）问题#报警电话:155****2332,消费纠纷,消费纠纷,0.9
WCW202505190108,#长效关注#我在这边买东西，跟商家因为消费问题有纠纷。186****9166 #非警务#纠纷事项#消费问题#报警电话:186****9166,消费纠纷,消费纠纷,0.9
WCW202505190109,#长效关注#我在这边买东西，跟商家因为消费问题有纠纷。186****9166（14:51报警人来电催促） #非警务#纠纷事项#消费问题#报警电话:186****9166,消费纠纷,消费纠纷,0.9
WCW202505190110,#长效关注#我叫了一辆顺风车，司机让我提前支付车费，我不同意，现引起纠纷，联系电话138****6800 #非警务#纠纷事项#司乘（代驾）问题#报警电话:138****6800,消费纠纷,消费纠纷,0.9
WCW202505190111,#长效关注#报警人来电称员工的阿姨来这里帮其侄子要工资，但是未到发工资的时间，双方引起纠纷，需要处理，报警人电话：135****8644 #非警务#纠纷事项#劳资问题#报警电话:135****8644,劳动人事（就业）纠纷,劳动人事（就业）纠纷,0.9
WCW202505190112,我妈（85岁）被院方怀疑戈登热，需要隔离，现在隔离的单间很热，没有空调和风扇，医院工作人员不处理，产生纠纷。153****0263 #非警务#纠纷事项#医患问题#报警电话:153****0263,医疗纠纷,医疗纠纷,0.9
WCW202505190113,我妈（85岁）被院方怀疑戈登热，需要隔离，现在隔离的单间很热，没有空调和风扇，医院工作人员不处理，产生纠纷。153****0263 #非警务#纠纷事项#医患问题#报警电话:153****0263,医疗纠纷,医疗纠纷,0.9
WCW202505190214,#邻里纠纷#新园路118弄28号302居民胡师傅向网格员反映，其对门邻居两夫妻隔天差王的闹矛盾，且闹出动静实在太大，严重影响他们家的作息，网格员致电沟通无效，请求相关科室协助处理。：,家庭婚姻纠纷,口角琐事纠纷,0.9
WCW202505190218,#邻里纠纷#水岸花园6-904住户来社区反映，隔离903租户常常在家里聚餐，持续时间又较晚，房子隔音又差，跟邻居沟通无效，向社区及警务室反映，希望化解噪音扰民问题,邻里纠纷,噪声污染,0.9
WCW202505190219,#邻里纠纷#关爱小区北区208弄5号205居民向社区投诉305住户南面外凸防盗窗尺寸过大遮挡楼下采光并影响205住户防盗窗安装，205住户要求305住户将原防盗窗裁掉一部分，但305住户觉得自家防盗窗安装未超范围不同意该方案，双方住户多次交涉未果，并发生争吵，存在纠纷。网格员上门调解未能缓解矛盾，立即向街道指挥室报告此情况。,治安隐患纠纷,邻里纠纷,0.9
WCW202505190308,#矛调类其他#青林湾东区马女士通过微信向社区网格员反映小区1幢楼下的沿街店铺早上6：00不到就开始剁肉，声音影响居民正常休息，自己和店铺协商也无法解决问题，请求调解协商。,物业管理纠纷,噪声污染,0.9
WCW202505190320,#邻里纠纷#清林闲庭37幢103室吴阿姨来社区求助，因楼上203室在阳台上养花且经常浇水影响她家日常生活，流下来的水不仅白天打湿阳台晾晒的衣物，而且晚上滴滴嗒嗒的影响休息。网格员实地走访了解情况，与楼上203室居民姚女士沟通，对方称又没有多大影响且说吴阿姨小题大做向物业投诉反映，让她感到很反感，为此她还报过警。与双方沟通调解无效，请求上级部门协助处理。,物业管理纠纷,邻里纠纷,0.9
WCW202505190323,社区网格员接到居民反映说118弄108号09室，一家人在家里产生剧烈争吵，貌似还有动手打人的迹象，女方在家里嚎啕大哭，网格员第一时间赶往现场，得知女方已报警说被家暴，脖子处有红印，男方态度恶劣拒绝任何沟通-#婚姻家庭纠纷#,治安隐患纠纷,家庭婚姻纠纷,0.9
WCW202505190401,#邻里纠纷#美佳苑4幢305室居民向网格员反映，405厨房间漏水到他家，多次上门要求修理，对方无视，双方引起矛盾，社区上门调解无果，请上级相关部门协助。,邻里纠纷,邻里纠纷,0.9
WCW202505190407,#邻里纠纷#网格员接到网格内居民来求助，，她反映对门邻居近期凌晨四五点钟经常发出大声吵闹敲打东西的声音，影响他们正常生活，和对门邻居交流没有结果，双方发生多次争吵，甚至动手，现象双方都要求对方赔偿精神损失费，纠纷无法解决。网格员组织双方进行调解，但由于双方在赔偿金额问题上各执一词，互不相让，调解未能成功。请街道相关部门协助处理，找到一个妥善的解决方案，恢复邻里和谐。,治安隐患纠纷,邻里纠纷,0.9
WCW202505190411,"社区网格员在片区走访时，接到23号居民投诉称23号509室装修，把不要用的沙发及建筑垃圾从高空抛下到屋后的绿化带隔离栏上，23号居民同23号509室居民沟通后，对方不同意，双方产生矛盾，社区派人进行调解，不能达成共识，矛盾依旧存在，希望上级部门协助处理此次纠纷。
-#邻里纠纷#",消费纠纷,公共秩序纠纷,0.9
WCW202505190419,广华五网格员接到海华院9幢201居民投诉反映，9幢401的业主给阳台外的花盆浇水时泥水溅出溅到201室的玻璃上，这种情况多次发生，双方因此问题争吵，产生矛盾纠纷。网格员上门劝导，401居民拒绝开门，请求上级处理。,口角琐事纠纷,邻里纠纷,0.9
WCW202505190502,邻里纠纷水岸花园12幢居民向网格员反映自己走路不稳，家门前的通道不畅通。隔壁住户的防盗金属门时常半开半闭，容易让走过的人碰伤，要求解决问题。,经济纠纷,邻里纠纷,0.9
WCW202505190603,网格员接到居民反映，对广泽嘉园18幢54号的居家养老活动室的就餐服务提出投诉，对活动室的厨房使用产生的噪音油烟提出质疑并向上级部门进行反映。,消费纠纷,噪声污染,0.9
WCW202505200012,#邻里纠纷#走访巡查中永和居易11幢居民反映，经常看到有邻居在楼下用剩菜剩饭投喂流浪猫，食物残渣会引来苍蝇和蚂蚁，容易滋生细菌，影响到小区环境。投喂邻居表示此举是关爱小动物，同时也能节约粮食，一举两得。为此双方产生矛盾纠纷，多次在楼道发生激烈争吵引发冲突，邻里矛盾升级。,口角琐事纠纷,邻里纠纷,0.9
WCW202505200017,#邻里纠纷#网格员接到天一家园236号204室居民求助，236号104住户因装修将装修垃圾堆放置1楼车棚窗户下，时间久未及时清运，造成绿化破坏，电动车进出不方便，自行跟对方商量，对方不予理睬。,经济纠纷,工程施工纠纷,0.9
WCW202505200020,#矛调类其他#青林湾社区网格员接到居民投诉，46幢一楼本来有公共绿化，但1楼的住户私自把绿化拆掉了，现在已经把前面的绿化拆完了，要拆后面的绿化，导致邻里之间出现了矛盾，无法化解，请求上级进行处理。,邻里纠纷,邻里纠纷,0.9
WCW202505200027,#邻里纠纷#泰安社区网格员在巡查过程中，有居民反映环城西路北段138弄136号308室渗水到他们家，双方已多次沟通，但308是一直未修复，导致给楼下居民造成生活上的影响。,邻里纠纷,邻里纠纷,0.9
WCW202505200112,#（一件事）矛盾纠纷#211弄4号504楼居民向社区投诉503的居民将鞋柜鞋架摆在楼道口，影响他们的正常出行和楼道卫生环境，两户人家因鞋柜问题发生争执，社区前往现场调解无果。,公共秩序纠纷,邻里纠纷,0.9
WCW202505200114,#邻里纠纷#小区居民来社区反应，他们楼下的在进行装修，但近期为赶工期，经常中午休息时间也在开工，影响了楼上住户的休息，与相关业主多次沟通都没结果，请上级部门予以协助。,物业管理纠纷,噪声污染,0.9
WCW202505200115,#邻里纠纷#网格员走访时发现小区内有很多建筑垃圾，了解到是一居民家在装修，装修公司将施工产生的废弃塑料、木材等建筑垃圾堆放在小区公共道路上，不但影响小区卫生环境，还影响居民的日常出入及存在一定的安全隐患，楼道内居民意见很大，和装修公司沟通多次，社区也进行了调解，但仍无果。鉴于目前情况，社区特将此问题上报至街道相关科室，请求予以协调解决。,公共秩序纠纷,公共秩序纠纷,0.9
WCW202505200503,邻里纠纷网格员接到居民反映水岸花园9幢发生打架斗殴，有人受伤情况十分紧急。网格员火速赶到现场，向邻居和当事人了解情况。起因是：4楼86岁老年痴呆的老太太随意将洗碗脏水往窗户泼，正好泼到11楼准备出门的邻居头上。邻居特别愤怒，在楼下大骂半小时，后又气不过冲到4楼说理。老太太的儿子认为母亲受辱，于是双方起了争执，冲动之下大打出手。11楼居民伤势严重，眼睛大出血，自述看不见了，楼道、电梯、衣裤上全部都是血迹。网格员调解不下，情况严重，请街道上级部门协助处理。,经济纠纷,邻里纠纷,0.9
WCW202505200601,#长效关注#昨天在这里买了一只猫，老板给的是病猫，今天死了，不肯退钱引起纠纷。132****0052 #非警务#纠纷事项#消费问题#报警电话:132****0052,消费纠纷,消费纠纷,0.9
WCW202505200602,#长效关注#有人欠我货款，也欠一个搬运师傅的搬运费，现在在他小区门口138****9322 #非警务#纠纷事项#经济（债务）问题#报警电话:138****9322,债务纠纷,债务纠纷,0.9
WCW202505200603,#长效关注#158****3606：我是物业，对方的车子（浙BD98360白色极氪）下不去地下室，对方不听阻拦非要下去，现在车子堵在这里人已经离开了 #非警务#纠纷事项#物业管理问题#报警电话:158****3606,物业管理纠纷,物业管理纠纷,0.9
WCW202505200604,#长效关注#有人欠我货款，也欠一个搬运师傅的搬运费，现在在他小区门口138****9322 #非警务#纠纷事项#经济（债务）问题#报警电话:138****9322,债务纠纷,债务纠纷,0.9
WCW202505200605,#长效关注#大润发以前给我换购物卡的，现在不给我换购物卡有纠纷。180****3027 #非警务#纠纷事项#消费问题#报警电话:180****3027,消费纠纷,消费纠纷,0.9
WCW202505200606,#长效关注#有个司机把我拉到一个不认识的地方，引起纠纷156****5901 #非警务#纠纷事项#司乘（代驾）问题#报警电话:156****5901,消费纠纷,消费纠纷,0.9
WCW202505200607,#长效关注#因买彩票数量问题发生纠纷。132****5260 #非警务#纠纷事项#消费问题#报警电话:132****5260,消费纠纷,消费纠纷,0.9
WCW202505200608,#长效关注#我是代驾，对方对价格不认同，有纠纷。134****4555 #非警务#纠纷事项#司乘（代驾）问题#报警电话:134****4555,消费纠纷,消费纠纷,0.9
WCW202505200609,#长效关注#因买彩票数量问题发生纠纷。132****5260（20:41报警人来电催促） #非警务#纠纷事项#消费问题#报警电话:132****5260,消费纠纷,消费纠纷,0.9
WCW202505210001,#长效关注#乘客不肯下车有纠纷 137****1418 #非警务#纠纷事项#司乘（代驾）问题#报警电话:137****1418,消费纠纷,消费纠纷,0.9
WCW202505210002,#长效关注#有人在楼道的消防通道里养猫，有纠纷。报警人电话：186****8217 #非警务#纠纷事项#邻里问题#报警电话:186****8217,邻里纠纷,狗患纠纷,0.9
WCW202505210003,#长效关注#180****9773有人欠钱不还，人在现场，有纠纷 #非警务#纠纷事项#经济（债务）问题#报警电话:180****9773,债务纠纷,债务纠纷,0.9
WCW202505210004,#长效关注#我楼上的邻居说我发出的声音导致他精神疾病复发，双方在一块158****0693 #非警务#纠纷事项#邻里问题#报警电话:158****0693,邻里纠纷,邻里纠纷,0.9
WCW202505210005,#长效关注#之前，饿了么配送站给了我两百元，我在这边送了两天的外卖，不想干了，对方让我退钱，我拿不出钱，其不给我身份证，引起纠纷184****4030 #非警务#纠纷事项#劳资问题#报警电话:184****4030,劳动人事（就业）纠纷,劳动人事（就业）纠纷,0.9
WCW202505210006,#长效关注#之前，饿了么配送站给了我两百元，我在这边送了两天的外卖，不想干了，对方让我退钱，我拿不出钱，其不给我身份证，引起纠纷184****4030（辅助下单：来电催促处理） #非警务#纠纷事项#劳资问题#报警电话:184****4030,劳动人事（就业）纠纷,劳动人事（就业）纠纷,0.9
WCW202505210007,#长效关注#我来这里面试，但是没有人和我说已经不招了，有纠纷131****5579 #非警务#纠纷事项#其他纠纷事项#报警电话:131****5579,其他纠纷,劳动人事（就业）纠纷,0.9
WCW202505210008,#长效关注#有个合租房的男生穿着内裤推开我房门，吓到我了，还一直盯着我看，前几天我上班去，回来有烟味怀疑他进来过190****0417 #非警务#纠纷事项#邻里问题#报警电话:190****0417,邻里纠纷,邻里纠纷,0.9
WCW202505210009,#长效关注#131****9451，来这边找工作发现跟中介说的不一样，现在我不干了站点的人要我交各种费用有纠纷 #非警务#纠纷事项#劳资问题#报警电话:131****9451,劳动人事（就业）纠纷,劳动人事（就业）纠纷,0.9
WCW202505210010,#长效关注#灰色广汽传祺(浙BAN3508)在未联系报警人的情况下就直接走了，还让我付了三块钱的等待费 #非警务#纠纷事项#司乘（代驾）问题#报警电话:135****2091,消费纠纷,消费纠纷,0.9
WCW202505210205,青林湾东区网格员在辖区内巡查，碰到居民反应佳雯宠物店在楼道平台用电压力锅气味比较重，影响居民健康并存在安全隐患。网格员第一时间上门劝说，但劝说无果，请相关部门协助处理。,狗患纠纷,狗患纠纷,0.9
WCW202505210402,#邻里纠纷#网格员走访江汇城22幢时，发现1301和邻居1302居民有矛盾，1301反映旁边住户养狗，狗叫声太吵，影响到家人休息，与1302沟通，但无果。请上级相关部门协助处理。,狗患纠纷,狗患纠纷,0.9
WCW202505210405,#邻里纠纷#青林湾社区网格员接到63幢203居民反映，他家楼下居民经常半夜声音很大，他妻子和他都休息不好，严重影响他家休息，社区联系后了解到楼下是出租户，和房东沟通后房东拒绝和楼上沟通，请上级相关部门协同处理。,邻里纠纷,邻里纠纷,0.9
WCW202505210410,网格员走访巡查片区时，新园路118弄91号201居民反映3楼水漏到她家卫生间，导致墙皮脱落，与301沟通，301态度较差，沟通无果。请上级相关部门协助处理。-#邻里纠纷#,公共秩序纠纷,邻里纠纷,0.9
WCW202505210506,#矛调类其他#泰安社区网格员接到广安里居民李女士反映，位于环城西路北段98弄广安里内开设了一家名为“棋茂鑫”的24h外卖超市，以至于每天进来取货的骑手增多，骑手开电瓶车速度很快，小区内老人、小孩居多，容易引发安全隐患；并且超市外卖单集中于晚上，骑手取货声音、超市订单声音很大，影响附近居民正常休息，居民多次与超市负责人沟通，虽然超市采取措施，张贴禁止喧哗等告知骑手，但效果微乎其微，居民与超市之间产生矛盾，寻求上级部门协助处理。,物业管理纠纷,消费纠纷,0.9
WCW202505220001,#长效关注#我老婆被推进去做检查，医生不肯停止，称我要转院153****3980 #非警务#纠纷事项#医患问题#报警电话:153****3980,医疗纠纷,医疗纠纷,0.9
WCW202505220002,#长效关注# 辅助下单，我老婆被推进去做检查，医生不肯停止，称我要转院153****3980 #非警务#纠纷事项#医患问题#报警电话:153****3980,医疗纠纷,医疗纠纷,0.9
WCW202505220003,#长效关注#湖州发生的交通事故，告知报警人联系湖州警方，后报警人称现在双方在一起对方不愿意赔偿，来电需要处理，报警人要求民警到场处理。193****6806 #非警务#纠纷事项#经济（债务）问题#报警电话:193****6806,债务纠纷,交通事故纠纷,0.9
WCW202505220004,#长效关注#二房东不退我租房押金，现我在现场，需要处理。131****0208 #非警务#纠纷事项#租赁问题#报警电话:131****0208,债务纠纷,消费纠纷,0.9
WCW202505220005,#长效关注#只称工人来向我要钱，双方引起纠纷。报警人：156****6009 #非警务#纠纷事项#劳资问题#报警电话:156****6009,劳动人事（就业）纠纷,劳动人事（就业）纠纷,0.9
WCW202505220006,#长效关注#我在这里买到病狗，与老板产生纠纷，报警人电话：159****3803 #非警务#纠纷事项#消费问题#报警电话:159****3803,消费纠纷,消费纠纷,0.9
WCW202505220007,我养的蜜蜂桶掉下来了，现有个扫地的人要把我的蜜蜂桶拿走，双方引起纠纷，要求处理，报警人电话：180****8381 #非警务#纠纷事项#其他纠纷事项#报警电话:180****8381,经济纠纷,其他纠纷,0.9
WCW202505220008,#长效关注#我在这里干活（贴墙布），屋主一定要说是我是我把电视机弄坏了，引起纠纷   158****4268 #非警务#纠纷事项#经济（债务）问题#报警电话:158****4268,债务纠纷,劳动人事（就业）纠纷,0.9
WCW202505220009,#长效关注#对方欠我钱不还，我现在他小区里，需要协商130****8666 #非警务#纠纷事项#经济（债务）问题#报警电话:130****8666,债务纠纷,债务纠纷,0.9
WCW202505220010,#长效关注#对方欠我钱不还，我现在他小区里，需要协商130****8666（辅助下单：来电催促） #非警务#纠纷事项#经济（债务）问题#报警电话:130****8666,债务纠纷,债务纠纷,0.9
WCW202505220011,#长效关注#我们在KTV唱歌因为要送朋友离开了10几分钟，回来的时候发现包厢内的东西被全部收走了，现在因为赔偿问题有纠纷，需要处理     153****3403 #非警务#纠纷事项#消费问题#报警电话:153****3403,消费纠纷,消费纠纷,0.9
WCW202505220012,店员说我没有付钱，引起纠纷137****1858 #非警务#纠纷事项#消费问题#报警电话:137****1858,消费纠纷,消费纠纷,0.9
WCW202505220205,#邻里纠纷#网格员在包片走访时，中山西路1182弄63号101室反映楼上漏水造成房顶石灰多次掉落，已跟201室进行沟通，但对方置之不理，希望社区能出面跟201室进行沟通。后网格员、物业工作人员一同上门协调，但对方租户表示跟他们无关，联系房东一直不肯过来协调，烦请上级部门协调处理。,邻里纠纷,邻里纠纷,0.9
WCW202505220210,#邻里纠纷#竹福园一期38号楼的陈阿姨因受不了楼上潘师傅总是在阳台往下抖落烟灰的行为，到社区寻求帮助。社区及时联系潘师傅了解情况，并耐心劝解，双方暂时达成一致，但几日后回访陈阿姨，称楼上还是有烟灰抖落，与物业保安求证后该情况属实。鉴于潘师傅当面配合但背地里我行我素的行为调解困难，望上级单位协助。,邻里纠纷,邻里纠纷,0.9
WCW202505220216,#邻里纠纷#118弄163号有居民反映4楼一户人家经常把垃圾、杂物丢在楼梯下方，天气热了旁边都是蚊虫，居民与其联系沟通没有效果。社区工作人员致电进行沟通，并张贴温馨通知，依旧乱丢，矛盾升级，请上级协助处理调解。,治安隐患纠纷,公共秩序纠纷,0.9
WCW202505220217,#邻里纠纷#徐家漕社区工作人员发现新园路118弄35号505楼居民与楼下405室居民之间存在矛盾。505室居民在绿化带附近堆放各类杂物，这些杂物不仅占据了通行空间，还散发出难闻的异味，严重影响了环境及相邻居民的生活质量，505室与405室居民之间多次因此事发生口角， 多次调解未果，请求相关科室协助,公共秩序纠纷,邻里纠纷,0.9
WCW202505220222,#邻里纠纷#上院16幢9楼住户多次反映楼上住户漏水导致9楼天花板有水渍，要求10楼整改并赔偿，10楼住户否认赔偿，由此引发矛盾纠纷。社区上门调解无效，将该情况上报至街道相关科室请求协助。,公共秩序纠纷,损害赔偿纠纷,0.9
WCW202505220314,#邻里纠纷#新星龙湾居民来反映，其楼上住户这几天一直有水滴下来，影响其晾晒衣物，自己也上门进行过沟通，网格员和物业多次上门劝说其楼上住户注意不要将水滴到楼下影响他人，但未果，请求协助。,物业管理纠纷,邻里纠纷,0.9
WCW202505220402,#矛调类其他#5月2日阳光一品停电事件受害方邱阿姨被困电梯时第一时间联系了物业，物业回复尽快处理，但10分钟后无应答，故邱阿姨自行联系了公安及消防，被困30分钟才获救，身体不适当场救护车送往医院，期间物业人员未及时陪同，5月4日物业上门拎了水果看望邱阿姨，邱阿姨表示需要支付当天的医疗费用，物业不愿承担，并表示之前处理方式无过错，邱阿姨对物业工作态度不满意，社区社工调解未果，需要相关部门协同处理,消防隐患纠纷,物业管理纠纷,0.9
WCW202505220501,网格员在网格群内接到居民诉求，211弄32号302室与202室因202室是出租户进出楼道时经常不关门，双方发生争吵把门禁上的玻璃砸碎，导致门禁无法使用，双方都不愿承担维修费用，造成邻里关系紧张，碰面的时候经常发生谩骂等。社区和物业多次千万协调，都协调不下来。 -- 邻里纠纷,经济纠纷,邻里纠纷,0.9
WCW202505220601,网格员走访发现高鑫广场二楼644号发源地理发店顾客与理发店店员发生争吵，该顾客是充了电子预付卡的会员，因该店前几天未及时给不会操作智能手机的他家老人消费，特今日来店内讨问说法，店家虽然当日已给老人服务好，但顾客认为有嫌弃老人消费嫌疑，现场双方互相言语激烈导致争吵升级，顾客扬言要发抖音曝光投诉，社区调解无进展，请求上级部门协助。 -- 消费纠纷,公共秩序纠纷,消费纠纷,0.9
WCW202505220701,邻里纠纷西湾晓苑有居民反映有人在停电瓶车的地方遛狗，地上有狗屎，找到狗主人，狗主人不予理会，两人产生矛盾。,狗患纠纷,狗患纠纷,0.9
WCW202505230001,137****5026：对方欠我钱，有纠纷需要处理 #非警务#纠纷事项#经济（债务）问题#报警电话:137****5026,债务纠纷,债务纠纷,0.9
WCW202505230002,#长效关注#有人自称垃圾分类的工作人员，直接进我店里翻东西，引起纠纷。133****0003 #非警务#纠纷事项#其他纠纷事项#报警电话:133****0003,其他纠纷,消费纠纷,0.9
WCW202505230003,#长效关注#有人自称垃圾分类的工作人员，直接进我店里翻东西，引起纠纷。133****0003 #非警务#纠纷事项#其他纠纷事项#报警电话:133****0003,其他纠纷,消费纠纷,0.9
WCW202505230004,#长效关注#老板拖欠工资不肯付，有劳资纠纷。报警人电话：189****0783 #非警务#纠纷事项#劳资问题#报警电话:189****0783,劳动人事（就业）纠纷,劳动人事（就业）纠纷,0.9
WCW202505230005,#长效关注#房子还没到期，房东让我两天内搬离，我不愿意就给我断水断电有纠纷。电话：187****5536 #非警务#纠纷事项#租赁问题#报警电话:187****5536,债务纠纷,房地产纠纷,0.9
WCW202505230006,#长效关注#这辆报废车拖欠物业停车费，车主找了拖车公司来拖车，我们不让，现在拖车公司把车拖到地下停车场出口放着，有纠纷。139****8599 #非警务#纠纷事项#经济（债务）问题#报警电话:139****8599,债务纠纷,债务纠纷,0.9
WCW202505230007,#长效关注#我是维修师傅，我来维修电脑，现对方不肯付钱。172****9830 #非警务#纠纷事项#消费问题#报警电话:172****9830,消费纠纷,消费纠纷,0.9
WCW202505230008,#长效关注#商家没经过我同意就把我手机拆坏了，现在产生纠纷。138****3864 #非警务#纠纷事项#消费问题#报警电话:138****3864,消费纠纷,消费纠纷,0.9
WCW202505230009,#长效关注#电脑维修师傅一直没把我电脑修好还要我付钱有纠纷。电话：177****1548 #非警务#纠纷事项#消费问题#报警电话:177****1548,消费纠纷,消费纠纷,0.9
WCW202505230010,因为租房问题有纠纷。155****4190 #非警务#纠纷事项#租赁问题#报警电话:155****4190,经济纠纷,房地产纠纷,0.9
WCW202505230011,#长效关注#老板娘卖我病狗，现双方在一起，引起纠纷，报警人电话：183****4171 #非警务#纠纷事项#消费问题#报警电话:183****4171,消费纠纷,消费纠纷,0.9
WCW202505230012,#长效关注#老板娘卖我病狗，现双方在一起，引起纠纷，报警人电话：183****4171 #非警务#纠纷事项#消费问题#报警电话:183****4171,消费纠纷,消费纠纷,0.9
WCW202505230013,#长效关注#对方把我的手机修坏了，有纠纷138****3864 #非警务#纠纷事项#消费问题#报警电话:138****3864,消费纠纷,消费纠纷,0.9
WCW202505230014,#长效关注#我打了滴滴，司机绕路，我晕车吐车上了，我擦干净了，还让我赔钱有纠纷。电话：159****3656 #非警务#纠纷事项#司乘（代驾）问题#报警电话:159****3656,消费纠纷,消费纠纷,0.9
WCW202505230015,#长效关注#我打了滴滴，司机绕路，我晕车吐车上了，我擦干净了，还让我赔钱有纠纷。电话：159****3656 #非警务#纠纷事项#司乘（代驾）问题#报警电话:159****3656,消费纠纷,消费纠纷,0.9
WCW202505230016,#长效关注#我在这里买了快餐，但是发现餐品里有苍蝇，双方引起纠纷，报警电话130****9887 #非警务#纠纷事项#消费问题#报警电话:130****9887,消费纠纷,消费纠纷,0.9
WCW202505230111,#邻里纠纷#青林湾社区网格员巡查时，在74幢附近有居民反应二楼的李阿姨平常喜欢捡废品，把废品都堆在楼道里，不仅造成环境脏乱差，也影响日常出入。引起周围居民的不满，居民多次向物业反应，物业多次劝阻效果甚微，双方闹到社区，网格员第一时间调解，收效甚微，请街道协助处理。,公共秩序纠纷,邻里纠纷,0.9
WCW202505230210,#物业管理纠纷#近期兴发新村18幢2楼住户赵某反映楼道外污水管漏水，要求物业维修；小区物业表示该小区没有公共维修基金，难以维修，双方引发矛盾纠纷，社区调整无效，请上级部门协助处理。,物业管理纠纷,物业管理纠纷,0.9
WCW202505230213,#邻里纠纷#网格员接到天一家园10号503室居民求助，楼上603室居民周末上午很早就开始装修，产生的噪音影响周末正常休息，自行多次与对方进行沟通，但未能解决问题。,邻里纠纷,噪声污染,0.9
WCW202505230214,#邻里纠纷#网格员在日常巡查时有居民吴女士反映，楼上漏水导致浴室天花板和客厅墙面全是水渍，墙皮发霉，家里都成水帘洞了，严重影响自己生活。双方多次协商未果，社区调解未果，寻求上级部门协助处理。,邻里纠纷,邻里纠纷,0.9
WCW202505230301,居民李女士与网格员反映13幢负二层临时停车区一直有人乱扔垃圾，弄得很脏很臭，多次反映，物业表示已张贴过公告，但李女士表示都没有作用，认为小区物业光收物业费管理不到位，与物业矛盾升级，请相关部门协助处理。 -- 物业管理纠纷,公共秩序纠纷,物业管理纠纷,0.9
WCW202505230409,#邻里纠纷#网格员在对包片开展走访巡查时，发现南区1幢102居民和103室因隔壁持续狗叫有矛盾。双方交涉无果，并产生激烈争吵，望有关部门协助处理。,口角琐事纠纷,狗患纠纷,0.9
WCW202505230414,#邻里纠纷#青林湾社区有居民来社区反映，楼上居民每天晚上半夜打电话声音很大，还发出各种响声，对他们的睡眠和休息带来了很大的影响，他们去楼上敲门楼上也不开。网格员和楼上居民沟通了解情况，楼上居民表示自己每天晚上有很多事要处理，又是再自己家里打电话，没有在外面影响他们，表示自己没错，而且半夜有人来敲门他又不知道是什么人怎么敢开门。双方态度都很强硬，网格员调解效果甚微，希望街道能够协助处理。,邻里纠纷,邻里纠纷,0.9
WCW202505230504,#矛调类其他#澄波华庭15幢住户来社区查看高空抛物视频，其车在今天下午被橙子砸了一个坑，非常气愤，想要找到肇事者讨要说法。社区通过未来高空抛物摄像头进反复观看后找到肇事者，并与其电联告知其造成的事故，但对方死活不认，态度恶劣，需要上级部门协同处理。,经济纠纷,损害赔偿纠纷,0.9
WCW202505230505,11幢702室居民谢斐斐阿姨投诉楼上902室居民樊菊花阿姨老是衣服不甩干就直接挂到阳台上滴水，多次把她的被子衣服弄湿，之前已经当面提出问题，还是重复发生，若楼上不改变，她将采取过激行为，请求相关部门协助处理。-#邻里纠纷#,邻里纠纷,邻里纠纷,0.9
WCW202505230701,邻里纠纷 网格员走访环城西路北段518号顾佳公寓，遇26幢1单元租户汪女士反映，同楼租户李小姐在小区遛狗经常不拴绳，自己路过时被狗吠惊吓多次，其与李小姐交涉多次，后双方言语不合发生争执，邻里纠纷升级。请相关部门协助。,公共秩序纠纷,狗患纠纷,0.9
WCW202505230801,环城西路北段338号永和居易小区18幢三单元一楼因为之前有户居民把一张大床垫靠在过道。也没有固定支撑很容易倒压，存在隐患，该单元居民已多次与物业反映，物业称已通知张贴电梯内希望放置居民取走。但一直未见清理。居民与物业矛盾纠纷升级，请相关部门协助。 -- 物业管理纠纷,公共秩序纠纷,物业管理纠纷,0.9
WCW202505230802,消费纠纷 网格员在日常巡查中发现，位于环城西路北段138弄19号的宁波刘翠芳健康管理有限公司存在理疗产品推销过程中，涉嫌通过夸大产品功效等方式进行虚假宣传，已引发多名社区居民投诉。为维护社区和谐稳定，及时化解矛盾纠纷，请街道科室协助社区处理。,公共秩序纠纷,消费纠纷,0.9
WCW202505230901,"报警时间	2025-05-23 06:49 报警电话	137****4179 警情地点	青林湾维科上院9幢401 报警内容	不认识的人敲我们家门口，我们打开后，不让我关门了,当事人：张宝 4128*****4975 137****4179 海曙区上院9幢47号401室 当事人：王天明 6104*****3013 137****5026 有卖淫嫖娼前科 户籍详址：浙江省宁波市北仑区新碶街道大港五路28号(铂宁府)14幢803室 矛盾纠纷原因：系双方因寄养宠物签订合同后报警人一方未给佣金引起，现场有4人（代表人：王天明6104*****3013 137****5026）携带一块硬纸板，上有“欠钱还钱”字样，但并未举牌，现场人员无其他过激行为，周边无其他群众围观、无人拍摄。 矛盾化解具体工作措施：民警登记双方代表当事人身份信息，经现场协商，双方未达成一致意见。后民警将涉事方劝离现场，告知涉事方经济纠纷问题可通过司法途径解决，不得有举牌、拉横幅等过激的行为举动。请进一步关注。",公共秩序纠纷,债务纠纷,0.9
WCW202505240001,#长效关注#对方早上骂了我老公，因为对方以为是我们家的车把他堵住了，现在对方开着电瓶车故意堵住我车位前不让我走 #非警务#纠纷事项#邻里问题#报警电话:138****1011,邻里纠纷,邻里纠纷,0.9
WCW202505240002,#长效关注#我手机损坏去卖，因为回收价格有纠纷，我现在在中医院，138****3864 #非警务#纠纷事项#消费问题#报警电话:138****3864,消费纠纷,消费纠纷,0.9
WCW202505240003,"#长效关注#辅助:我昨天我手机损坏去卖，因为回收价格有纠纷，我现在在中医院，138****3864
重复报警:报警时间:2025-05-24 11:18:34, 报警电话:138****3864, 联系电话:138****3864, 报警内容:我昨天我手机损坏去卖，因为回收价格有纠纷，我现在在中医院，138****3864 #非警务#纠纷事项#消费问题#报警电话:138****3864",消费纠纷,消费纠纷,0.9
WCW202505240004,#长效关注#我在这充了卡，店倒闭了，双方都在需要处理157****5188 #非警务#纠纷事项#消费问题#报警电话:157****5188,消费纠纷,消费纠纷,0.9
WCW202505240005,#长效关注#工人因为工资问题在公司里闹，156****6009 #非警务#纠纷事项#劳资问题#报警电话:156****6009,劳动人事（就业）纠纷,劳动人事（就业）纠纷,0.9
WCW202505240006,#长效关注#干活拿不到工资，引起纠纷。176****0972 #非警务#纠纷事项#劳资问题#报警电话:176****0972,劳动人事（就业）纠纷,劳动人事（就业）纠纷,0.9
WCW202505240007,#长效关注#我们在这里玩，后双方行走的时候不小心撞到对方了，现在双方产生纠纷。187****9961 #非警务#纠纷事项#其他纠纷事项#报警电话:187****9961,其他纠纷,口角琐事纠纷,0.9
WCW202505240008,#长效关注#我们（14岁）在这里玩，后双方行走的时候不小心撞到对方了，现在双方产生纠纷，后对方称周一的时候去学校堵我。187****9961 #非警务#纠纷事项#其他纠纷事项#报警电话:187****9961,其他纠纷,涉校园纠纷,0.9
WCW202505240009,#长效关注#有两个人在我们闹事，因为小孩子来买东西多付了钱，就说我们骗小孩，一直在这里吵。电话138****0290 #非警务#纠纷事项#消费问题#报警电话:138****0290,消费纠纷,消费纠纷,0.9
WCW202505240010,#长效关注#租房定金不退，报警人现在不在现场188****9360 #非警务#纠纷事项#租赁问题#报警电话:188****9360,债务纠纷,消费纠纷,0.9
WCW202505250001,#长效关注#有辆车堵住大门，与车主发生口角纠纷。报警人电话：151****7855 #非警务#纠纷事项#其他纠纷事项#报警电话:151****7855,其他纠纷,口角琐事纠纷,0.9
WCW202505250002,#长效关注#186****2879：对方欠我钱，有纠纷需要处理 #非警务#纠纷事项#经济（债务）问题#报警电话:186****2879,债务纠纷,债务纠纷,0.9
WCW202505250003,#长效关注#有个老年人堵在我的车前，不让我离开。需要调解173****9317 #非警务#纠纷事项#其他纠纷事项#报警电话:173****9317,其他纠纷,街面秩序,0.9
WCW202505250004,#长效关注#物业报：两家人因为连廊的问题，吵起来了155****3982 #非警务#纠纷事项#邻里问题#报警电话:155****3982,邻里纠纷,邻里纠纷,0.9
WCW202505250005,在这里消费，现在店里换老板了，双方在一起有纠纷需要处理。139****8299 #非警务#纠纷事项#消费问题#报警电话:139****8299,消费纠纷,消费纠纷,0.9
WCW202505250006,浙BBT3062司机绕路，现在还骂我有纠纷，135****4102 #非警务#纠纷事项#司乘（代驾）问题#报警电话:135****4102,消费纠纷,消费纠纷,0.9
WCW202505250007,#长效关注#浙BDT3062出租车司机报警，乘客说我绕路，我没理他，他就骂我，现在不让我走还不付钱，152****8039 #非警务#纠纷事项#司乘（代驾）问题#报警电话:152****8039,消费纠纷,消费纠纷,0.9
WCW202505250008,#长效关注#辅助：浙BBT3062司机绕路，现在还骂我，有纠纷135****4102 #非警务#纠纷事项#司乘（代驾）问题#报警电话:135****4102,消费纠纷,消费纠纷,0.9
WCW202505260005,网格员在巡查中发现五江湾南区4幢704室和5幢2102室居民因2102室居民在楼下放音乐打太极打出声音过大有矛盾。邻居沟通无果，发生口角，请上级部门协助处理。-#邻里纠纷#,口角琐事纠纷,邻里纠纷,0.9
WCW202505260007,#矛调类其他#青林湾社区网格员早上巡查时接到居民投诉青林湾街88号店铺装修噪音大，严重扰民，网格员和物业赶到现场并和装修工人沟通，但工人不听劝不配合，请求上级部门协助处理。,物业管理纠纷,噪声污染,0.9
WCW202505260008,网格员接到居民反馈，景泰里15号3楼居民经常唱歌，不仅白天唱，晚上也不停，严重影响楼上居民生活休息，请求上级有关部门协助处理。,邻里纠纷,噪声污染,0.9
WCW202505260014,#邻里纠纷#网格员接到天一家园197号103室居民求助，楼上203室漏水，导致他家顶面起皮，柱子发霉，自行多次与对方进行沟通，但未能解决问题。,邻里纠纷,邻里纠纷,0.9
WCW202505260015,#邻里纠纷#网格员接到五江湾小区南区21幢42单元2楼居民电话反映，对门养狗，夏天有异味，夜间狗叫扰民，双方沟通无果，发生口角，请相关部门协助处理。,口角琐事纠纷,狗患纠纷,0.9
WCW202505260106,青林湾东区居民来社区反映邻居楼道堆物问题，主动与邻居沟通后反而起了争执，希望社区协调。社区沟通效果不佳，双方互不相让，请有关部门协助处理。,物业管理纠纷,邻里纠纷,0.9
WCW202505260109,永和居易23幢楼下有机动车违规占道停车现象，导致居民出入困难，多次沟通，双方产生言语争执，矛盾冲突升级。网格员劝解无效，望相关部门协助。-#邻里纠纷#,公共秩序纠纷,街面秩序,0.9
WCW202505260110,#邻里纠纷#网格员接到天一家园166号402室居民求助，楼上502室空调水漏在墙外，导致他家室内墙面起皮，自行多次与对方进行沟通，但未能解决问题。,邻里纠纷,损害赔偿纠纷,0.9
WCW202505260213,#邻里纠纷#网格员在对包片网格开展走访巡查时，发现南区23幢1502居民吕师傅和楼上1802居民因为晾晒问题有矛盾，吕师傅多次沟通无果，产生矛盾，请上级部门协调处理。,邻里纠纷,邻里纠纷,0.9
WCW202505260214,#邻里纠纷#网格员巡查中发现五江湾南区一期7幢603室与楼上703室居民因夜间坠物有矛盾，影响603室居民正常休息，多次沟通无效，发生口角，请上级部门协助处理。,口角琐事纠纷,邻里纠纷,0.9
WCW202505260308,#矛调类其他#青林湾东区网格员接待居民反应说物业早上7点不到就用机器吹垃圾，噪音声非常大影响晚班居民休息，并把灰尘吹的到路中央造成行走不便。与物业沟通后回复说他们都是按正常工作程序在清扫，但是居民说什么也不认可，请求相关部门协助处理。,物业管理纠纷,噪声污染,0.9
WCW202505260401,#长效关注#我在这边买杨梅，现因为骗秤问题产生纠纷，双方在一起134****2633 #非警务#纠纷事项#消费问题#报警电话:134****2633,消费纠纷,消费纠纷,0.9
WCW202505260402,#长效关注#我在这边买杨梅，现因为骗秤问题产生纠纷，双方在一起134****2633（催促） #非警务#纠纷事项#消费问题#报警电话:134****2633,消费纠纷,消费纠纷,0.9
WCW202505260403,我是房东，因为我的房子买了，现我联系不上二房东，要求处理，报警人电话：133****7798 #非警务#纠纷事项#租赁问题#报警电话:133****7798,经济纠纷,其他纠纷,0.9
WCW202505260404,#长效关注#租客报：中介之前报的房租价格跟现在的价格不一样，双方在一起，引起纠纷197****8360 #非警务#纠纷事项#租赁问题#报警电话:197****8360,债务纠纷,消费纠纷,0.9
WCW202505260405,#长效关注#我和朋友有经济纠纷，需要协调198****2825 #非警务#纠纷事项#经济（债务）问题#报警电话:198****2825,债务纠纷,经济纠纷,0.9
WCW202505260503,网格员在片区巡查时阳光嘉园10号312业主向网格员反应楼上的512业主80岁了，还自己用小梯子爬到10号楼的3楼平台，在她家平台窗口不远处种植作物，考虑到自家的隐私得不到保障，而且视野范围之内平台环境也不好，512的业主认为这个平台是每户人家所有，他有权在平台进行活动，还把平台上的堆放物砸碎了，双方在平台上争吵起来还报了警，在警察的劝说下，争吵是平息了，但是矛盾仍然没有得到有效解决，312的业主认为80岁的老人翻墙爬梯，人身安全隐患极高，种植作物所用的工具也到处乱扔，造成环境脏乱差也不尽人意，想通过相关部门能进一步解决此事，让双方的矛盾最终得到有效的解决。 -- 邻里纠纷,经济纠纷,邻里纠纷,0.9
WCW202505260602,矛调类其他  网格员在辖区走访时有一家回收站店主跟网格员投诉说她隔壁的快递配送员休息站每天不处理日常产生的垃圾，导致店门口垃圾长时间堆放，现在天气热异味重还引来很多虫类，双方沟通还引发了争吵。有轻微肢体冲突，幸好程度不重。网格员现场进行调解，但是因为双方意见不同调解未成功，请街道综治办帮助处理。,治安隐患纠纷,公共秩序纠纷,0.9
WCW202505270006,#邻里纠纷#5月26日，网格员发现广泽嘉园儿童游乐设施的圆形秋千已脱落，物业人员检查时发现好象是有人故意损坏，将吊绳剪断。网格员在小区物业监控处查看，的确有位居民手拿工具包在该位置停留了很久才离开。经辨认，网格员认出该居民是住在儿童游乐设施附近的居民，于是上门进行询问情况。该居民十分激动，表示小区儿童游乐设施建在他家附近，十分吵闹，影响他睡眠，他去劝说也没用，因此用极端方式将秋千绳子剪断，矛盾升级，社区调解无果。,经济纠纷,邻里纠纷,0.9
WCW202505270010,#矛调类其他#青林湾社区网格员接到49幢一单元5楼居民反映家里外墙漏水，自行与物业协商未果，投诉物业不作为，网格员与物业协商，物业不太配合，请求上级部门介入。,物业管理纠纷,物业管理纠纷,0.9
WCW202505270306,后塘河十网格员在日常巡查时，接到居民王大爷的投诉。王大爷称，小区门口河道边上每晚都有一批跳广场舞，音乐声震耳欲聋，严重影响了他的休息，他要求跳舞者降低音量，避免在夜间扰民。跳舞的领队李女士则认为，河道边是公共区域，大家有娱乐的权利，而且音量已经调到了合适范围，不存在扰民情况，拒绝调整。-#邻里纠纷#,公共秩序纠纷,噪声污染,0.9
WCW202505270310,#邻里纠纷#网格员在巡查中发现北区15幢39号104室芦阿姨与楼上204室的孙女士因104室居民在架空层养了2只宠物狗，造成架空层卫生脏乱差，严重影响204室居民夜间休息，导致有邻里矛盾，社区上门进行调解，但双方情绪态度比较激烈，互不让步，矛盾未解决，请上级部门协助处理。,狗患纠纷,狗患纠纷,0.9
WCW202505270401,我在工地上干活，我是开挖机的，因为工地安全措施没做好，导致我的挖机损坏，工地不肯修好，我干不了活。158****7687 #非警务#纠纷事项#其他纠纷事项#报警电话:158****7687,环保纠纷,劳动人事（就业）纠纷,0.9
WCW202505270402,#长效关注#5月16号买的狗，得了病去医院看过了，卖家不承认是之前就有毛病的。报警人电话：159****4818 #非警务#纠纷事项#消费问题#报警电话:159****4818,经济纠纷,消费纠纷,0.9
WCW202505270403,我是房东，租客不租了水电费不给。138****3298 #非警务#纠纷事项#租赁问题#报警电话:138****3298,经济纠纷,债务纠纷,0.9
WCW202505270501,2025-05-20 06:13:47 关爱小区118弄142号310室刚才有一个陌生人到我屋里来恐吓我，现在对方人已离开。经了解，张先腊和门道彦系离婚不离家，居住于新园路118弄142号310室，因女方门道彦酒喝多了有一个男的送其回来的问题发生争吵。该对离婚不离家人员有时可能会有男或女朋友会来住处，极易发生不安定因素，需要关注。（报警人男张先腊3426*****6934，182****5032：女方：门道彦4113*****3447，158****6626）,物业管理纠纷,情感纠纷,0.9
WCW202505280103,2025年5月14日19时许，王姣姣拨打派出所电话报警称，15时20分许，其前丈金永晚上在海曙区新园路118弄15号206室因处理小孩的教育等问题时打小孩，民警到现场了解情况时，金永承认本人动手打过儿子金浩宇的事实。5月28日下午15时许在望春派出所民警给金永开具了家庭暴力告诫书，双方和警方各一份，同时通报所在社区。,治安隐患纠纷,家庭婚姻纠纷,0.9
WCW202505280205,"#邻里纠纷#清林闲庭58幢305室业主沈先生来社区反应,楼上租客半夜经常发出很大的声音,影响他正常休息。网格员和张先生找楼上租客沟通多次无果，请上级部门协助处理。
? 
",物业管理纠纷,邻里纠纷,0.9
WCW202505280401,#长效关注#顾客在这里买了东西，以为是染发剂，但是不是染发剂，现在就在这里闹132****8525 #非警务#纠纷事项#消费问题#报警电话:132****8525,消费纠纷,消费纠纷,0.9
WCW202505280402,#长效关注#我打了网约车，我孩子吐车里了，我已经擦干净了，现和司机因赔偿问题起纠纷。报警人：152****7225 #非警务#纠纷事项#司乘（代驾）问题#报警电话:152****7225,消费纠纷,消费纠纷,0.9
WCW202505280403,昨天的事情（我是澄波华庭的业主，澄波华庭小区施工的石子掉在我头上，人还好，暂不需要救护车。报警人在澄波华庭物业办公室等。）现在和物业就赔偿问题协商不下177****0918 #非警务#纠纷事项#物业管理问题#报警电话:177****0918,物业管理纠纷,工程施工纠纷,0.9
WCW202505280404,昨天的事情（我是澄波华庭的业主，澄波华庭小区施工的石子掉在我头上，人还好，暂不需要救护车。报警人在澄波华庭物业办公室等。）现在和物业就赔偿问题协商不下177****0918 #非警务#纠纷事项#物业管理问题#报警电话:177****0918,物业管理纠纷,工程施工纠纷,0.9
WCW202505280405,停着的车被物业的东西砸到了，现物业拒赔，有纠纷199****8669 #非警务#纠纷事项#物业管理问题#报警电话:199****8669,经济纠纷,物业管理纠纷,0.9
WCW202505280406,#长效关注#辅助：停着的车被物业的东西砸到了，现物业拒赔，有纠纷199****8669（来电催促） #非警务#纠纷事项#物业管理问题#报警电话:199****8669,物业管理纠纷,物业管理纠纷,0.9
WCW202505280407,#长效关注#别的司机报警，有车子堵在停车场门口，因为停车码失灵钱付不了引起，138****8042 #非警务#纠纷事项#物业管理问题#报警电话:138****8042,物业管理纠纷,消费纠纷,0.9
WCW202505280408,#长效关注#停车场管理人员称，停车场的码坏了，对方不肯扫私人码，故意堵在前面，其他车都出不去，导致现在路面堵塞，有纠纷，180****6717 #非警务#纠纷事项#物业管理问题#报警电话:180****6717,物业管理纠纷,物业管理纠纷,0.9
WCW202505280409,#长效关注#我想开车出去，扫码时对方称公司码坏了让我扫他个人的码。180****9667 #非警务#纠纷事项#物业管理问题#报警电话:180****9667,物业管理纠纷,消费纠纷,0.9
WCW202505280410,#长效关注#小区乱停车，跟物业反映，处理不好，报警人电话：166****6898 #非警务#纠纷事项#物业管理问题#报警电话:166****6898,物业管理纠纷,物业管理纠纷,0.9
WCW202505280411,#长效关注#小区乱停车，跟物业反映，处理不好，报警人电话：166****6898（20：39报警人来电催促） #非警务#纠纷事项#物业管理问题#报警电话:166****6898,物业管理纠纷,物业管理纠纷,0.9
WCW202505280701,网格员开展片区走访巡查时，发现江汇城一期4幢1102室和1101室因1101室居民经常捡各种纸板堆放在楼道有矛盾，社区上门进行调解，但双方情绪态度比较激烈，互不让步，矛盾未解决。请上级部门协助处理。 -- 邻里纠纷,物业管理纠纷,邻里纠纷,0.9
WCW202505290001,#长效关注#对方没有把我的车胎修好，引起纠纷。报警人电话：152****8721 #非警务#纠纷事项#消费问题#报警电话:152****8721,消费纠纷,消费纠纷,0.9
WCW202505290002,#长效关注#对方没有把我的车胎修好，引起纠纷。报警人电话：152****8721 #非警务#纠纷事项#消费问题#报警电话:152****8721,消费纠纷,消费纠纷,0.9
WCW202505290003,#长效关注#158****8851上周买了只兔子，但是收到货不是我们想要的，昨天接到12315电话叫我们去换一只，今天去了以后商家不让我们换，有纠纷需要处理 #非警务#纠纷事项#消费问题#报警电话:158****8851,消费纠纷,消费纠纷,0.9
WCW202505290004,#长效关注#房东没有经过我们的同意把我们店里的冷冻柜卖了，五月中旬有给我们发过函，我们的师傅131****3685快到 #非警务#纠纷事项#经济（债务）问题#报警电话:189****3308,债务纠纷,经济纠纷,0.9
WCW202505290005,#长效关注#我租车跑滴滴，对方不同意我跑自己平台，我付了500押金，现在对方不退押金。报警人：137****4330 #非警务#纠纷事项#租赁问题#报警电话:137****4330,债务纠纷,消费纠纷,0.9
WCW202505290006,#长效关注#（辅助下单 来电催促）我租车跑滴滴，对方不同意我跑自己平台，我付了500押金，现在对方不退押金。报警人：137****4330 #非警务#纠纷事项#租赁问题#报警电话:137****4330,债务纠纷,消费纠纷,0.9
WCW202505290007,#长效关注#我是外卖骑手，外卖送到江慧城进不去，顾客就让我放门口，放在门口后，对方又打电话骂我，现在在白云，准备去事发地，请与其联系。190****7386 #非警务#纠纷事项#物流（快递）问题#报警电话:190****7386,消费纠纷,消费纠纷,0.9
WCW202505300401,#长效关注#因对方车主不肯移车，有纠纷，报警人电话：153****0766 #非警务#纠纷事项#邻里问题#报警电话:153****0766,邻里纠纷,邻里纠纷,0.9
WCW202505300402,我邻居故意把泥巴弄在我家，还在我家门口吐痰，要求处理，报警人电话：180****5205 #非警务#纠纷事项#邻里问题#报警电话:180****5205,邻里纠纷,邻里纠纷,0.9
WCW202505300403,我与房东因为房租问题产生纠纷，报警人电话：186****1698 #非警务#纠纷事项#租赁问题#报警电话:186****1698,经济纠纷,其他纠纷,0.9
WCW202505300404,#长效关注#我与房东因为房租问题产生纠纷，报警人电话：186****1698 #非警务#纠纷事项#租赁问题#报警电话:186****1698,债务纠纷,其他纠纷,0.9
WCW202505300405,#长效关注#有条狗没栓绳子，向我跑过来，因我将狗踢开了，现与狗主人产生纠纷。183****8612 #非警务#纠纷事项#其他纠纷事项#报警电话:183****8612,其他纠纷,狗患纠纷,0.9
WCW202505300406,#长效关注#大堂工作人员打电话说我们欠款，但是没有这回事，引起纠纷。138****7238 #非警务#纠纷事项#其他纠纷事项#报警电话:138****7238,其他纠纷,债务纠纷,0.9
WCW202505300407,#长效关注#培训机构不退我培训费有纠纷，双方在一起，需要调解135****2055 #非警务#纠纷事项#消费问题#报警电话:135****2055,消费纠纷,消费纠纷,0.9
WCW202505300601,现将广安社区多次报警并有情感纠纷的人员推送至街道社区，请关注。居住于宁波市海曙区环城西路北段492号的刘志明、黄冬梅夫妇；居住于宁波市海曙区顾佳公寓24幢5单元201的陈涛、于晴晴夫妇；居住于宁波市海曙区青苹果1幢1111室的张大菊、邹小义夫妇。,公共秩序纠纷,情感纠纷,0.9
WCW202505310001,#长效关注#物业报：租户不付停车费有纠纷137****7075 #非警务#纠纷事项#物业管理问题#报警电话:137****7075,物业管理纠纷,物业管理纠纷,0.9
WCW202505310002,#长效关注#我妈妈的房子卖了，这个房款有我一半，现我妹妹把钱都拿走了没有给我，她现在电话也不接。报警人电话：198****7710 #非警务#纠纷事项#家庭婚姻感情问题#报警电话:198****7710,家庭婚姻纠纷,家庭婚姻纠纷,0.9
WCW202505310003,#长效关注#干活拿不到工资，引起纠纷。152****3351 #非警务#纠纷事项#劳资问题#报警电话:152****3351,劳动人事（就业）纠纷,劳动人事（就业）纠纷,0.9
WCW202505310004,#长效关注#中介带我看房，让我交定金，现在不肯退，有纠纷，156****1625 #非警务#纠纷事项#租赁问题#报警电话:156****1625,债务纠纷,消费纠纷,0.9
WCW202505310005,#长效关注#中介带我看房，让我交定金，现在不肯退，有纠纷，156****1625 #非警务#纠纷事项#租赁问题#报警电话:156****1625,债务纠纷,消费纠纷,0.9
WCW202505310006,之前我的电脑坏了，在广泽家园找了上门维修，现因维修问题和维修师傅有纠纷，报警人现在望童北苑22幢53单元605室。177****1548 #非警务#纠纷事项#消费问题#报警电话:177****1548,其他纠纷,消费纠纷,0.9
WCW202505310007,#长效关注#我是外卖骑手，我的外卖送错了，客户把送错的外卖吃掉了，但是不肯付钱，有纠纷，157****2433 #非警务#纠纷事项#物流（快递）问题#报警电话:157****2433,消费纠纷,消费纠纷,0.9
WCW202505310008,#长效关注#我买了两只小猫，过了两天猫就死了，老板不肯退钱，引起纠纷。153****9370 #非警务#纠纷事项#消费问题#报警电话:153****9370,消费纠纷,消费纠纷,0.9
WCW202505310009,#长效关注#外卖员来电因为外卖让买外卖的人帮忙按按钮，对方就骂我有纠纷。131****5285 #非警务#纠纷事项#物流（快递）问题#报警电话:131****5285,消费纠纷,消费纠纷,0.9
WCW202505310010,#长效关注#外卖员来电因为外卖让买外卖的人帮忙按按钮，对方就骂我有纠纷。131****5285。报警人来电催促。 #非警务#纠纷事项#物流（快递）问题#报警电话:131****5285,消费纠纷,口角琐事纠纷,0.9
WCW202505310011,我在这里买了一条狗，现在因为退款问题产生纠纷。159****4818 #非警务#纠纷事项#消费问题#报警电话:159****4818,经济纠纷,消费纠纷,0.9
WCW202505310012,#长效关注#两个病人在这里吵架，我们保安劝阻不了，需要民警处理，可能是因为经济上的纠纷，182****8156 #非警务#纠纷事项#经济（债务）问题#报警电话:182****8156,债务纠纷,其他纠纷,0.9
WCW202505310013,#长效关注#对方向我买酒，现在对方说我的酒有问题，因此把我的酒砸了，并且不给我钱，我现在准备过去，需要协调。183****2130 #非警务#纠纷事项#消费问题#报警电话:183****2130,消费纠纷,消费纠纷,0.9
WCW202505310014,131****0695，中介报警，租赁纠纷，需要调解。 #非警务#纠纷事项#租赁问题#报警电话:131****0695,债务纠纷,房地产纠纷,0.9
WCW202505310015,我和老公有纠纷，现在我被他关在门外，130****5212 #非警务#纠纷事项#家庭婚姻感情问题#报警电话:130****5212,家庭婚姻纠纷,家庭婚姻纠纷,0.9
WCW202505310101,2025年5月30日10时16分许，李丽萍打110报警称其前夫因感情纠纷打其，什么工具记不得了，其人还好，120不要。调查后 发现（何志良，138****6873；李丽萍133****0090）之前系夫妻关系，双方 已有多次因家庭感情纠纷引起的报警，现双方已离婚，本次警情系李丽萍前往何志良暂住地谈事情，后双方发生性关系，事后因不和谐发生纠纷，何志良打了李丽萍。后民警将双方带回所里调解处置，对双方进行了劝诫，李丽萍原谅了何志良，不追究何志良任何法律责任，双方已经签订了治安调解协议书。请街道社区关注该二人后续情况。,公共秩序纠纷,情感纠纷,0.9
XMEW202505010004,报警内容：我朋友给他妈妈（在广西）打电话说要自杀（苏格弘，男生，182****3766），然后他就把银行卡账号密码都发给我们了，现在联系不上他。民警到达现场，系翠柏二里26幢100号405室，见到当事人苏格弘（4504*****1513，182****3766，翠柏二里26幢100号405室），经了解下班回家喝了半斤酒，目前人清醒，表示没有事不需要民警帮助，经询问其表示没有亲戚朋友在宁波，其要休息了，遂民警先行撤离。电话联系报警人（132****1395，报警人身份信息不详），其表示他们都不在宁波，苏的母亲明天一早就飞宁波，她们不知道有其他亲戚朋友在宁波的，提供了苏的母亲黎桂梅（4504*****5523，136****9719）电话，联系当事人母亲询问是否有亲戚朋友在宁波可以去照顾一下苏的，其母亲表示有一个同学朋友在宁波她正在联系，暂未联系上。现已将当事人苏格弘交给其朋友徐娟（3402*****6747，178****3910），徐娟会照顾他。需关注,其他,其他纠纷,0.9
XMEW202505010101,BOSS直聘上找外卖骑手工作，到现场后，工作人员说的与广告上的不符，双方有纠纷   180****3072 #非警务#纠纷事项#其他纠纷事项#报警电话:180****3072,消费纠纷,劳动人事（就业）纠纷,0.9
XMEW202505010102,（辅助下单，催促）BOSS直聘上找外卖骑手工作，到现场后，工作人员说的与广告上的不符，双方有纠纷   180****3072 #非警务#纠纷事项#其他纠纷事项#报警电话:180****3072,消费纠纷,劳动人事（就业）纠纷,0.9
XMEW202505010103,我在2楼亲子游乐场充了钱，他们现在要搬走，我要退钱，不肯退，电话159****9502 #非警务#纠纷事项#消费问题#报警电话:159****9502,消费纠纷,消费纠纷,0.9
XMEW202505020001,2025-05-02 11:40:45民警陈瑜到达现场，系后漕巷16号305婆媳矛盾，婆婆挥手没有打到报警人，已经开具家暴告诫书，已现场调解。报警人陈婷婷（3604*****5627，189****0877，后漕巷16号305）,家庭婚姻纠纷,家庭婚姻纠纷,0.9
XMEW202505020301,这里有人不让我停车，引起纠纷。178****1475 #非警务#纠纷事项#其他纠纷事项#报警电话:178****1475,其他纠纷,街面秩序,0.9
XMEW202505020302,这里有人不让我停甬城泊车的车位，引起纠纷。178****1475。（后来电催促） #非警务#纠纷事项#其他纠纷事项#报警电话:178****1475,其他纠纷,街面秩序,0.9
XMEW202505020303,修车店老板报，我带孩子来要修车费，报警人在现场，182****3601 #非警务#纠纷事项#其他纠纷事项#报警电话:182****3601,经济纠纷,消费纠纷,0.9
XMEW202505030001,我昨天在店里付了600元现金，刚刚与我联系有一张137****9083 #非警务#纠纷事项#消费问题#报警电话:137****9083,消费纠纷,消费纠纷,0.9
XMEW202505030002,我是房东，我的租客不肯付房租。报警人电话：057****90107 #非警务#纠纷事项#租赁问题#报警电话:057****90107,经济纠纷,债务纠纷,0.9
XMEW202505030003,有骑手堵在我们出单口，现引起纠纷，对方还骂人，139****0271。 #非警务#纠纷事项#物流（快递）问题#报警电话:139****0271,消费纠纷,街面秩序,0.9
XMEW202505040001,"无回应，回拨称我家楼上生活噪音很吵扰民，我上来我邻居讲，双方产生纠纷，报警人电话
131****8848 #非警务#纠纷事项#邻里问题#报警电话:131****8848",邻里纠纷,噪声污染,0.9
XMEW202505040002,我买他的东西，因为斤数问题，需要处理172****0306 #非警务#纠纷事项#消费问题#报警电话:172****0306,消费纠纷,消费纠纷,0.9
XMEW202505040003,我买他的东西，因为斤数问题，需要处理172****0306 #非警务#纠纷事项#消费问题#报警电话:172****0306,消费纠纷,消费纠纷,0.9
XMEW202505040004,楼上602管道漏水，导致我卫生间都是水，现有纠纷，双方在一起，177****3523 #非警务#纠纷事项#邻里问题#报警电话:177****3523,邻里纠纷,邻里纠纷,0.9
XMEW202505040005,#长效关注#已多次报警：（610一直在漏水，但是对方一直不肯承认，已经联系过物业，物业也处理不了，需要协调139****9900），现在报警人又来电了139****9900 #非警务#纠纷事项#邻里问题#报警电话:139****9900,邻里纠纷,邻里纠纷,0.9
XMEW202505040006,有人欠钱不还，186****6992 #非警务#纠纷事项#经济（债务）问题#报警电话:186****6992,债务纠纷,债务纠纷,0.9
XMEW202505040007,#长效关注#4月19号我前夫把我车（浙J7S25Y，蓝色越野车）开走了，后称双方还在离婚冷静期，担心其老公把车子拿去卖了，158****0344 #非警务#纠纷事项#家庭婚姻感情问题#报警电话:158****0344,家庭婚姻纠纷,家庭婚姻纠纷,0.9
XMEW202505040101,"无回应,回拨称我家楼上生活噪音很吵扰民,我上来我邻居讲,双方产生纠纷,报警人电话131****8848",消费纠纷,噪声污染,0.9
XMEW202505050001,很多电瓶车停在路边，对方不移走引起纠纷186****1862 #非警务#纠纷事项#其他纠纷事项#报警电话:186****1862,邻里纠纷,街面秩序,0.9
XMEW202505050002,因为昨天的噪音问题，楼上邻居在门口闹事骂我，使劲敲我门。133****1313 #非警务#纠纷事项#邻里问题#报警电话:133****1313,邻里纠纷,邻里纠纷,0.9
XMEW202505050003,楼上水管堵了，导致水漫进我家里，物业不处理，双方有纠纷  138****9508 #非警务#纠纷事项#物业管理问题#报警电话:138****9508,邻里纠纷,物业管理纠纷,0.9
XMEW202505050004,因为挪车问题和对方有纠纷137****5433 #非警务#纠纷事项#其他纠纷事项#报警电话:137****5433,邻里纠纷,其他纠纷,0.9
XMEW202505060001,夫妻两人因家庭琐事引起纠纷,家庭婚姻纠纷,家庭婚姻纠纷,0.9
XMEW202505060002,"2025-05-02 09:26:29民警陈瑜到达现场,系翠柏一里20幢66号505室，因被子问题邻里纠纷,民警已现场调解。505顾双燕(3302*****2249,158****5818) 405张立胜（2323*****1514，193****5613）",邻里纠纷,邻里纠纷,0.9
XMEW202505060101,胜丰路84弄2号103室居民因84弄27号一楼居民在其家阳台下绿化带私自种养大量盆栽花草不满，认为该行为招致大量蚊虫对其家造成影响，与其理论未果，双方互相拉扯，争吵不休。-#邻里纠纷#,口角琐事纠纷,邻里纠纷,0.9
XMEW202505060201,钱南小区居民反映文化路387弄2号103室阳台出水管私自接出阳台，未接入总管，导致生活用水自阳台外流，因387弄2后阳台南面为小区晾晒处，大量水渍直接倾倒至其晾晒衣物，与387弄2号103室屋主协商，其以房屋目前暂未居住为由，拒绝处理。双方产生矛盾。-#邻里纠纷#,物业管理纠纷,邻里纠纷,0.9
XMEW202505060208,鄮西巷22号102室许先生反映楼上陈女士阳台漏水，导致其家里多个墙面浸水，经沟通，陈女士已安排人对其家里受损的墙面进行修复，但是粉刷时本人不在家，粉刷过的墙面色差相差悬殊，对此许先生很不满意，希望陈女士安排人重新进行修复，陈女士不同意，希望进行调解。,经济纠纷,邻里纠纷,0.9
XMEW202505060309,#邻里纠纷#胜丰社区146号3楼居民反映楼道内有住户的狗多次在其家门口乱拉屎尿，因此将楼上养犬居民当做怀疑对象，两家激烈争执，社区调解无效，请街道相关部门协助,狗患纠纷,狗患纠纷,0.9
XMEW202505060311,#邻里纠纷#胜丰路110弄有居民养狗，狗随地大小便，影响环境，邻居投诉，要求社区协调,狗患纠纷,狗患纠纷,0.9
XMEW202505060501,我是这里的临时工，手指被烫了，对方不肯赔偿，有纠纷，报警人电话：133****6291 #非警务#纠纷事项#劳资问题#报警电话:133****6291,劳动人事（就业）纠纷,劳动人事（就业）纠纷,0.9
XMEW202505060502,有人到我们地方来要装修工程款，我们已经和装修公司结清了，现在双方有纠纷，报警人电话137****8771 #非警务#纠纷事项#经济（债务）问题#报警电话:137****8771,债务纠纷,工程施工纠纷,0.9
XMEW202505060503,物业砍树时划花了我停着的车，现引起纠纷，报警人电话：134****5086 #非警务#纠纷事项#物业管理问题#报警电话:134****5086,经济纠纷,损害赔偿纠纷,0.9
XMEW202505060504,我来这里租房子，现和房东因押金的问题引起纠纷，报警电话198****8569 #非警务#纠纷事项#租赁问题#报警电话:198****8569,经济纠纷,消费纠纷,0.9
XMEW202505060505,我来这里租房子，现和房东因押金的问题引起纠纷，报警电话198****8569 #非警务#纠纷事项#租赁问题#报警电话:198****8569,经济纠纷,消费纠纷,0.9
XMEW202505060506,我在这里个游乐园充了500元就玩了二次，今天发现这个游乐园正在搬迁，我要退卡发现卡内没钱，需要处理。现场还有别的要退卡的顾客在      137****7356 #非警务#纠纷事项#消费问题#报警电话:137****7356,消费纠纷,消费纠纷,0.9
XMEW202505060507,因为退租的电瓶车，和老板有纠纷150****3830 #非警务#纠纷事项#租赁问题#报警电话:150****3830,经济纠纷,消费纠纷,0.9
XMEW202505070005,6幢居民反应，每天6点不到.楼下就传来敲打声，天天早上被吵醒，影响其正常休息。网格员和居民上门协调，仍然无用，希望有关部门协调处理,邻里纠纷,噪声污染,0.9
XMEW202505070104,柳庄巷6号东方苑雅阁小区三楼平台，居民间因平台种花问题产生矛盾，社区物业多次介入调解，又与社区物业产生矛盾，拒不接受调解结果。目前花草被砸，花坛被占，不愿主动清理，也阻碍物业清理，严重影响周边居民生活，请相关部门协助处理。-#邻里纠纷#,物业管理纠纷,邻里纠纷,0.9
XMEW202505070110,翠柏二里26幢附近有居民在公共部位，长期乱堆放装修垃圾及生活垃圾，臭气漫天。社区几次汇同物业上门做业主工作，要求及时清理，还邻里一下干净的居住环境。在沟通中该物主表示：“自己不是不清理，只因在装修过程中隔壁邻居，三番五次投诉自己违规装修，现经房管部门认定未违规装修，要求115号303室投诉方赔礼道歉，赔偿停工损失。”否则，就是物业半价清理，也不清理。而303室居民认为自己是正义之举，坚决不认错。社区几次组织调解未能调解成功，现请街道矛盾调解中心、城管部门共同协助调解本案。,公共秩序纠纷,损害赔偿纠纷,0.9
XMEW202505070203,#邻里纠纷#网格里66弄居民遛大型犬拉布拉多没有牵绳，狗还对着居民在叫。居民多次向社区反映希望主人遛狗牵绳。狗主人以狗只是叫叫不会咬人为由，拒绝牵绳。请求上街协调。,经济纠纷,狗患纠纷,0.9
XMEW202505070210,丰柏街63号601室张敏下楼拿牛奶途中被柳翠街45号405室的大型犬咬伤，对方拒绝赔偿拒绝沟通，网格员多次联系无果，请街道矛调中心协助解决。,经济纠纷,狗患纠纷,0.9
XMEW202505070501,楼下503室有类似直播的声音，噪音扰民，需要处理,邻里纠纷,噪声污染,0.9
XMEW202505070502,昨天报过警，物业砍树时划花了我停着的车，需要再次处理,邻里纠纷,损害赔偿纠纷,0.9
XMEW202505070503,我是保安，有人不付停车费，引起纠纷。138****8635,公共秩序纠纷,消费纠纷,0.9
XMEW202505070801,2楼的住户倒水下来把我衣服弄湿了，137****4280 #非警务#纠纷事项#邻里问题#报警电话:137****4280,邻里纠纷,邻里纠纷,0.9
XMEW202505070802,2楼的住户倒水下来把我衣服弄湿了，137****4280 #非警务#纠纷事项#邻里问题#报警电话:137****4280,邻里纠纷,邻里纠纷,0.9
XMEW202505070803,我是保安，有人不付停车费，引起纠纷。138****8635 #非警务#纠纷事项#物业管理问题#报警电话:138****8635,经济纠纷,消费纠纷,0.9
XMEW202505080001,我是出租车（浙BT1819）司机，乘客在我车上吐了，现对方不承认引起纠纷，报警人电话：189****9909 #非警务#纠纷事项#司乘（代驾）问题#报警电话:189****9909,消费纠纷,消费纠纷,0.9
XMEW202505080002,储值卡退费引发纠纷，159****0678 #非警务#纠纷事项#消费问题#报警电话:159****0678,消费纠纷,消费纠纷,0.9
XMEW202505080003,储值卡退费引发纠纷，159****0678 #非警务#纠纷事项#消费问题#报警电话:159****0678,消费纠纷,消费纠纷,0.9
XMEW202505080004,店员：供货商强行来卸货，对方是跟前一个商户的货有关系，现在却进我们仓库来卸货。133****2389 #非警务#纠纷事项#物流（快递）问题#报警电话:133****2389,消费纠纷,消费纠纷,0.9
XMEW202505080005,"非警务催促：储值卡退费引发纠纷，159****0678
 #非警务#纠纷事项#消费问题#报警电话:159****0678",消费纠纷,消费纠纷,0.9
XMEW202505080006,有人和前老板有经济纠纷，现在对方要拿我们的货引起纠纷。135****7800 #非警务#纠纷事项#经济（债务）问题#报警电话:135****7800,债务纠纷,经济纠纷,0.9
XMEW202505080007,在网上订了宾馆，实际与网图不符，要退款对方不愿意。198****4432 #非警务#纠纷事项#消费问题#报警电话:198****4432,消费纠纷,消费纠纷,0.9
XMEW202505080008,在网上订了宾馆，实际与网图不符，要退款对方不愿意。198****4432 #非警务#纠纷事项#消费问题#报警电话:198****4432,消费纠纷,消费纠纷,0.9
XMEW202505080009,我在买东西，员工态度差，说我指甲抠东西，报警人一直骂人状态176****6717 #非警务#纠纷事项#消费问题#报警电话:176****6717,消费纠纷,消费纠纷,0.9
XMEW202505080101,新芝源境府9幢603因503租客深夜直播游戏大喊大叫，产生噪音影响睡眠，社区与物业协助调解后双方仍未达成和解。请街道有关部门协助处理。,邻里纠纷,噪声污染,0.9
XMEW202505080102,因管子老化破损，楼上卫生间渗水漏至楼下，造成楼下墙壁发霉，渗漏，严重影响生活，经社区多次协调未果，请街道相关部门协助解决。,经济纠纷,损害赔偿纠纷,0.9
XMEW202505080202,网格群里居民强烈反映对面施工的粉尘让他们无法开窗、噪音扰得他们晚上入睡都难，都没法正常生活了，要求社区特别是街道相关部门做做工作，施工不要影响他们的正常生活,工程施工纠纷,噪声污染,0.9
XMEW202505080205,钱东社区二网格柳翠街7号108居民胡质彬老先生来社区反映住车棚的207居民宋连群（肢体残疾，不方便住楼上，用尿不湿）每天用下来的尿不湿包扔在楼道，刚好是胡老先生的窗户地下，臭气熏天，和宋连群说了好几次，宋每次都已自己残疾不方便推脱，屎尿包照扔，胡老先生苦不堪言，来社区求助。-#邻里纠纷#,物业管理纠纷,邻里纠纷,0.9
XMEW202505080305,居民来电话反映怡景苑小区27号楼道在凌晨会听到鸡打鸣的声音，影响居民休息，附近居民反映到物业，物业未找到鸡，就要求社区排摸调解，经了解为27号一居民在家饲养，经多次调解无果，需协助。,物业管理纠纷,狗患纠纷,0.9
XMEW202505080307,走访巡逻片区中沈师傅反映邻居养狗不讲卫生，出门不栓狗绳，还随地大小便，主人看管不严，造成公共区域有异味，细菌滋生。希望介入调解。,狗患纠纷,狗患纠纷,0.9
XMEW202505080309,新高路2弄6号101居民反应201室卫生间漏水到她们家，社区进行调解无果，希望上级予以协助。,邻里纠纷,邻里纠纷,0.9
XMEW202505090007,汪弄社区第七网格筱墙巷55号2楼和3因为噪音问题发生矛盾，多次调解无果，望街道协调解决,邻里纠纷,邻里纠纷,0.9
XMEW202505090109,#邻里纠纷#有一辆小货车堵住路口，影响过往车辆行人通行，引发矛盾纠纷。经过社区协调，拒绝立马开走。需要街道城管相关部门协助处理,公共秩序纠纷,街面秩序,0.9
XMEW202505090110,新芝望府居民近期多次反映宁望府工地施工时，灰很多，有时候噪音也很大，社区协调后，居民认为没有改善，双方矛盾家具，请街道协助处理。,工程施工纠纷,噪声污染,0.9
XMEW202505090111,#邻里纠纷#丰柏街48号401和501多次因501住户凌晨下班到家后发出噪音引发矛盾，社区调解无效,邻里纠纷,噪声污染,0.9
XMEW202505090204,#邻里纠纷#有居民反应店铺卸货的大货车一直堵在路口，导致来往车辆个行人无法通行，引发矛盾纠纷。经过社区协调，拒绝立马开走。需要街道城管相关部门协助处理。,公共秩序纠纷,街面秩序,0.9
XMEW202505090205,布政巷9号210陈师傅反映前段时间修好的车棚又开始漏水，业委会的维修结果不经用，需要物业和业委会继续共同处理，是否使用维修基金，请相关部门协助处理。,物业管理纠纷,物业管理纠纷,0.9
XMEW202505090302,汪弄网格四多次接源和巷15号，16号，17号居民投诉16号602室居民养了一只大狗，遛狗不牵绳，放任大狗在平台大小便，多次和邻居发生矛盾。网格员每次上门调解后改善几天，过后又矛盾升级。请上级部门协调解决,狗患纠纷,狗患纠纷,0.9
XMEW202505090401,我老婆和公司关于产假有纠纷，她在公司里面，我在公司门口，电话173****9087 #非警务#纠纷事项#劳资问题#报警电话:173****9087,劳动人事（就业）纠纷,劳动人事（就业）纠纷,0.9
XMEW202505090402,我是租客，因房租问题和房东有纠纷，需要调解189****4488 #非警务#纠纷事项#租赁问题#报警电话:189****4488,经济纠纷,债务纠纷,0.7
XMEW202505090403,银行工作人员报：顾客的身份证电脑中显示没有芯片图片，我们要求其提供下其他辅助证件，其不同意，一直拿着身份证一直要办，现在一直坐在窗口处，引起纠纷057****84711 #非警务#纠纷事项#金融问题#报警电话:057****84711,消费纠纷,金融纠纷,0.9
XMEW202505090404,182****7321报：因退租车问题与公司有纠纷 #非警务#纠纷事项#租赁问题#报警电话:182****7321,经济纠纷,消费纠纷,0.9
XMEW202505090804,东方威尼斯小区居民反映永丰桥拓宽工程导致她家玻璃窗出现裂缝，社区多次与施工方及居民进行调解，无果，望街道矛调中心介入。,经济纠纷,工程施工纠纷,0.9
XMEW202505100001,找了一个开锁师傅，门开不了还要收我钱，双方在一起有纠纷需要处理。137****7083 #非警务#纠纷事项#消费问题#报警电话:137****7083,消费纠纷,消费纠纷,0.9
XMEW202505100002,这里有个流浪汉阻止我们拆自己的生活区域，双方引起纠纷。报警人：182****2229 #非警务#纠纷事项#其他纠纷事项#报警电话:182****2229,其他纠纷,其他纠纷,0.9
XMEW202505100003,我和商家因为商品质量有纠纷135****3478（请分局通知四平台） #非警务#纠纷事项#消费问题#报警电话:135****3478,消费纠纷,消费纠纷,0.9
XMEW202505100004,因为商品质量有问题，我和商家有纠纷，报警人电话135****3478（请分局通知四平台） #非警务#纠纷事项#消费问题#报警电话:135****3478,消费纠纷,消费纠纷,0.9
XMEW202505100005,因停车费用问题，与物业发生纠纷 133****3812 #非警务#纠纷事项#物业管理问题#报警电话:133****3812,物业管理纠纷,消费纠纷,0.9
XMEW202505110001,家里用电一直跳闸，漏电，联系物业，物业不管。136****1045 #非警务#纠纷事项#物业管理问题#报警电话:136****1045,物业管理纠纷,物业管理纠纷,0.9
XMEW202505110002,我叫了滴滴车浙BAN7606，现我吐在车上了，司机要我赔偿500元，有纠纷。187****1701 #非警务#纠纷事项#消费问题#报警电话:187****1701,消费纠纷,消费纠纷,0.9
XMEW202505110003,来电有吵架声，具体地址和事情未说电话挂断，回拨联系报警人称我是外卖员，我和小区的居委会有纠纷。188****6851 #非警务#纠纷事项#物业管理问题#报警电话:188****6851,消费纠纷,其他纠纷,0.9
XMEW202505110004,我是业主，因抢车位与另一业主产生纠纷。报警人电话：138****7735 #非警务#纠纷事项#邻里问题#报警电话:138****7735,邻里纠纷,邻里纠纷,0.9
XMEW202505110005,客户的小孩在店里玩我的吹风机，玩坏了，现在因为赔偿的价格产生纠纷，报警人159****1807 #非警务#纠纷事项#消费问题#报警电话:159****1807,消费纠纷,消费纠纷,0.9
XMEW202505110006,我在这里买假发，现在不想买了，双方有纠纷，报警人电话132****7425 #非警务#纠纷事项#消费问题#报警电话:132****7425,消费纠纷,消费纠纷,0.9
XMEW202505110101,136****1045称物业不负责，水和电方面的求助不受理，需要物业承担相应服务,物业管理纠纷,物业管理纠纷,0.9
XMEW202505120001,我前两天买的快递箱子被捡破烂的拿走了，现我找到他，他不承认，双方引起纠纷报警电话136****9249 #非警务#纠纷事项#其他纠纷事项#报警电话:136****9249,消费纠纷,消费纠纷,0.9
XMEW202505120002,报警人来电称因为对方不承认捡走我的快递箱子，双方引起纠纷的事情报过警，现来电催促，报警人电话：136****9249 #非警务#纠纷事项#其他纠纷事项#报警电话:136****9249,消费纠纷,消费纠纷,0.9
XMEW202505120003,#长效关注#我要带孩子出去晒太阳，父母不同意，引发纠纷152****6532 #非警务#纠纷事项#家庭婚姻感情问题#报警电话:152****6532,家庭婚姻纠纷,家庭婚姻纠纷,0.9
XMEW202505120004,因为店门口未放好一个板子，导致我走路摔倒了，不知道是谁放的，120不需要，180****0673 #非警务#纠纷事项#物业管理问题#报警电话:180****0673,消费纠纷,消费纠纷,0.9
XMEW202505120005,"辅助：因为店门口未放好一个板子，导致我走路摔倒了，不知道是谁放的，120不需要，180****0673(四平台工作人员到现场后反馈系市政施工,在路面上放了一块板子,已经有好几个人摔跤了,施工方不肯透露负责人信息,需要城管处理)180****0673 #非警务#纠纷事项#物业管理问题#报警电话:180****0673",公共秩序纠纷,消费纠纷,0.9
XMEW202505120006,131****1562：对方是中介，我是租客，因为租赁房子问题想打我 #非警务#纠纷事项#租赁问题#报警电话:131****1562,经济纠纷,消费纠纷,0.9
XMEW202505120007,辅助：催促，131****1562：对方是中介，我是租客，因为租赁房子问题想打我 #非警务#纠纷事项#租赁问题#报警电话:131****1562,经济纠纷,消费纠纷,0.9
XMEW202505120008,我是乘客和司机有纠纷，司机人身攻击。152****6366 #非警务#纠纷事项#司乘（代驾）问题#报警电话:152****6366,消费纠纷,消费纠纷,0.9
XMEW202505120107,新芝路69弄34号303室漏水到34号203室，导致厨房间漏水，严重影响居民生产生活-#邻里纠纷#,邻里纠纷,邻里纠纷,0.9
XMEW202505120204,威尼斯37号3楼住户自行修剪小区内树木，同邻边住户发生矛盾，上升到肢体冲突，向派出所已进行处置，但两方矛盾仍争执不休。在社区调解多次，双方都未同意，需要街道介入调解。,治安隐患纠纷,邻里纠纷,0.9
XMEW202505120205,高塘花园居家养老中心，社区志愿者霸占养老中心地点，认为她的工作室在里面，她要随时进出，下班关门也不愿离开，影响设施正常运作，社区书记多次安抚，但居民仍固执己见，需要街道介入调解。,公共秩序纠纷,公共秩序纠纷,0.9
XMEW202505120206,近期晚上，轨道6号线施工又开始在高塘花园南侧路面，导致居民围堵施工现场，社区已多次协调双方进行调解，但居民仍然不满意，需要街道介入调解。,公共秩序纠纷,工程施工纠纷,0.9
XMEW202505120207,胜丰社区胜丰小区胜丰路106弄7号七楼漏水至六楼居民厨房，导致橱柜损失严重，经社区物业调解无果，希望街道有关部门协助处理。,经济纠纷,损害赔偿纠纷,0.9
XMEW202505120209,3号楼居民王某反映，其楼上邻居每天早上穿高跟鞋在屋内走动，因房屋隔音一般，所以听的特清楚，网格员和王某去协调过，楼上表示嫌吵就搬走，然后关门不理睬，双方隔着门发生激烈争吵，希望相关部门协助处理,口角琐事纠纷,邻里纠纷,0.9
XMEW202505120309,柳翠街30号509室何阿姨因之前与609室房东有矛盾纠纷（好几次609衣服没拧干湿溚溚滴到509室阳台），邻里一直不和睦，现609室又晾衣服滴水到509室，导致509晾在外面的衣服滴湿了，509室多次上门敲门，609室不开门不理会，509室寻求社区帮助。社区上门调解无效，双方口角言语激烈，请求街道矛调中心给予调解。,公共秩序纠纷,邻里纠纷,0.9
XMEW202505120406,#损害赔偿纠纷#胜丰小区126弄3号2楼居民向社区反映楼上住户高空抛物，将其晾晒的被子损坏，要求社区和物业查出事主索要赔偿，并投诉物业不作为，社区调解无效，请街道相关部门协助,物业管理纠纷,损害赔偿纠纷,0.9
XMEW202505120409,望京人文小区内，7号楼401室吴师傅反应半夜三更很吵，楼下总是发出噪音，社工上门了解情况后，其他邻居说并没有，都在睡觉，需要社区民警协助调查和调解。,物业管理纠纷,噪声污染,0.9
XMEW202505130003,#信访类其他#-#邻里纠纷#新芝社区西湾路39弄23号606业主戴女士认为老小区有机更新施工导致他们家屋顶和墙面多处新增裂缝，严重影响她销售此房的房价，要求施工方补她卖房的差价，对此施工方不认可，他们表示作为单位可以给她补一下裂缝，但是补销售房子的差价绝不可能，双方就这问题僵持不下，现戴女士多处拨打12345投诉此事，请相关部门协助处理。,经济纠纷,损害赔偿纠纷,0.9
XMEW202505130101,#邻里纠纷#110弄11号楼上阳台漏水到楼下，导致楼下阳台天花板泡水，引起纠纷，希望社区协助调解,邻里纠纷,邻里纠纷,0.9
XMEW202505130103,龙柏花园小区37号5楼居民反映对面幢楼51号603全夜灯亮，影响他休息睡眠，社区经查询此为出租户，跟房东和租户联系沟通后情况没有改善，需要相关部门协同处理。,邻里纠纷,噪声污染,0.9
XMEW202505130104,#邻里纠纷#钱南小区375弄1号6楼居民反映领居家漏水至她家墙面，要求对方维修。但是对方表示这个地方根本没水管，漏水也不是他导致的，多次调解，两人协商不下，发生争议。请上级部门协助处理。,物业管理纠纷,邻里纠纷,0.9
XMEW202505130201,#矛调类其他#胜丰路110弄居民反映小区内平安体验站屋顶上垃圾（瓦砾）很多，风大时沙灰会吹到自家屋里，向物业反映要求处理但不予处理，社区沟通也无果，居民与物业产生纠纷，请街道予调部门介入调解,公共秩序纠纷,公共秩序纠纷,0.9
XMEW202505130202,体育场路30弄4号203室与103室因装修噪音问题产生纠纷，社区物业多次调解无效，请街道矛调中心协助处理-#邻里纠纷#,公共秩序纠纷,噪声污染,0.9
XMEW202505130303,#邻里纠纷#高塘恒春小区20号105住户反映，楼上205房子出租给地铁施工人员做食堂，每天中午人员进出频繁，说话大声，影响她午休，社区和物业都出面进行劝解，依然没有改善，请有关部门协助处理。,工程施工纠纷,工程施工纠纷,0.9
XMEW202505130401,我来出租房入住，床坏了，二房东让我自己掏钱修，电话131****2168 #非警务#纠纷事项#租赁问题#报警电话:131****2168,经济纠纷,消费纠纷,0.9
XMEW202505130402,认识的人称只有现金，让我给他转支付宝他给我现金，现我给他转了支付宝但是对方不给我现金，现双方都在一起 133****0176 #非警务#纠纷事项#经济（债务）问题#报警电话:133****0176,其他纠纷,债务纠纷,0.9
XMEW202505130403,认识的人要还花呗但是只有现金，让我给他转支付宝他给我现金，现我给他转了支付宝但是对方不给我现金，现双方都在一起 133****0176（辅助下单） #非警务#纠纷事项#经济（债务）问题#报警电话:133****0176,其他纠纷,债务纠纷,0.9
XMEW202505130404,#长效关注#这里有个老人骂人，经查系邻里纠纷，已多次报案  158****4336 #非警务#纠纷事项#邻里问题#报警电话:158****4336,邻里纠纷,邻里纠纷,0.9
XMEW202505130405,我在咸鱼上购买了别人的地铁年卡，用了一段时间后，对方（电话：198****1140）故意拿回去不给我用了。178****6252 #非警务#纠纷事项#消费问题#报警电话:178****6252,消费纠纷,消费纠纷,0.9
XMEW202505140006,#邻里纠纷#丰柏街46号604住户因物业修剪树枝时刮擦到其汽车的保险杠上造成划痕，604要求物业赔偿保险杠喷漆费，双方未能达成一致发生矛盾，社区调解无效,经济纠纷,损害赔偿纠纷,0.9
XMEW202505140007,筱墙巷97号201吴师傅来社区反应301漏水，通过社区调解301已将漏水问题解决了。解决完漏水问题201要求301将漏水造成的墙体发霉问题解决，301以201难弄为由拒绝维修，矛盾双方在协商过程中还发生了肢体接触。双方矛盾升级，请上级部门协助处理,邻里纠纷,损害赔偿纠纷,0.9
XMEW202505140008,邻里纠纷#翠中社区二网格网格员，接翠中小区27号4楼打来求助电话，他家楼上人家一直漏水下来，多年来一直不解决，找物业也解决不了，求助社区。,物业管理纠纷,邻里纠纷,0.9
XMEW202505140010,高塘花园门口建设银行管道破损，银行方面认为是地铁施工造成的，要求地铁赔偿。地铁认为没有直接证据，双方僵持不下。社区组织双方调解两次均未达成协议，需要街道介入调解,经济纠纷,损害赔偿纠纷,0.9
XMEW202505140011,高档公寓楼下安装了防止车辆推进楼道的限位器，由物业安装。部分居民认为，对进出造成安全隐患，要求物业拆除，物业拒不拆除双方协调多次，仍未达成共识。需要街道介入调解,邻里纠纷,物业管理纠纷,0.9
XMEW202505140013,前莫家巷71号303室租客投诉203室崔某经常半夜用重物很大声敲门，敲击后就离开，严重影响休息，因空调噪音问题产生过纠纷，203室崔某怀恨在心伺机报复，多次调解110报警都无效，请相关部门协调解决,邻里纠纷,口角琐事纠纷,0.9
XMEW202505140101,翠柏一里26号2楼居民来社区反应，3楼阳台洗衣机笼头坏了水漏到自己家中。需要社区调解，目前3楼租客认为是洗衣机设施故障，而房东则认为是租客使用不当，无法达成一致，需要街道协助处理。,经济纠纷,邻里纠纷,0.9
XMEW202505140106,接体育场路30弄15号101室居民反映，卫生间顶部管道漏水，201室居民拒绝修复，与201室居民产生纠纷。社区与物业介入协调无果，请有关部门协助处理。,公共秩序纠纷,物业管理纠纷,0.9
XMEW202505140109,#邻里纠纷#有居民举报，每天早上沿街店铺的货物都摆满了整个人行道，导致过往居民同行困难，引发矛盾纠纷。经过社区协调，店主拒绝移动，屡禁不止，需要街道相关部门协助处理。,公共秩序纠纷,街面秩序,0.9
XMEW202505140202,#邻里纠纷#网格内有居民喂野猫，猫的跳蚤跳到人身上，居民意见很大。社区多次劝说不要喂，喂的人坚持不听。请求上级部门协调支持。,邻里纠纷,狗患纠纷,0.9
XMEW202505140401,物业报警，业主故意把车子停在门口挡路，产生纠纷，报警人电话：173****8264 #非警务#纠纷事项#房地产问题#报警电话:173****8264,邻里纠纷,物业管理纠纷,0.9
XMEW202505140402,物业报警，业主故意把车子停在门口挡路，产生纠纷，报警人电话：173****8264。 #非警务#纠纷事项#房地产问题#报警电话:173****8264,邻里纠纷,物业管理纠纷,0.9
XMEW202505140403,报警人来电说不清楚情况，后旁边一个女的接过电话，称报警人要免费送的鞋子，但是鞋子没有报警人的码数，双方产生纠纷。130****9725 #非警务#纠纷事项#消费问题#报警电话:130****9725,消费纠纷,消费纠纷,0.9
XMEW202505150001,老旧无物业楼房文化路10号，西首2至5楼居民家中厨房下水总管严重腐烂漏水，因总管是建造房子时埋在墙体中的暗管，原位置无法更换和维修。但更换新管道要做到雨污分流，在墙体外另接明管时需要经过一楼楼顶或在其广场上破土才能接到污水井，在施工过程中，一楼业主强行阻止，不同意污水管经过其楼顶或在其广场上破土，社区多次协调无果，楼道居民每天厨房用水困难，急需上级部门协调！,经济纠纷,工程施工纠纷,0.9
XMEW202505150004,新芝源境4幢2201因装修赶工与物业发生矛盾，社区调解后双方还是未能在装修材料运输、施工时间段达成一致。请街道有关部门协助调解。,工程施工纠纷,工程施工纠纷,0.9
XMEW202505150107,#邻里纠纷#柳翠街43号203室王阿姨来社区反映，303室漏水到他家，已多次上门去沟通都未处理，态度差，一直到社区来说，寻求社区帮助。社区找双方调解无效，双方口角言语激烈，请求街道上门调解。,口角琐事纠纷,邻里纠纷,0.9
XMEW202505150207,胜丰小区84弄1楼居民反映对门租户长期在她家阳台楼下喂养流浪猫，导致一开窗就有猫蚤出没咬的老人全身都是，已多次与社区一同跟对门联系无果，需要部门协助,经济纠纷,狗患纠纷,0.9
XMEW202505150402,我叫了一辆网约车（浙BAJ8150），我还没上车司机就开始绕路，我联系平台也没有得到处理。报警人电话：151****6033 #非警务#纠纷事项#司乘（代驾）问题#报警电话:151****6033,消费纠纷,消费纠纷,0.9
XMEW202505150403,我叫了一辆网约车（浙BAG8150），我还没上车司机就开始绕路，我联系平台也没有得到处理。报警人电话：151****6033（14:40来电车牌：浙BAG8150） #非警务#纠纷事项#司乘（代驾）问题#报警电话:151****6033,消费纠纷,消费纠纷,0.9
XMEW202505150404,二房东不退我押金，发生纠纷。185****0291 #非警务#纠纷事项#租赁问题#报警电话:185****0291,经济纠纷,消费纠纷,0.9
XMEW202505150405,这里有车主不愿意挪车，现在产生纠纷，报警人电话：135****8247 #非警务#纠纷事项#其他纠纷事项#报警电话:135****8247,经济纠纷,街面秩序,0.9
XMEW202505150502,汪弄25号101反映201室卫生间漏水，多次与201室房屋负者人（中介）沟通的无果。该中介坚持声称：他们楼上已经维修多次，不可能漏水，可能是因为一楼潮湿反潮。但物业维修师傅上门查看，确认是201室卫生间防水没做好，引起的漏水。但201室中介一直不肯敲开地面维修，201室房东电话一直无人接听，请街道相关部门协调解决,物业管理纠纷,物业管理纠纷,0.9
XMEW202505160001,邻居把垃圾丢在楼道里面，与物业反映无果，报警人口音重表述不清，报警电话180****1056 #非警务#纠纷事项#物业管理问题#报警电话:180****1056,邻里纠纷,物业管理纠纷,0.9
XMEW202505160002,邻居把垃圾丢在楼道里面，与物业反映无果，报警人口音重表述不清，报警电话180****1056 #非警务#纠纷事项#物业管理问题#报警电话:180****1056,邻里纠纷,物业管理纠纷,0.9
XMEW202505160003,我在美团上叫了个搭电服务，现在对方乱收费，177****8077 #非警务#纠纷事项#消费问题#报警电话:177****8077,消费纠纷,消费纠纷,0.9
XMEW202505160004,物业报警，发现业主违规搭建玻璃房，施工方在现场，管家和业主沟通没得到回应，报警人电话173****8264 #非警务#纠纷事项#物业管理问题#报警电话:173****8264,邻里纠纷,物业管理纠纷,0.9
XMEW202505160005,我停在小区的公摊车位上，对方称浙是她家的，不让我停，有纠纷158****5135 #非警务#纠纷事项#邻里问题#报警电话:158****5135,邻里纠纷,邻里纠纷,0.9
XMEW202505160006,辅助单：我停在小区的公摊车位上，对方称这是她家的，不让我停，有纠纷158****5135 #非警务#纠纷事项#邻里问题#报警电话:158****5135,邻里纠纷,邻里纠纷,0.9
XMEW202505160301,前莫家巷114号和115号居民反映，最近经常有一只白色的流浪狗在楼道会来拉屎，搞得楼下有车棚的居民苦不堪言，请街道协助处理。,狗患纠纷,狗患纠纷,0.9
XMEW202505160502,后莫家巷16号1楼反映楼上卫生间漏水，包片社工与物业上门查看后，二楼以不经常居住为由，不肯承担维修费用，两家引起矛盾纠纷，请相关部门协助处理。,物业管理纠纷,物业管理纠纷,0.9
XMEW202505160508,东方威尼斯小区一住户在家中跳健身操，噪音过大，影响楼下住户休息。经社区协商无果，望街道矛调中心介入。,物业管理纠纷,噪声污染,0.9
XMEW202505170001,修理店的人把我修的物品零件换掉了，双方有纠纷   138****8973 #非警务#纠纷事项#消费问题#报警电话:138****8973,消费纠纷,消费纠纷,0.9
XMEW202505170002,修理店的人把我修的物品零件换掉了，双方有纠纷   138****8973（辅助下单：来电催促，请先与报警人联系） #非警务#纠纷事项#消费问题#报警电话:138****8973,消费纠纷,消费纠纷,0.9
XMEW202505170003,我找外卖骑手工作要租车，担心对方给我自动扣款，没有写过凭证，报警人在店门口等。报警人：130****1575 #非警务#纠纷事项#租赁问题#报警电话:130****1575,经济纠纷,劳动人事（就业）纠纷,0.9
XMEW202505170004,我找外卖骑手工作要租车，担心对方给我自动扣款，没有写过凭证，报警人在店门口等。报警人：130****1575（重复来电） #非警务#纠纷事项#租赁问题#报警电话:130****1575,经济纠纷,劳动人事（就业）纠纷,0.9
XMEW202505170005,邻居老太太老是骂我，引起纠纷  158****4336 #非警务#纠纷事项#邻里问题#报警电话:158****4336,邻里纠纷,邻里纠纷,0.9
XMEW202505170006,我住在这里的，邻居不让我停车有纠纷。189****5316 #非警务#纠纷事项#邻里问题#报警电话:189****5316,邻里纠纷,邻里纠纷,0.9
XMEW202505170007,我的外卖丢失了，客服发现了拿走的人，拿走的人不承认。美团客服称报警才能处理。131****5518 #非警务#纠纷事项#物流（快递）问题#报警电话:131****5518,消费纠纷,消费纠纷,0.9
XMEW202505170501,5月16日昨天因小区公摊车位与老太太有纠纷报过警，今天这个老太太跟着我儿子回家，担心家人会收到人身伤害，来电想备案，请与报警人联系,经济纠纷,邻里纠纷,0.9
XMEW202505180001,卖鱼路44号503住户138****6302报警称隔壁502噪音 民警邱泽海到场 503住户李金山181****8645夜里打游戏有声音 502觉得声音很大影响了自己 ,邻里纠纷,口角琐事纠纷,0.9
XMEW202505180101,我来这边开锁，处理好后，对方不付上门费132****5678 #非警务#纠纷事项#消费问题#报警电话:132****5678,其他纠纷,消费纠纷,0.9
XMEW202505180102,物业来电称有辆车停在小区门口，让他挪走对方不肯，现有纠纷，双方在一起，173****8264 #非警务#纠纷事项#物业管理问题#报警电话:173****8264,邻里纠纷,物业管理纠纷,0.9
XMEW202505180103,邻居拿水泼我引起纠纷，180****6876 #非警务#纠纷事项#邻里问题#报警电话:180****6876,邻里纠纷,邻里纠纷,0.9
XMEW202505180104,我们这里的门打不开，后称邻居吵架了，具体情况不肯说130****2030（请分局通知四平台） #非警务#纠纷事项#邻里问题#报警电话:130****2030,邻里纠纷,邻里纠纷,0.9
XMEW202505190005,军瑞轮胎商行员工张宇来电反映其在公司就职一月有余，原双方约定于本月8日支付工资，后一直拖欠未支付其工资，现公司负责人明确表示不肯支付其在职一月工资，双方产生争议，在店面口发生争执，矛盾升级。-#劳动争议纠纷#,公共秩序纠纷,劳动人事（就业）纠纷,0.9
XMEW202505190102,胜丰小区90弄2号201室反应楼上卫生间漏水，导致楼下屋顶滴水，与301联系不上，社区联系到301房东后进行调解，但双方因赔偿金额有分歧调解无果，需要上级部门协调处理,物业管理纠纷,损害赔偿纠纷,0.9
XMEW202505190103,#邻里纠纷#胜丰小区126弄5号楼道居民向社区投诉：该楼道2楼出租房租客养了一只中型犬，经常不关房门，居民经过其门口，狗就会冲人狂吠，该犬只在家中又未牵狗绳可自由活动，居民担心其有咬人风险，双方已多次为此事争吵，物业和社区上门调解也未果，请街道相关部门协助,经济纠纷,狗患纠纷,0.9
XMEW202505190207,#矛调类其他#翠中小区30号2楼来电求助，楼上住户因装修不当漏水，影响其生活，和房主交涉未果，需社区调解。,物业管理纠纷,邻里纠纷,0.9
XMEW202505190208,北郊社区二网格有居民反映道路施工噪音扰民，与施工方发生矛盾冲突，社区多次调解未果，需请有关单位予以协助处理。,工程施工纠纷,噪声污染,0.9
XMEW202505190302,两辆电瓶车停着，他电瓶车倒了压到我电瓶车，现因为赔偿问题有纠纷。189****8978 #非警务#纠纷事项#其他纠纷事项#报警电话:189****8978,经济纠纷,经济纠纷,0.9
XMEW202505190303,工人之前未经我允许把我的雨棚拆了，现在还不给我装雨棚。报警人电话：136****9249 #非警务#纠纷事项#其他纠纷事项#报警电话:136****9249,其他纠纷,损害赔偿纠纷,0.9
XMEW202505190304,"工人之前未经我允许把我的雨棚拆了，现在还不给我装雨棚。报警人电话：136****9249
重复报警:报警时间:2025-05-19 11:07:31, 报警电话:136****9249, 联系电话:136****9249, 报警内容:工人之前未经我允许把我的雨棚拆了，现在还不给我装雨棚。报警人电话：136****9249
重复报警:报警时间:2025-05-19 11:13:13, 报警电话:136****9249, 联系电话:136****9249, 报警内容:催促 #非警务#纠纷事项#其他纠纷事项#报警电话:136****9249",其他纠纷,损害赔偿纠纷,0.9
XMEW202505190305,有一辆车堵在门口，车主在现场不肯移车。138****8635 #非警务#纠纷事项#其他纠纷事项#报警电话:138****8635,邻里纠纷,街面秩序,0.9
XMEW202505190306,我租的房子还没到期，房东就租给了别人，产生纠纷，报警人电话：173****9459 #非警务#纠纷事项#物业管理问题#报警电话:173****9459,经济纠纷,房地产纠纷,0.9
XMEW202505190307,我租的房子还没到期，房东就租给了别人，产生纠纷，报警人电话：173****9459 #非警务#纠纷事项#物业管理问题#报警电话:173****9459,经济纠纷,消费纠纷,0.9
XMEW202505190308,我是房东，租客不肯归还我房门钥匙，现在双方在一起，有纠纷186****6935 #非警务#纠纷事项#租赁问题#报警电话:186****6935,经济纠纷,其他纠纷,0.9
XMEW202505190309,我来这边工作，现在发现现实和合同上写的不一样189****3671（请分局通知四平台） #非警务#纠纷事项#劳资问题#报警电话:189****3671,劳动人事（就业）纠纷,劳动人事（就业）纠纷,0.9
XMEW202505190310,来电称夫妻吵架，因为孩子补课的事情，老公情绪激动想打人的样子。188****0675 #非警务#纠纷事项#家庭婚姻感情问题#报警电话:188****0675,家庭婚姻纠纷,家庭婚姻纠纷,0.9
XMEW202505200102,龙柏花园小区43号5楼和4楼居民反映605住户经常在南阳台倒水下来，导致她们无法开窗和晾晒衣服。社区和房东、租客沟通后效果不佳，过段时间又反复这种状况，需要相关部门协助处理。,邻里纠纷,邻里纠纷,0.9
XMEW202505200109,筱墙巷59号205漏水到105，105提出让205租客跟房东联系一下，来处理一下漏水问题。205租客直接拒绝105说我只是租客，我不管。社区联系协助105联系楼上房东，因楼上房东为精神病患者，其联系人电话又已更换。一直漏水，家里饭也不能烧，楼下阿姨70多岁的苦不堪言，请相关部门协助联系,邻里纠纷,房地产纠纷,0.9
XMEW202505200204,38号104和204关于在楼梯下堆放杂物产生矛盾，经社区多次沟通无果,邻里纠纷,邻里纠纷,0.9
XMEW202505200205,小区的健身器材上有居民私自加了儿童摇篮，引起了其他居民的不满，认为该行为妨碍了正常的健身活动并存在安全隐患，从而两个居民发生了矛盾纠纷，社区多次调解无效，请相关部门协助处理,物业管理纠纷,邻里纠纷,0.9
XMEW202505200207,胜丰社区胜丰小区胜丰路96弄8号三楼厨房漏水至二楼损失严重，经社区物业调解无果，希望街道有关部门协助处理。,经济纠纷,邻里纠纷,0.9
XMEW202505200301,#邻里纠纷#-#邻里纠纷#胜丰路10号405室反映505室漏水到她家房间，墙面发霉，与其交涉无果，社区经查505房子系出租户，租客洗衣机水从卫生间漏到楼下造成损坏，房东拒不处理，希街道相关部门协助调解。,经济纠纷,损害赔偿纠纷,0.9
XMEW202505200304,东方威尼斯36号301对于城管的拆违处罚表示不服，认为其选择性执法。多次来社区投诉，社区表示执法行为非社区管理范围，请相关部门予以解释。,,其他纠纷,0.9
XMEW202505200305,#邻里纠纷#新高路13号居民因楼道大门打不开，情绪激动开始砸门，惊动了楼道内其他居民，大门为楼道公共财产，由于陈某的砸门行为引起其他居民不满，双方矛盾加剧，有动手迹象，社区目前已初步调解，但两人矛盾还是在，碰到会吵，希望街道协助社区调解。,治安隐患纠纷,邻里纠纷,0.9
XMEW202505200308,#邻里纠纷#小区的沈大爷因为家中房顶漏水，在屋顶铺设了塑料布。房顶搭起了阁楼，堆满了杂物引起居民不满，因为房顶的堆物过多，导致邻居家的房顶多处开裂，网格员上门调解，此问题一直得不到妥善的处理，希望有关部门处理,邻里纠纷,邻里纠纷,0.9
XMEW202505200309,钱东社区二网格柳翠街22号103住户俞女士反映楼上203漏水到她家，求助社区。社区劝阻无效，请街道相关部门予以协助处理。,邻里纠纷,邻里纠纷,0.9
XMEW202505200315,#邻里纠纷#高塘花园82号1楼住户反映，楼下车棚出租给宠物店老板，里面养了三只猫，最近快到梅雨期，车棚里面散发臭味，物业和社区与老板沟通，老板不予理会。,狗患纠纷,狗患纠纷,0.9
XMEW202505200501,我是驿站，因别人拿错他的快递，我让他等几天，拿不回来赔偿他，他还在这里闹159****0636 #非警务#纠纷事项#物流（快递）问题#报警电话:159****0636,消费纠纷,消费纠纷,0.9
XMEW202505200502,我不租了，和宾馆方租费谈不拢有纠纷。188****4209 #非警务#纠纷事项#租赁问题#报警电话:188****4209,经济纠纷,消费纠纷,0.9
XMEW202505200503,房东报警：租客不肯退房，也不把钥匙还给我。而且对方多住了一个月不肯付房租，还要求我退押金，报警人在现场等，租客在中介那边。有纠纷，需要处理。130****6465 #非警务#纠纷事项#经济（债务）问题#报警电话:130****6465,经济纠纷,债务纠纷,0.7
XMEW202505200504,我来应聘骑手，现在和对方因为租赁电瓶车的事情有纠纷189****4856 #非警务#纠纷事项#租赁问题#报警电话:189****4856,经济纠纷,消费纠纷,0.9
XMEW202505200505,运货司机报警，我们卸完货货主不给钱，现在有纠纷，183****0157 #非警务#纠纷事项#物流（快递）问题#报警电话:183****0157,债务纠纷,债务纠纷,0.9
XMEW202505210001,"夫妻情感问题引起纠纷，表示会协议离婚
丈夫（陈伟，3310*****0218，132****5826）
妻子（李娜，3406*****0428，187****5170）",家庭婚姻纠纷,情感纠纷,0.9
XMEW202505210002,邻里矛盾，原因：203室阳台装排风扇朝向202室方向，203室有时会在阳台抽烟，202室对烟味比较敏感，且202室装有一个监控对着203。,邻里纠纷,邻里纠纷,0.9
XMEW202505210105,胜丰路120弄4号走动太吵，影响楼下邻居休息,邻里纠纷,噪声污染,0.9
XMEW202505210317,文化社区网格六椅子巷16号漏水卫生间下水管老化破裂，积水渗漏到楼下，导致楼下的天花板大面积发霉，墙皮漆皮脱落，吊灯处也漏水，地板也变形了，社区工作人员上门协调，也无用，望相关部门协助处理。,经济纠纷,损害赔偿纠纷,0.9
XMEW202505210405,高塘路101号501反应楼上601租户太吵影响休息，社区调解无果，希望上级予以协助。,邻里纠纷,噪声污染,0.9
XMEW202505210601,139****6859老板拖欠工资，负责人在现场，有纠纷 #非警务#纠纷事项#劳资问题#报警电话:139****6859,劳动人事（就业）纠纷,劳动人事（就业）纠纷,0.9
XMEW202505210602,我租来的房子，现在我和另一租客因为房租费协商不了。134****8533 #非警务#纠纷事项#租赁问题#报警电话:134****8533,经济纠纷,其他纠纷,0.9
XMEW202505210603,我租来的房子，现在我和另一租客因为房租费协商不了。134****8533 #非警务#纠纷事项#租赁问题#报警电话:134****8533,经济纠纷,其他纠纷,0.9
XMEW202505220008,城市广场B座1302住户，说家里因楼上2022年台风漏水进家造成1302房顶墙体脱落，经社区了解1402已对其做修复行动，但1302不接受，事情拖了三年，现要求1402赔偿修复，进社区调节未果，请街道协助。,经济纠纷,损害赔偿纠纷,0.9
XMEW202505220204,新高路二弄1幢403漏水，居委会调解多次调解效果不明显，要求街道有关部门参与调解-#邻里纠纷#,公共秩序纠纷,邻里纠纷,0.9
XMEW202505220306,柳翠街46号601室租客因之前与501室租客有矛盾纠纷（好几次601衣服没拧干湿溚溚滴到501室阳台），邻里一直不和睦，现601室又晾衣服滴水到501室，导致501晾在外面的衣服滴湿了，501室多次上门敲门，601室不开门不理会，501室寻求社区帮助。社区上门调解无效，双方口角言语激烈。,公共秩序纠纷,邻里纠纷,0.9
XMEW202505220401,#长效关注#我和邻居有纠纷，具体情况报警人不肯说。138****2779 #非警务#纠纷事项#邻里问题#报警电话:138****2779,邻里纠纷,邻里纠纷,0.9
XMEW202505220402,店长说我偷东西，双方有纠纷，报警人电话137****0673 #非警务#纠纷事项#消费问题#报警电话:137****0673,消费纠纷,消费纠纷,0.9
XMEW202505220403,#长效关注#楼上邻居遛狗老是把大便拉在我们楼道，引起纠纷  192****4815 #非警务#纠纷事项#邻里问题#报警电话:192****4815,邻里纠纷,狗患纠纷,0.9
XMEW202505230001,胜丰路90弄7号104室住户高凤152****8962与其男友丁树合因丁树合疑似出轨有情感纠纷，已多次报警。,公共秩序纠纷,情感纠纷,0.9
XMEW202505230002,406住户1名80多岁老人称506每日基本凌晨2点开始有砸东西的噪音，自己年纪大了吃不消，心情十分不好。,经济纠纷,噪声污染,0.9
XMEW202505230202,#邻里纠纷#网格内60弄有居民半夜下班回家夫妻洗漱什么的声音很大，吵到邻居休息。邻居多次请他们小点声，对方没有改善。请上级街道协调。,邻里纠纷,口角琐事纠纷,0.9
XMEW202505230303,前莫家巷119号一楼车棚经常晚上有打麻将，麻将声和说话声，夜深人静，声音特别大，影响了二楼和附近居民休息，有几次还报了警，无果。请街道协助处理。,邻里纠纷,噪声污染,0.9
XMEW202505230308,#婚姻家庭纠纷#丰柏街78号403家庭矛盾，社区调解无果。财产问题涉及部分法律知识，需要矛调中心介入，再次调解。,家庭婚姻纠纷,家庭婚姻纠纷,0.9
XMEW202505230407,筱墙巷82号居民反应物业物业保洁员将泡沫箱对方在通道的人地方，多次与保洁员沟通无果，再加上小区新老物业更换，物业对保洁员的行为置之不理，请相关部门协助处理,物业管理纠纷,物业管理纠纷,0.9
XMEW202505230504,高塘花园居民通过网格群@片区社工，表示他们阳台下的花坛为何做上红线标记，是不是施工方要霸占属于业主的绿地，请社区、业委会及街道做好协调，前排业主坚决不同意的,公共秩序纠纷,物业管理纠纷,0.9
XMEW202505230601,我要退房子，房东提出来很多无理要求，要求我赔偿，产生纠纷，报警人电话：158****9745 #非警务#纠纷事项#租赁问题#报警电话:158****9745,经济纠纷,消费纠纷,0.9
XMEW202505230602,我要退房子，房东提出来很多无理要求，要求我赔偿，产生纠纷，报警人电话：158****9745 #非警务#纠纷事项#租赁问题#报警电话:158****9745,经济纠纷,消费纠纷,0.9
XMEW202505240001,送外卖的人骂我，引起吵架，报警人电话130****0623 #非警务#纠纷事项#物流（快递）问题#报警电话:130****0623,消费纠纷,口角琐事纠纷,0.9
XMEW202505240002,昨天出的交通事故需要调取监控，保安队长不在，物业剩下的人不会调监控，我也不知道要怎么看，139****2350 #非警务#纠纷事项#物业管理问题#报警电话:139****2350,交通事故纠纷,交通事故纠纷,0.9
XMEW202505240003,顾客觉得他的账号有问题，一直弄不清，需要处理135****1813 #非警务#纠纷事项#金融问题#报警电话:135****1813,其他纠纷,金融纠纷,0.9
XMEW202505240004,辞掉的员工一直不离开，要求处理。133****6907 #非警务#纠纷事项#劳资问题#报警电话:133****6907,劳动人事（就业）纠纷,劳动人事（就业）纠纷,0.9
XMEW202505240005,辅助:辞掉的员工一直不离开，要求处理。133****6907 #非警务#纠纷事项#劳资问题#报警电话:133****6907,劳动人事（就业）纠纷,劳动人事（就业）纠纷,0.9
XMEW202505240006,我买了篷布，对方没给我做好，有纠纷，159****2952 #非警务#纠纷事项#消费问题#报警电话:159****2952,消费纠纷,消费纠纷,0.9
XMEW202505240007,分配的电瓶车跑不动了，老板不让退，有纠纷150****7410 #非警务#纠纷事项#劳资问题#报警电话:150****7410,经济纠纷,劳动人事（就业）纠纷,0.9
XMEW202505240008,#长效关注#我与205邻居因为装修空调的事情有纠纷，电话：131****8368 #非警务#纠纷事项#邻里问题#报警电话:131****8368,邻里纠纷,邻里纠纷,0.9
XMEW202505240009,我来这里面试兼职，让我交了各种费用，现在我不想做了，驿站不肯退钱引起纠纷。报警人电话：158****4757 #非警务#纠纷事项#其他纠纷事项#报警电话:158****4757,劳动人事（就业）纠纷,消费纠纷,0.9
XMEW202505240010,烧烤店烟雾很大，没有起火，味道很刺鼻，影响我们生活了。189****0516 #非警务#纠纷事项#其他纠纷事项#报警电话:189****0516,消费纠纷,环保纠纷,0.9
XMEW202505250001,我是代驾司机，把车主送到了目的地，对方骂我，报警人电话：152****4528 #非警务#纠纷事项#司乘（代驾）问题#报警电话:152****4528,消费纠纷,消费纠纷,0.9
XMEW202505250002,因过来看房，付了定金500元，现在要退费与房东有纠纷137****5486 #非警务#纠纷事项#租赁问题#报警电话:137****5486,经济纠纷,消费纠纷,0.9
XMEW202505250003,135****2817，昨天上午10:49左右我们家停电了，电工过来看了后可能是有人关错了电闸，现在导致我们家的智能家具损坏了，昨天联系了物业需要找到对方处理赔偿问题，现在物业跟我们查不到这个人是谁，也不处理这个事情，现有纠纷，我在物业办公室 #非警务#纠纷事项#物业管理问题#报警电话:135****2817,物业管理纠纷,损害赔偿纠纷,0.9
XMEW202505250102,"儿子要打我，双方有纠纷，具体原因说不清楚
之前报过警，因为儿子打我的事情。现报警人再次来电称不处理就要出人命了，请联系报警人",消费纠纷,家庭婚姻纠纷,0.9
XMEW202505260001,丰柏街75号205室反映305室阳台漏水到楼下，造成205室阳台墙面脱落，多次找对方沟通没有得到解决。社区网格员上门与双方沟通，305室不愿意维修。请街道矛调中心协助解决。,邻里纠纷,损害赔偿纠纷,0.9
XMEW202505260003,#邻里纠纷#胜丰东苑4幢1单元6楼住户近期家中老人居住，晾晒衣物时未甩干滴水影响5楼住户的晾晒，双方在网格群内发生争执，后矛盾升级，双方见面就吵，晾晒问题依旧未解决，物业和社区介入调解无果，请街道相关部门协助,物业管理纠纷,邻里纠纷,0.9
XMEW202505260112,5月26日居民徐某来社区倾述，去年儿子大专毕业后，一直未找到自己理想的工作，失业在家，徐某自己平时工作也比较辛苦，今早其说了儿子几句，儿子情绪瞬间爆发，两人发生激烈冲突。,家庭婚姻纠纷,家庭婚姻纠纷,0.9
XMEW202505260214,威尼斯小区51号6楼漏水到5楼，此前已经发生过两次协商赔偿，这一次双方各不退让，难以形成调解，社区和物业多次组织调解，但双方仍不满意，需要街道介入调解。,物业管理纠纷,损害赔偿纠纷,0.9
XMEW202505260215,#（一件事）养犬-犬吠扰民#钱东社区丰柏街78号302住户反映，同楼道202住户养狗，狗每天夜里乱叫，两家因此产生纠纷。社区两次调解未果，需要矛调中心介入。,公共秩序纠纷,狗患纠纷,0.9
XMEW202505260307,#邻里纠纷#丰柏街45号楼道206与506住户发生纠纷，206怀疑是506高空抛垃圾，506否认，双方发生口角和轻微肢体冲突。社区已进行一轮调解，但收效甚微，需街道矛调中心介入。,治安隐患纠纷,邻里纠纷,0.9
XMEW202505260310,东方威尼斯小区物业水管整修洗地时候冲刷停在路边的电瓶车，导致电瓶车短路。业主要求物业赔偿，物业认为非他们造成，双方僵持不下，社区组织过一次调解，但效果不明显，需要街道介入调解。,经济纠纷,损害赔偿纠纷,0.9
XMEW202505260311,江北市政在修东方威尼斯北侧行道树时砸坏54号306北侧雨棚，业主要求赔偿。江北市政赔偿金额双方不满意，社区组织调解但没有实质性结果需要街道介入调节。,经济纠纷,损害赔偿纠纷,0.9
XMEW202505260401,王雪波（4309*****3302，156****3988，浙江省宁波市海曙区西门街道丰柏街56号602室）表示丰柏街54号601的租客在吵叫扰民,邻里纠纷,噪声污染,0.9
XMEW202505260403,叶红波150****1511报警称女儿贾叶淼疑似吃了100片药要自杀，后续人在鼓楼辖区包玉刚图书馆找到，据叶红波说贾叶淼上星期因考试失利刚自杀过一次。,经济纠纷,其他纠纷,0.9
XMEW202505260801,因汽车修理项目的与之前所说不符，双方引起纠纷。报警人：135****0358 #非警务#纠纷事项#消费问题#报警电话:135****0358,经济纠纷,消费纠纷,0.9
XMEW202505260802,因对方车主不肯挪车引起纠纷，电话130****1534。 #非警务#纠纷事项#其他纠纷事项#报警电话:130****1534,邻里纠纷,街面秩序,0.9
XMEW202505260803,#长效关注#报警人来电称刚刚与小区邻居因移车问题引起纠纷的事情报过警，现来电催促，报警人电话：130****1534 #非警务#纠纷事项#邻里问题#报警电话:130****1534,邻里纠纷,邻里纠纷,0.9
XMEW202505260804,户主对装修不满意，与工人有纠纷  181****3263 #非警务#纠纷事项#经济（债务）问题#报警电话:181****3263,债务纠纷,消费纠纷,0.9
XMEW202505270001,191****6467报：昨天，有个阿姨走路路过的时候碰倒了我的电瓶车，今天我遇到她了，双方因赔偿问题协商不下，需要调解 #非警务#纠纷事项#经济（债务）问题#报警电话:191****6467,交通事故纠纷,经济纠纷,0.9
XMEW202505270002,我在这里干活，物业不给我工钱，现在双方协商不下。158****3398 #非警务#纠纷事项#劳资问题#报警电话:158****3398,劳动人事（就业）纠纷,劳动人事（就业）纠纷,0.9
XMEW202505270003,我在这里干活，物业不给我工钱，现在双方协商不下。158****3398   （请分局通知四平台，已电告海曙分局）后报警人再次来电催促 #非警务#纠纷事项#劳资问题#报警电话:158****3398,劳动人事（就业）纠纷,劳动人事（就业）纠纷,0.9
XMEW202505270004,我房子租给他，房租还没拿到，产生纠纷，报警人130****5656 #非警务#纠纷事项#租赁问题#报警电话:130****5656,经济纠纷,债务纠纷,0.9
XMEW202505270005,我老婆人在高塘新芝望府做卫生，跟主管因为工资问题有纠纷。135****7205 #非警务#纠纷事项#劳资问题#报警电话:135****7205,劳动人事（就业）纠纷,劳动人事（就业）纠纷,0.9
XMEW202505270006,我晒了衣服，楼上不知道哪一家再刷油漆，和物业反映过，物业也不过来有纠纷。电话：139****0581 #非警务#纠纷事项#物业管理问题#报警电话:139****0581,邻里纠纷,物业管理纠纷,0.9
XMEW202505270007,我晒了衣服，楼上不知道哪一家再刷油漆，和物业反映过，物业也不过来有纠纷。电话：139****0581（15:22报警人来电催促） #非警务#纠纷事项#物业管理问题#报警电话:139****0581,邻里纠纷,物业管理纠纷,0.9
XMEW202505270206,胜丰社区胜丰小区胜丰路96弄2号五楼漏水至四楼和三楼主卧墙壁柜子发霉，衣物受损，经社区物业调解无果，望街道有关部门协助处理。,经济纠纷,损害赔偿纠纷,0.9
XMEW202505270207,#邻里纠纷#柳翠街25号305室陈师傅来社区反映，405室漏水到他家，已多次上门去沟通都未处理，态度差一直到社区来说，寻求社区帮助。社区找双方调解无效，双方口角言语激烈，请求街道上门调解。,口角琐事纠纷,邻里纠纷,0.9
XMEW202505270301,#邻里纠纷#3幢居民反应，家门口监控拍到有个老人在门口撒尿，严重影响其生活，网格员上门了解情况，调解未果，希望有关部门协助处理,邻里纠纷,邻里纠纷,0.9
XMEW202505270303,小区内有商业销售服务，广告喇叭太吵，严重扰民，居民对物业很不满，经过社区多次调解未果，请街道相关部门协助解决。,物业管理纠纷,噪声污染,0.9
XMEW202505280001,2025-05-28 00:47:31 民警陈瑜到达翠柏二里11幢35号101室 夫（王前进 159****6256 3203*****2516 翠柏二里11幢35号101室）妻（冯彩云 135****9762 3203*****254X 翠柏二里11幢35号101室）今日在家里喝酒 酒后因生活琐事有口角 没有杀人等危险情况 因双方情绪不稳 丈夫到外面避开 侄子会来家里安抚一下情绪 ,治安隐患纠纷,口角琐事纠纷,0.9
XMEW202505280002,"2025-05-27 23:30:18 民警陈瑜到达钱南小区活动器材旁现场，找到该女子（贾叶淼 158****9405 3302*****3625 浙江省宁波市海曙区西门街道文化路363弄2号703室），由120送往二院治疗，她爸爸（贾丰磊 139****4603 3302*****0617 浙江省宁波市海曙区西门街道文化路363弄2号703室
）陪同。该女子目前有独立行动能力，未见流血受伤情况。",其他纠纷,其他纠纷,0.9
XMEW202505280003,2025-05-28 01:12:50 民警陈瑜到达钱东小区大门口，系熊芳（女 153****5009 5108*****4266 柳翠街24号505室）与刘志剑（男 136****1509 3623*****5675 邵余华庭36幢118号1803室） 双方是普通朋友关系 因为之前沟通不畅 有口角发生纠纷发生肢体冲突，带回派出所调解。目前已治安调解，没有受伤流血情况,经济纠纷,口角琐事纠纷,0.9
XMEW202505280201,我是卖海鲜的，对方买的东西要退有纠纷，电话：137****2430 #非警务#纠纷事项#消费问题#报警电话:137****2430,消费纠纷,消费纠纷,0.9
XMEW202505280202,我在这家理发店充了钱，现在他们店里面没什么人，我觉得他们要跑路了，就要退钱，对方不肯136****6377 #非警务#纠纷事项#消费问题#报警电话:136****6377,消费纠纷,消费纠纷,0.9
XMEW202505280203,辅助：我在这家理发店充了钱，现在他们店里面没什么人，我觉得他们要跑路了，就要退钱，对方不肯136****6377 #非警务#纠纷事项#消费问题#报警电话:136****6377,消费纠纷,消费纠纷,0.9
XMEW202505280204,租客违约还要我退押金，我退了一部分（600元），租客的哥哥还在电话里（133****1820）威胁要在网上曝光我的房子和单位信息，有纠纷189****2551 #非警务#纠纷事项#租赁问题#报警电话:189****2551,经济纠纷,债务纠纷,0.9
XMEW202505280205,我是网约车司机，小孩把我的车子吐脏了，乘客不肯付50元洗车费和误工费，引起纠纷。198****4200 #非警务#纠纷事项#司乘（代驾）问题#报警电话:198****4200,消费纠纷,消费纠纷,0.9
XMEW202505280206,我刚刚做网约车，司机要我赔钱，现双方因为赔偿问题有纠纷。182****3756 #非警务#纠纷事项#消费问题#报警电话:182****3756,消费纠纷,消费纠纷,0.9
XMEW202505280207,我是乘客，小孩吐在车上，现双方因为赔偿问题有纠纷。182****3756 #非警务#纠纷事项#消费问题#报警电话:182****3756,消费纠纷,消费纠纷,0.9
XMEW202505280305,望京欧院34号703胡师傅反映，自家车库前经常有一辆电动车乱停放，影响车辆进出。和当事人说明情况后，但对方还是乱停放，态度不好，不改正错误行为。,物业管理纠纷,街面秩序,0.9
XMEW202505280307,新芝源境6幢业主和顺丰等快递小哥因小区内快递车驶入速度过快，物业与社区调解后双方仍未达成和解，请街道有关部门协助调解,邻里纠纷,邻里纠纷,0.9
XMEW202505290001,因为扔垃圾的事情起纠纷，问其具体情况说不清158****1901 #非警务#纠纷事项#其他纠纷事项#报警电话:158****1901,邻里纠纷,邻里纠纷,0.9
XMEW202505290002,我之前在这里冲卡了，卡里还有余额，现在他们班子换了，我今天来这里烫头发，我一般都用一个普通价位的药水，但是今天这个老板一直要我用另外一款高价位的药水，我不愿意，他就说他们店烫不了，我要退钱，他又不肯，起纠纷132****1743 #非警务#纠纷事项#消费问题#报警电话:132****1743,消费纠纷,消费纠纷,0.9
XMEW202505290106,筱墙巷93号2楼黄师傅反应其楼上有人天天往下扔垃圾，其怀疑是4阿姨扔下来的，双方发生争执。社工上门调解，发现4楼阿姨疑似精神异常，其丈夫也否认扔垃圾的事情，矛盾双发各抒己见，社区调解不下，请相关部门协助处理,家庭婚姻纠纷,公共秩序纠纷,0.9
XMEW202505290108,#（一件事）矛盾纠纷#网格巡逻检查接到居民反映柳庄街68弄旁边bobo姐烧烤店每天发出很浓的炭火油烟味道，影响2楼居民正常生活，居民上门与店主产生矛盾，居民对此不认可，经过社区调解，未达成一致，需要街道协助处理。,消防隐患纠纷,环保纠纷,0.9
XMEW202505290112,#邻里纠纷#网格内60弄居民装修房子，涂了防水层后试水。结果漏到3楼。4楼找到自己家里问题后重新涂了防水层。3楼墙面起皮发霉。4楼以已修复不予理赔。3楼多次向社区反映。请求街道协调。,经济纠纷,损害赔偿纠纷,0.9
XMEW202505290201,#邻里纠纷#丰柏街58号211室去年12月漏水到111室房间，导致现在111室房间墙面多处开裂发霉，111室要求211室承担部分刷墙费用，双方未能达成一致意见，发生纠纷,经济纠纷,损害赔偿纠纷,0.9
XMEW202505290301,城市广场郭巨海鲜厨余垃圾桶归集点留有大量油污，归集点在人行道路上，导致路过张阿姨滑倒，经社区调节，双放未达成一致，请街道协助。,经济纠纷,损害赔偿纠纷,0.9
XMEW202505290307,#邻里纠纷#柳翠街27号207室杨阿姨来社区反映，307室漏水到他家，已多次上门去沟通都未处理，态度差一直到社区来说，寻求社区帮助。社区找双方调解无效，双方口角言语激烈，请求街道上门调解。,口角琐事纠纷,邻里纠纷,0.9
XMEW202505290601,2025-05-29 11:52:26，民警郭宏伟到新芝路69弄25号，将双方带回派出所，经了解系家庭婚姻感情纠纷，无肢体冲突，告知双方通过协商或司法途径解，丈母娘和小姨子不得插手，经工作丈夫戴国兵（3302*****751X，136****0297，宁波市海曙区西门街道新芝路69弄25号504室）同意妻子邹亚敏（3302*****242X，159****3076，宁波市海曙区西门街道新芝路69弄25号504室）搬回。,治安隐患纠纷,家庭婚姻纠纷,0.9
XMEW202505300006,汪弄网格四接源和巷34号107室居民投诉，她家独立车棚漏水了，去物业反映物业回复独立车棚不在他们维修范围内。居民说以前不漏水是老小区改造后才漏水的，网格员多次和居民解释独立车棚上次维护就是额外工程，沟通未果，请上级部门协助解决。,工程施工纠纷,物业管理纠纷,0.9
XMEW202505300101,我们是安装窗户的，物业称我们违规安装，现不让我们进去，产生纠纷。189****5592 #非警务#纠纷事项#物业管理问题#报警电话:189****5592,环保纠纷,物业管理纠纷,0.9
XMEW202505300102,物业报警：这里有人把车子停在消防通道处卖杨梅，双方引起纠纷。报警人：132****1833 #非警务#纠纷事项#其他纠纷事项#报警电话:132****1833,经济纠纷,街面秩序,0.9
XMEW202505300103,我是房东，因租客不租房子需要退房租有纠纷，电话137****5260。 #非警务#纠纷事项#租赁问题#报警电话:137****5260,经济纠纷,消费纠纷,0.9
XMEW202505300104,我与快递员因为快递送上门的问题产生纠纷，报警人电话：139****9186 #非警务#纠纷事项#物流（快递）问题#报警电话:139****9186,消费纠纷,消费纠纷,0.9
XMEW202505300105,因租车的事情发生纠纷，报警人电话：193****2762.（报警人来电更改地址，已电告江北） #非警务#纠纷事项#租赁问题#报警电话:193****2762,经济纠纷,消费纠纷,0.9
XMEW202505300106,因为修车费用问题，双方有纠纷183****6239 #非警务#纠纷事项#消费问题#报警电话:183****6239,经济纠纷,消费纠纷,0.9
XMEW202505300201,胜丰路78弄9号106业主来社区反应楼上厨房间内管漏水到楼下，206租户一直不配合处理此事，社区工作人员上门协调并联系房东，房东一直指定这需物业承担，双方协商无果，需要有关部门协助处理,物业管理纠纷,邻里纠纷,0.9
XMEW202505300402,#（一件事）群租房#亨六巷5号303室投诉302室群租，每天进出人很多，噪音大严重扰民，多次争吵，警察劝阻也无效，社区多次上门租客拒绝开门，不肯配合调解，请相关部门协助解决,口角琐事纠纷,邻里纠纷,0.9
XMEW202505300405,前莫家巷120号206吴师傅投诉物业不给公共楼道因长期雨水侵蚀导致墙面脱落补粉，双方闹的很不愉快，请街道协助处理。,物业管理纠纷,物业管理纠纷,0.9
XMEW202505300408,东方威尼斯小区内一居民反映顶楼居民因玻璃阻拦了雨水管，导致雨水直接落下来，低楼层住户墙壁潮湿，两家产生矛盾，社区调解无果，望街道矛调中心介入。,物业管理纠纷,邻里纠纷,0.9
XMEW202505300801,"报警人：陆万城（3401*****1675，183****6239）将汽车皖A0N1B8送修，因价格问题无法谈拢，店里要1500拆装费。协商不成，告知走工商处理。后双方协商800元，装好后车主开走，后续找工商处理。
该修理厂经常因收费问题发生纠纷，往社区街道关注。店主（赖笑，4128*****1353，158****6388）。",公共秩序纠纷,消费纠纷,0.9
XMEW202505310001,因食材问题，客人乱翻我们柜子，还骂我们工作人员  158****8404 #非警务#纠纷事项#消费问题#报警电话:158****8404,消费纠纷,消费纠纷,0.9
XMEW202505310002,#长效关注#楼上漏水，现人在503室，有纠纷。152****6088 #非警务#纠纷事项#邻里问题#报警电话:152****6088,邻里纠纷,邻里纠纷,0.9
XMEW202505310003,我买了一个手机，因为质量问题现在产生纠纷。137****9849 #非警务#纠纷事项#消费问题#报警电话:137****9849,消费纠纷,消费纠纷,0.9
XMEW202505310004,我要卖车，对方付了定金，现我犹豫不确定要卖了，对方要我赔偿违约金，并把我车拖走了，报警人电话：131****9260 #非警务#纠纷事项#消费问题#报警电话:131****9260,经济纠纷,消费纠纷,0.9
YHW202505010001,我将对方的东西送过来，对方不给钱，报警人电话：131****1574 #非警务#纠纷事项#其他纠纷事项#报警电话:131****1574,其他纠纷,债务纠纷,0.9
YHW202505010002,187****6868：因为停车收费问题有纠纷，需要处理 #非警务#纠纷事项#物业管理问题#报警电话:187****6868,经济纠纷,消费纠纷,0.9
YHW202505010003,187****6868：因为停车收费问题有纠纷，需要处理 #非警务#纠纷事项#物业管理问题#报警电话:187****6868,经济纠纷,消费纠纷,0.9
YHW202505010004,在小卖部看雨伞，店家说拆开了不能退，一定要我买引起纠纷，双方在现场，报警人135****0757 #非警务#纠纷事项#消费问题#报警电话:135****0757,消费纠纷,消费纠纷,0.9
YHW202505010005,我来走亲戚车子了一会，现在因为停车费与物业有纠纷130****8128 #非警务#纠纷事项#物业管理问题#报警电话:130****8128,物业管理纠纷,物业管理纠纷,0.9
YHW202505020001,我是开锁的，本来和对方沟通好价格，现在对方又让我便宜点，双方有纠纷，150****0955 #非警务#纠纷事项#消费问题#报警电话:150****0955,消费纠纷,消费纠纷,0.9
YHW202505020002,顾客弄坏东西，不肯赔偿，引起纠纷，报警人电话157****5156 #非警务#纠纷事项#经济（债务）问题#报警电话:157****5156,债务纠纷,经济纠纷,0.9
YHW202505020003,我爸爸之前在这里动手术，现我来这里要求医院提供病例原件，医院称提供不了，有纠纷，报警人电话178****7211 #非警务#纠纷事项#医患问题#报警电话:178****7211,医疗纠纷,医疗纠纷,0.9
YHW202505020004,139****4802门卫来电有辆黑色菱悦浙J02K141不付停车费，把车停在门口人就走了，请与报警人联系 #非警务#纠纷事项#物业管理问题#报警电话:139****4802,物业管理纠纷,物业管理纠纷,0.9
YHW202505020101,跳河人员张维（5224*****6428，150****0053）系77台球室员工，2025年5月2日凌晨4时，其及同事吃宵夜，同事说她手背有划痕的事，导致其心情不好一时想不开就跳河了，张维表示以后不会做不理智的行为了，朋友沈展照顾。张维朱在解放南路51号106室，推送社区及街道，注意该人矛盾调解，加强该人关心关注.,经济纠纷,其他纠纷,0.9
YHW202505030001,有个阿姨在其他店充了卡，后面那个店倒闭了，到我们这里过来退钱，我告知她会向上反映，不行就联系12315，但是对方仍要求我帮忙退钱有纠纷。158****0902 #非警务#纠纷事项#消费问题#报警电话:158****0902,消费纠纷,消费纠纷,0.9
YHW202505040001,一点多发生的交通事故，有报过交警，现在医药费问题有纠纷，报警人电话186****8691 #非警务#纠纷事项#经济（债务）问题#报警电话:186****8691,交通事故纠纷,损害赔偿纠纷,0.9
YHW202505040002,我买了虾，袋子是湿的，老板不肯给新袋子，不肯换袋子，也不肯退钱，双方起纠纷，报警人：180****4836 #非警务#纠纷事项#消费问题#报警电话:180****4836,消费纠纷,消费纠纷,0.9
YHW202505040003,网约车司机来电，因为开车门问题和乘客产生纠纷，电话130****5232 #非警务#纠纷事项#司乘（代驾）问题#报警电话:130****5232,消费纠纷,消费纠纷,0.9
YHW202505050001,我在这里买烟、打火机，老板不肯卖给我。150****0072 #非警务#纠纷事项#消费问题#报警电话:150****0072,消费纠纷,消费纠纷,0.9
YHW202505050002,我在这里买烟、打火机，老板不肯卖给我。150****0072 #非警务#纠纷事项#消费问题#报警电话:150****0072,消费纠纷,消费纠纷,0.9
YHW202505050003,物业来电，住客不付停车费，产生纠纷，电话178****5121 #非警务#纠纷事项#物业管理问题#报警电话:178****5121,物业管理纠纷,物业管理纠纷,0.9
YHW202505050004,有人欠我钱，双方有纠纷 1342935640 #非警务#纠纷事项#经济（债务）问题#报警电话:134****6406,债务纠纷,债务纠纷,0.9
YHW202505050005,155****0006顾客来电和工作人员因房间退费有纠纷 #非警务#纠纷事项#消费问题#报警电话:155****0006,消费纠纷,消费纠纷,0.9
YHW202505050006,137****7854因停车费问题和物业有纠纷 #非警务#纠纷事项#物业管理问题#报警电话:137****7854,物业管理纠纷,消费纠纷,0.9
YHW202505050007,137****7854因停车费问题和物业有纠纷（辅助下单） #非警务#纠纷事项#物业管理问题#报警电话:137****7854,物业管理纠纷,消费纠纷,0.9
YHW202505050008,买的衣服想要退货，商家不肯，引起纠纷  133****1658 #非警务#纠纷事项#消费问题#报警电话:133****1658,消费纠纷,消费纠纷,0.9
YHW202505050009,维修师傅报警，顾客是新疆人，现在因为维修费和过来的费用跟顾客产生纠纷183****1016 #非警务#纠纷事项#消费问题#报警电话:183****1016,消费纠纷,消费纠纷,0.9
YHW202505050010,客人一直不付房费引起纠纷。159****5290 #非警务#纠纷事项#消费问题#报警电话:159****5290,消费纠纷,消费纠纷,0.9
YHW202505060101,#矛调类其他#网格员深夜接到陶家巷30号1楼租户的投诉，称自家厕所污水倒灌，气味难闻，物业迟迟没有疏通下水管道。,物业管理纠纷,物业管理纠纷,0.9
YHW202505060201,报警人系三板桥街35弄7号204室张荣明（3302*****1819），民警在其家里未听到楼上传出噪音。民警上门至304室戴宝宝（3412*****7817），该租户已睡下休息，并未发出噪音。后民警发现确实存在隔音较差的情况，已告知戴宝宝晚上尽量小声。已反馈张荣明，其表示接受，民警撤回。请社区主管部门关注并掌握。,邻里纠纷,邻里纠纷,0.9
YHW202505060204,报警人倪丹耀（3302*****0411）与前妻夏国越（3604*****5628）在带河巷13号502室内因女儿教育问题发生口角，两人此前已协议离婚，为共同照顾女儿故生活在一起。后经民警劝解，两人均表示会暂时继续同居，一同照顾女儿，倪丹耀也表示接受前妻继续居住，调解处理完毕。（备注：倪丹耀所述夏国越赌博一事，系夏国越多年前被诈骗，欠款已还清，并非赌博）请社区、居委会相关部门后续跟进并关注。,治安隐患纠纷,家庭婚姻纠纷,0.9
YHW202505060205,民警到达现场，镇明路5弄1号楼住户牟远洋（身份证号码：3310*****2615，181****2672）报警称镇明路5弄2号403夫妻吵架影响到隔墙邻居。民警至2号403敲门不开，403住户表示刚才因小事吵架，现在已经停了，告知403住户，有需要可以到派出所寻求帮助。403住户表示知道了。后经了解，403住户系安娜娜（4127*****4508，155****8212）与钱艺坤（6501*****3318，185****1524）请社区、居委会相关部门关注并掌握。,公共秩序纠纷,口角琐事纠纷,0.9
YHW202505060206,"民警到达现场，系楼上207住户林文宝（4418*****0812,178****2066）晚上回来很晚，在厨房烧菜切东西，民警让其注意一点，不要影响周边居民休息，其表示同意。报警人朱菊明（3302*****0023，133****5331）请街道相关部门通知社区主管部门关注。",邻里纠纷,噪声污染,0.9
YHW202505060301,来电称客人因为退钱的事情，一直在店里影响营业。131****5926 #非警务#纠纷事项#消费问题#报警电话:131****5926,消费纠纷,消费纠纷,0.9
YHW202505060303,保安说我车子太长了，不让我停进去，双方有纠纷137****0801 #非警务#纠纷事项#其他纠纷事项#报警电话:137****0801,经济纠纷,街面秩序,0.9
YHW202505070201,昨天我通过闲鱼认识，买产品对方（姓名：李猛，电话：185****3260（广东）银行账号：621****604875942） 称是原装的国货，后面又说是测试机。我想要退货，但是对方一定要发给我， 通过银行卡转账2800元，不给我退，引起纠纷。155****0727 #非警务#纠纷事项#消费问题#报警电话:155****0727,消费纠纷,消费纠纷,0.9
YHW202505070202,昨天我来这里修手机，现手机修坏了，店老板也没开门。152****4136 #非警务#纠纷事项#消费问题#报警电话:152****4136,其他纠纷,消费纠纷,0.9
YHW202505070203,昨天我来这里修手机，现手机修坏了，店老板也没开门。152****4136 #非警务#纠纷事项#消费问题#报警电话:152****4136,消费纠纷,消费纠纷,0.9
YHW202505070204,#长效关注#楼上邻居不让我们用水，把我们水闸的龙头卸掉了，还不肯还给我们，引起纠纷，报警人电话198****9730 #非警务#纠纷事项#邻里问题#报警电话:198****9730,邻里纠纷,邻里纠纷,0.9
YHW202505070205,"车主人在不肯移车，引起纠纷。192****5493
报警人称这里还有赌博情况，请民警处理 #非警务#纠纷事项#其他纠纷事项#报警电话:192****5493",经济纠纷,街面秩序,0.9
YHW202505080001,#长效关注#我和家人有纠纷，需要帮助。130****3592 #非警务#纠纷事项#家庭婚姻感情问题#报警电话:130****3592,家庭婚姻纠纷,家庭婚姻纠纷,0.9
YHW202505080002,老板欠我工资不给，有纠纷187****3963 #非警务#纠纷事项#劳资问题#报警电话:187****3963,劳动人事（就业）纠纷,劳动人事（就业）纠纷,0.9
YHW202505080003,有的人试用期没通过，要拿走单位电脑，对方情绪激动，可能还想动手，189****6051 #非警务#纠纷事项#劳资问题#报警电话:189****6051,劳动人事（就业）纠纷,劳动人事（就业）纠纷,0.9
YHW202505080101,2025年5月8日3时许，三板桥街35弄7号204室住户，打所电话反映，半夜楼上304室有类似小动物走动声音，噪音扰民对其有影响，推送街道社区居委会关注。,物业管理纠纷,噪声污染,0.9
YHW202505080102,报警人钟东蔚（3601*****635X，153****7917）称听到有音响声音放的很大，经民警查看，系203住户李峰（3302*****3032 ，153****7917 ）使用用音响，现李峰已将音响关闭。推送街道、居委会后续关注。,物业管理纠纷,噪声污染,0.9
YHW202505080103,"701漏水至601,双方发生纠纷，601住户龚伟锋（3302*****079****05749738）将701水闸关掉，701顾雨路（3302*****0364，198****9730）报警。修理工师傅一会儿会到，双方表示会协商解决。请社区、物业、居委会相关部门后续跟进该邻里纠纷。",公共秩序纠纷,邻里纠纷,0.9
YHW202505080105,报警人康龙（身份证号码：3416*****1517，158****6747）称老婆原晶亚（身份证号码：1404*****8069，158****6413）怕其吃药自杀，民警到到冷静街43弄25号202室，原晶亚开门称还没有吃药。经了解，原晶亚称自己睡不着才买的安眠药，没有要死的想法，因两人在闹离婚，原晶亚发买安眠药图片给康龙只是想吓唬他，现准备办离婚手续，民警对原晶亚制作笔录并批评教育不能吓唬他人，离婚事宜两人会自行办理手续。原晶亚住在到冷静街43弄25号202室，推送街道社区关注。,经济纠纷,家庭婚姻纠纷,0.9
YHW202505090102,菱池街27号510室彭淼（3310*****2963），称310室扰民。民警上门至310室，住户章联军（3302*****0928）称是一边放音乐一边打扫卫生，民警告知其尽量小声不要扰民，其表示听从教育。推送社区关注，避免影响邻里关系。,家庭婚姻纠纷,邻里纠纷,0.9
YHW202505090201,189****3889报：有人拦着我不让我停车，双方有纠纷，原因不清楚 #非警务#纠纷事项#其他纠纷事项#报警电话:189****3889,邻里纠纷,街面秩序,0.9
YHW202505090202,189****3889报：有人拦着我不让我停车，双方有纠纷，原因不清楚。报警人来电催促 #非警务#纠纷事项#其他纠纷事项#报警电话:189****3889,邻里纠纷,街面秩序,0.9
YHW202505090203,老板拖欠工资不给，引起纠纷。151****2360 #非警务#纠纷事项#劳资问题#报警电话:151****2360,劳动人事（就业）纠纷,劳动人事（就业）纠纷,0.9
YHW202505100001,顾客说我的水果不好，把我的水果扔掉了，电话：131****7628 #非警务#纠纷事项#消费问题#报警电话:131****7628,消费纠纷,消费纠纷,0.9
YHW202505100002,报警人是商家，称和顾客吵架了，具体原因不肯说。137****4446 #非警务#纠纷事项#消费问题#报警电话:137****4446,消费纠纷,消费纠纷,0.9
YHW202505100003,店内的前员工因为工资的问题，现在到店门口闹事，双方产生纠纷，报警人电话135****5010 #非警务#纠纷事项#劳资问题#报警电话:135****5010,劳动人事（就业）纠纷,劳动人事（就业）纠纷,0.9
YHW202505100004,报警人是商家，称和顾客吵架了，具体原因不肯说。137****4446（报警人于13:41分再次来电，但报的是不同的事情，已另行重新派单，因非警务重复报警要求故重新派单，无需再次处理） #非警务#纠纷事项#消费问题#报警电话:137****4446,消费纠纷,消费纠纷,0.9
YHW202505100005,有人把水喷到了我的手机充电器上，导致我的充电器坏了，引起纠纷。报警人电话：153****3965 #非警务#纠纷事项#其他纠纷事项#报警电话:153****3965,其他纠纷,经济纠纷,0.9
YHW202505100006,#长效关注#隔壁邻居冲水把我的东西弄坏了，双方有纠纷，具体地址报警人不肯提供，请与其联系，电话189****0078 #非警务#纠纷事项#邻里问题#报警电话:189****0078,邻里纠纷,邻里纠纷,0.9
YHW202505100007,#长效关注#我母亲（91岁）在这里住院，我妹妹因为遗产问题一直来骚扰我母亲，需要处理。136****3851 #非警务#纠纷事项#家庭婚姻感情问题#报警电话:136****3851,家庭婚姻纠纷,家庭婚姻纠纷,0.9
YHW202505100008,店里的员工欠我的钱，现在有经济纠纷，报警人电话：198****1699 #非警务#纠纷事项#经济（债务）问题#报警电话:198****1699,债务纠纷,债务纠纷,0.9
YHW202505100101,田新民因装修新兴岚湾4期101幢1404的房子，装修费没拿到，其称咨询110，没有说过要杀人的话，称会通过合理合法途径维护自身权益，不会做违规违法的事。现住在宁波市海曙区紫薇巷8号402室，推送街道望关注。,治安隐患纠纷,劳动人事（就业）纠纷,0.9
YHW202505110001,装修已经装好了，现在不肯付钱，双方有纠纷。 156****0058 #非警务#纠纷事项#经济（债务）问题#报警电话:156****0058,经济纠纷,债务纠纷,0.9
YHW202505110002,因为有老鼠在我锅里尿尿，老板不愿意赔偿，现在产生纠纷，报警人电话：132****4777 #非警务#纠纷事项#消费问题#报警电话:132****4777,消费纠纷,消费纠纷,0.9
YHW202505120004,专职网格员在日常巡查时了解到紫薇54号6楼夫妻经常吵架，有时还要动手，邻居表示不止是造成噪音，更是但是发生人生伤害，望相关部门协调处理。,经济纠纷,家庭婚姻纠纷,0.9
YHW202505120005,#矛调类其他#陈家巷2号305室的业主反映，其楼下的牛肉面馆（目前还在装修，还没有店名）的油烟管道没有安装在地下去排烟，把油烟管安装在房顶上，居民表示不认可,邻里纠纷,环保纠纷,0.9
YHW202505120206,居民反映物业将垃圾桶放置在自家阳台下，既不卫生也不符合垃圾分类的要求，但保洁员态度不明。近期天气转热，希望有关部门进行进行协调。,物业管理纠纷,物业管理纠纷,0.9
YHW202505120301,报警人沈阿毛（身份证号码：3302*****0329，057****29576）报警称隔壁502室用东西一直在敲墙，很吵。民警到达现场，到菱池街28号502室章宇（5224*****2263）家中查看未发现敲墙情况，其表示没有敲过墙，一直在家中躺着玩手机，可能系报警人沈阿毛幻听。推送街道相关部门后续关注跟进。,邻里纠纷,噪声污染,0.9
YHW202505120302,陈涤（3302*****2114，132****6150）住在解放南路293弄20号416室，楼上516漏水导致自家天花板滴水，租户不在家中，民警告知报警人等租户回来后约房东、物业一同协商，报警人表示接受。推送社区街道关注。,邻里纠纷,损害赔偿纠纷,0.9
YHW202505120501,店家来电我是明码标价，但是顾客觉得份量少现在不想给钱，有纠纷双方在一起，190****9576 #非警务#纠纷事项#消费问题#报警电话:190****9576,消费纠纷,消费纠纷,0.9
YHW202505120502,中介承诺我租房满3个月就退押金，现在对方不退，我找到中介公司了。152****7322 #非警务#纠纷事项#租赁问题#报警电话:152****7322,经济纠纷,消费纠纷,0.9
YHW202505120503,物业报警：我们是维科房产的，已经把工资给老板了，老板没有把钱给工人，现在工人在这里闹。现场十几个人159****6637 #非警务#纠纷事项#劳资问题#报警电话:159****6637,劳动人事（就业）纠纷,劳动人事（就业）纠纷,0.9
YHW202505120504,我在这里停车，交了停车费，现在对方还要让我补交停车费，纠纷需要处理130****3111 #非警务#纠纷事项#物业管理问题#报警电话:130****3111,经济纠纷,消费纠纷,0.9
YHW202505120505,送建材的来电送建材到目的地了，对方老板把我拉黑不给运费和建材费，对方老板159****5328。158****7695 #非警务#纠纷事项#物流（快递）问题#报警电话:158****7695,消费纠纷,债务纠纷,0.9
YHW202505120506,#长效关注#505室在装修，导致我家漏水了。183****1553 #非警务#纠纷事项#邻里问题#报警电话:183****1553,邻里纠纷,邻里纠纷,0.9
YHW202505130104,网格长走访片区发现有超标违规电动车故意阻碍通道，据了解是因为楼道矛盾引起，请求协调处置,物业管理纠纷,街面秩序,0.9
YHW202505130301,系维科在浙江台州黄岩区的永宁春晖住宅小区工程的保洁工人没有拿到工钱（13余万元）来维科反映。工人代表唐双全（身份证号码：3412*****3519）表示，当初是维科将保洁业务包给私人老板，之前怕老板不付钱，工人们找过维科反映，希望维科付钱时能先把工人工资付了，但4月30日时，维科直接把钱结给了老板，导致他们现在找老板要钱，老板不给钱。现场工人除唐双全，都是中老年妇女，坐在大厅沙发上休息没有过激行为，没有扰乱单位秩序。报警人维科物业李向洲（身份证号码：6123*****7331，159****6637）联系工程部项目人员庞果（身份证号码：5137*****1596）到场和工人解释，民警告知唐双全可向黄岩劳动部门反映。告知工人合理合法维权。请社区主管部门关注并掌握。,其他,劳动人事（就业）纠纷,0.9
YHW202505130303,紫金街58弄20号楼604室张佳雪（159****4169）报警称被前男朋友搞怀孕了，其前男友手机已暂停服务，联系不上。民警告知其可以通过司法途径维护权益。请社区、居委会等相关部门掌握，关注并后续跟进双方情感纠纷。,公共秩序纠纷,情感纠纷,0.9
YHW202505130403,专职网格员在日常走访巡查发现居民私自养活禽，活禽叫声大扰民，邻居劝说商量不听，引发邻里矛盾,邻里纠纷,邻里纠纷,0.9
YHW202505130404,专职网格员在走访时有居民反映隔壁租客好几次将垃圾堆放在门口，有时候会导致他家大门都打不开，好几次和他说也无效，希望街道相关部门调解。,公共秩序纠纷,公共秩序纠纷,0.9
YHW202505130501,之前，我在这里充值了一个项目，现在我要退掉，商家要收我30%的违约金，引起纠纷192****2969 #非警务#纠纷事项#消费问题#报警电话:192****2969,消费纠纷,消费纠纷,0.9
YHW202505130502,#长效关注#我老婆误会我，现在吵架了有纠纷，需要帮助调解189****6356 #非警务#纠纷事项#家庭婚姻感情问题#报警电话:189****6356,家庭婚姻纠纷,家庭婚姻纠纷,0.9
YHW202505130503,客户因为要取继承的钱，给不出证明，取不了钱，现在不走了，引起纠纷183****7271 #非警务#纠纷事项#金融问题#报警电话:183****7271,经济纠纷,金融纠纷,0.9
YHW202505140102,民警到达现场，未发现吵架和打架情况，307室夫妻何佳敏（3607*****292X）与张兵（3729*****6116）称可能说话声音大了点，民警告知其控制音量不要影响他人休息。请社区、居委会相关部门后续跟进关注。,治安隐患纠纷,口角琐事纠纷,0.9
YHW202505140103,三支街21弄15号203室内，工人董凤军（身份证号码：3412*****233X）在墙上敲钉子，告知其停止施工，并签订噪声扰民行为法律责任告知书。请社区相关部门后续跟进关注。,公共秩序纠纷,噪声污染,0.9
YHW202505140104,5月11日王秀玲（3412*****6803，135****8056）在菱池小区29号603室，误把别人的外卖当成室友的，今天发现被人用油性笔写了 “没有点外卖就不要接外卖，占小便宜有意思吗”。民警叫其向城管反映，王秀玲说自己误拿了人家的东西有错在先，自己会把墙上的字处理掉。请社区、居委会、城管等主管部门后续跟进，了解情况，避免邻里关系进一步激化。,物业管理纠纷,邻里纠纷,0.9
YHW202505140301,我在这里停车，有个车主不肯给我让道，还要说我开车技术不好，现在双方有纠纷138****0756 #非警务#纠纷事项#其他纠纷事项#报警电话:138****0756,经济纠纷,交通事故纠纷,0.9
YHW202505140302,我坐出租车，司机让我下车，引起纠纷。135****7120 #非警务#纠纷事项#司乘（代驾）问题#报警电话:135****7120,消费纠纷,消费纠纷,0.9
YHW202505150001,有两个人插队闹事，无过激行为。电话：189****7264 #非警务#纠纷事项#其他纠纷事项#报警电话:189****7264,治安隐患纠纷,公共秩序纠纷,0.9
YHW202505150002,我把钱放在在里面炒股，发现里面的钱少了引起纠纷。我人在江北上班136****8251 #非警务#纠纷事项#金融问题#报警电话:136****8251,金融纠纷,金融纠纷,0.9
YHW202505150101,报警人李慧茹（1427*****0920，153****6675）称与对方刘凯（身份证号:1426*****1318，176****7999）情侣关系破裂后，刘凯还继续找她，其觉得被骚扰了。未发生争吵及肢体冲突，民警到达时，刘凯已离开现场，民警电话联系刘凯，告知刘凯，李慧茹已与其结束情侣关系，不要继续找她，刘凯表示知晓，之后不会再找李慧茹了。推送社区相关部门后续关注双方情感纠纷。,经济纠纷,情感纠纷,0.9
YHW202505150103,报警人陈红霞（3310*****0529）在三支街21弄5号704室教育孩子时不慎打到丈夫周忠铀（3624*****4913），两人因此发生争吵打架，陈红霞大腿被踢出淤青，周忠铀胸前被抓伤。经现场调解，夫妻两人互不追究责任，民警已对双方出具家暴告诫书，处理完毕撤回。请社区、居委会、妇联等相关部门后续跟进，了解情况，告知双方注意沟通方式合理解决，不要再次出现过激行为。,经济纠纷,家庭婚姻纠纷,0.9
YHW202505160001,对方要求我妹妹去做事情，现在与对方产生纠纷，报警人电话：166****4438 #非警务#纠纷事项#其他纠纷事项#报警电话:166****4438,其他纠纷,其他纠纷,0.9
YHW202505160002,我是病人，我通过保险公司找了个护工，现我和护工有纠纷，具体情况报警人说不清楚，报警电话166****3619 #非警务#纠纷事项#消费问题#报警电话:166****3619,医疗纠纷,消费纠纷,0.9
YHW202505160101,"赵吉明（身份证号码;3302*****1818,132****2179）和姬娅楠（身份证号码 :6404*****4528）男女朋友在梅园小区门口发生争吵，有肢体接触，报警人颜家栋（身份证号码：3302*****001X，133****1946）路过看到报警。后民警将双方带回所内。经调解姬娅楠当场归还赵吉明手机、眼镜，赵吉明姬娅楠双方互不追究对方责任，姬娅楠自行承担医药费，双方和平分手，此事一次性调解，今后无涉。请社区、居委会相关部门后续跟进，了解情况，避免矛盾升级。",物业管理纠纷,情感纠纷,0.9
YHW202505160102,接110报警称店铺从晚上10点开始一直在装修并且在搬东西，声音很吵，扰民，具体店铺名称不清楚。民警到达现场，系太学眼科装修施工，告知施工单位立即停止作业并对现场工人武存广（3715*****3813，135****8558）开具了噪音扰民告知书。请街道相关主管部门关注并掌握。,其他,噪声污染,0.9
YHW202505170001,有个人欠我钱不还引起纠纷。报警人电话：152****1525 #非警务#纠纷事项#经济（债务）问题#报警电话:152****1525,债务纠纷,债务纠纷,0.9
YHW202505170002,老板拖欠工资不肯付，有劳资纠纷，报警人在过去的路上。报警人电话：195****4512 #非警务#纠纷事项#劳资问题#报警电话:195****4512,劳动人事（就业）纠纷,劳动人事（就业）纠纷,0.9
YHW202505170003,地下室收费杆出现故障，我的车出不去，现场物业保安不处理，引起纠纷，电话135****4774 #非警务#纠纷事项#物业管理问题#报警电话:135****4774,物业管理纠纷,物业管理纠纷,0.9
YHW202505170004,（辅助下单）（来电催促）地下室收费杆出现故障，我的车出不去，现场物业保安不处理，引起纠纷，电话135****4774 #非警务#纠纷事项#物业管理问题#报警电话:135****4774,物业管理纠纷,物业管理纠纷,0.9
YHW202505170005,我上厕所，水没出来，厕所保洁说我故意不冲骂人，电话138****8223 #非警务#纠纷事项#其他纠纷事项#报警电话:138****8223,公共秩序纠纷,口角琐事纠纷,0.9
YHW202505180001,我今天离职，想让公司今天发工资，双方在一起有纠纷  173****4243 #非警务#纠纷事项#劳资问题#报警电话:173****4243,劳动人事（就业）纠纷,劳动人事（就业）纠纷,0.9
YHW202505190004,接12345反馈，居民反映县学街91号太学眼科，晚上装修噪音太大，影响居民生活，产生一定矛盾纠纷，需相关部门协助。,公共秩序纠纷,噪声污染,0.9
YHW202505190103,网格员接到网格居民反映，因楼管道堵塞，造成二楼卫生间马桶上涌，多次与一楼沟通均为得到解决，请求相关部门协助解决。,邻里纠纷,其他纠纷,0.9
YHW202505190106,#邻里纠纷#紫金街64号303门口长期堆放一些杂物，居民上下楼存在安全隐患，周围居民也反馈半夜敲打东西，影响居民休息，经过社区调解，该现象没有很好的改变，请街道相关部门协助处理。,公共秩序纠纷,邻里纠纷,0.9
YHW202505190403,报警人系204住户张荣明（330****960100719，180****5481），称304住户养宠物半夜有噪音扰民，民警之前帮其和304住户沟通过但好了一段时间，今天又开始有声音了，民警上门敲204门未有人开，告知其向社区反映，并会将相关情况告知社区民警，报警人感谢民警帮助，表示知道了，民警撤回。请社区相关部门后续跟进，了解情况，协助合理解决，避免矛盾升级。,狗患纠纷,邻里纠纷,0.9
YHW202505190404,报警人穆爱菊（4331*****5521 ，173****0647 ）要抽烟，男朋友李中付（5224*****8096）认为其可能已经怀孕，不让其抽烟，双方发生口角纠纷，期间李中付动手打了穆爱菊一耳光。经民警现场调解，李中付向穆爱菊道歉，双方今晚各自分房休息，关于感情问题双方待冷静后自行处理，双方均表示认可并签署备结单。请社区、居委会等主管部门后续跟进，了解情况，合理化解矛盾，避免矛盾升级。,治安隐患纠纷,情感纠纷,0.9
YHW202505190501,来电称过来一下，未说具体地址后无应答。回拨称因为价格问题，有纠纷。181****9225 #非警务#纠纷事项#消费问题#报警电话:181****9225,消费纠纷,消费纠纷,0.9
YHW202505190502,#长效关注#有人从2楼倒水下去淋到了楼下的人，现双方引起纠纷，报警人电话：173****4041 #非警务#纠纷事项#邻里问题#报警电话:173****4041,邻里纠纷,邻里纠纷,0.9
YHW202505190503,我和女儿在楼下走路，楼上的水倒下来把我们全身浇透了，现在我和对方协商不下有纠纷150****7278 #非警务#纠纷事项#其他纠纷事项#报警电话:150****7278,邻里纠纷,其他纠纷,0.9
YHW202505190504,这里有人因为流浪猫与我产生纠纷，报警人电话：135****4587 #非警务#纠纷事项#其他纠纷事项#报警电话:135****4587,狗患纠纷,狗患纠纷,0.9
YHW202505190505,#长效关注#路人报警人称有一对夫妻在吵架，具体情况不清楚 #非警务#纠纷事项#家庭婚姻感情问题#报警电话:132****5499,家庭婚姻纠纷,家庭婚姻纠纷,0.9
YHW202505200002,#矛调类其他#网格员接到陶家巷19号306租客的投诉，称房东不退押金，房东要求打扫干净房屋再退押金，租客称已找阿姨打扫干净但房东扔不退押金，要求社区调解。,劳动人事（就业）纠纷,消费纠纷,0.9
YHW202505200004,#邻里纠纷#专职网格员在巡查过程中发现，桂芳桥巷4-20有不少居民和沿街店铺的老板在争论，情绪激动。了解后知晓原因是：沿街店铺电力扩容，电线要经过车棚，有车棚的住户不允许线路从车棚经过，说事先并未和他们协商。双方僵持不下，希望街道相关部门协助处理解决。,邻里纠纷,邻里纠纷,0.9
YHW202505200005,网格长在走访的过程中居民提出来，因桂井街14-18号没有快递柜，快递要到月湖花园去拿，使得月湖花园的居民和桂井街居民产生了矛盾，14-18号居民希望在附近安装一个快递柜。,工程施工纠纷,街面秩序,0.9
YHW202505200009,#矛调类其他#紫薇巷68号居民反映，其向物业反映漏水问题，物业态度差，望相关部门协助处理。,物业管理纠纷,物业管理纠纷,0.9
YHW202505200109,#矛调类其他#陈家巷居民反映，发现停车场花坛里的泥土被偷，望相关部门协助处理。,治安隐患纠纷,其他纠纷,0.9
YHW202505200110,紫薇巷2号4楼居民反映5楼漏水，造成损失，邻里产生纠纷。,邻里纠纷,邻里纠纷,0.9
YHW202505200301,民警到达现场，系为了养猫事情，李元霞（3207*****0827，135****4587）等人与缪成钢（3302*****1817，189****0205）等人因小区内住户喂养流浪猫一事发生口角，现场未发生肢体冲突，民警现场对双方进行安抚，将双方劝离。关于小区流浪猫一事后续会与城管及社区物业沟通协调处理。请街道、城管、物业等主管部门后续跟进协助处理。,治安隐患纠纷,狗患纠纷,0.9
YHW202505200302,报警人任一玉（3302*****1826，195****0152）称前男友孙吉（身份证号码：3302*****693X，137****9369）上门报复，后孙吉一直未来。民警电话联系孙吉，系任一玉与孙吉分手后，因多次联系前男友孙吉现在的妻子，还多次前往孙吉余姚工作的地方，孙吉想要将事情当面说清楚。民警告知双方以后互不打扰。请社区主管部门关注并掌握。,家庭婚姻纠纷,情感纠纷,0.9
YHW202505200408,网格员在走访，居民向网格员反应3楼租客半夜噪音扰民，网格员通过微信且上门走访多次劝说无果，2楼房东在半夜通过报警处理，2楼房东和3楼租客存在极大的矛盾纠纷。,邻里纠纷,噪声污染,0.9
YHW202505200501,我是房产中介，租客要退租，不付房租，还要拿押金去抵，房东不肯，租客还在这里无理取闹。报警人：189****2002 #非警务#纠纷事项#租赁问题#报警电话:189****2002,经济纠纷,债务纠纷,0.9
YHW202505200502,因为200元租房押金的事情双方有纠纷，报警人号码：157****5347 #非警务#纠纷事项#租赁问题#报警电话:157****5347,经济纠纷,消费纠纷,0.9
YHW202505210104,紫薇小区54号居民反应不知哪户邻居半夜空调外机声音很大，吵得楼道无法入睡，望相关部门协调处理。,物业管理纠纷,噪声污染,0.9
YHW202505210203,专职网格员在日常走访的时候，居住在迎凤街168号1楼的两位居民和租客分别反映，总有烟蒂，垃圾包出现在自家屋顶上，希望专职网格员能够进入协调处理-#邻里纠纷#-#邻里纠纷#,公共秩序纠纷,公共秩序纠纷,0.9
YHW202505210205,紫薇小区32号居民反应楼道有人养兔子，气味很重，要求其将兔子处理掉，养兔子住户不同意，引发矛盾。望相关部门协调处理。,物业管理纠纷,邻里纠纷,0.9
YHW202505210301,155****3100客户来电因劳动仲裁，申请人不让我们走，有纠纷 #非警务#纠纷事项#劳资问题#报警电话:155****3100,劳动人事（就业）纠纷,劳动人事（就业）纠纷,0.9
YHW202505210302,152****3686：之前工作受伤，老板现在不承认我的劳动关系，有纠纷需要处理 #非警务#纠纷事项#劳资问题#报警电话:152****3686,劳动人事（就业）纠纷,劳动人事（就业）纠纷,0.9
YHW202505210303,152****3686：之前工作受伤，老板现在不承认我的劳动关系，有纠纷需要处理（辅助下单） #非警务#纠纷事项#劳资问题#报警电话:152****3686,劳动人事（就业）纠纷,劳动人事（就业）纠纷,0.9
YHW202505210304,我与律师有合同上纠纷，需要处理186****3239 #非警务#纠纷事项#其他纠纷事项#报警电话:186****3239,其他纠纷,其他纠纷,0.9
YHW202505210401,紫薇巷41号一房屋在装修时引导楼下住户家中漏水，因找不到楼上房东，向社区求助。但该房屋原为房管处房子，现房东不详。请有关部门协助处理。,邻里纠纷,损害赔偿纠纷,0.9
YHW202505210402,紫薇巷35号一房东反映物业拒绝让其租户缴纳停车费，因该房屋多年未缴纳物业费。房东称去年楼道总管破损导致其车棚浸水，以及数年前的墙面渗水等问题需要进行赔偿，希望物业与其两清。希望有关部门协助处理。,经济纠纷,经济纠纷,0.9
YHW202505210501,报警人毛张娜（158****8372）称其在镇明路平桥社区家中听见对面大厦有装修噪音，民警现场查看，系鼓楼大厦四楼中国工商银行正在装修，民警现场告知装修负责人陆欢立即停止装修，当场对陆欢进行批评教育。后民警将情况反馈报警人，报警人表示认可。请社区关注并掌握。,公共秩序纠纷,噪声污染,0.9
YHW202505210502,仓桥街35弄30号猎狐club酒吧音乐声扰民，现已责令店主蔡子洋（3501*****5590）降低音量关紧门窗，其表示听从教育。已反馈报警人权琳然（5222*****0428）。请社区关注并掌握。,邻里纠纷,噪声污染,0.9
YHW202505210505,5月20日报警人李元霞（3207*****0827，135****4587）多次报警称2025年5月19日晚上在太阳公寓小区里因喂养流浪猫的事情被缪成钢（3302*****1817，189****0205）骂过，今早对方又说了自己，于是报警，双方未发生肢体冲突，民警将双方带回所调解，报警人李元霞口述谅解对方缪成钢（3302*****1817，189****0205），执法记录仪记录，不用派出所处理了。5月20日、21日冷静街43弄36号410鲁英（132****5499）多次来电报警称因为流浪猫的纠纷被37号512缪成钢恶意针对，今天上午脸盆与水差点砸到她，中午又在37号楼道安装监控侵犯隐私。请街道、居委会相关部门后续跟进，了解情况，协同处置，避免事态严重化。,治安隐患纠纷,邻里纠纷,0.9
YHW202505220201,刘绪勇今日到海曙区劳动仲裁庭开庭，处理与姚玉德（6123*****2679，152****3686）的劳动纠纷，开庭完毕后姚玉德抱住刘绪勇的腿，不让其离开，吴珊燕（身份证号码：3302*****274X，155****3100）报警。现场和姚玉德老婆一起将姚玉德劝开，让刘绪勇和吴珊燕先离开。告知姚玉德既然已经在走劳动仲裁程序就让劳动部门来处理，不要做不理智行为，姚玉德表示刚才有些生气，受伤后脑袋有些后遗症，会注意，让姚玉德老婆多照顾。请相关部门关注并掌握。,经济纠纷,劳动人事（就业）纠纷,0.9
YHW202505220301,#长效关注#我与医生有医疗事故，现在产生纠纷，报警人电话：183****7036 #非警务#纠纷事项#医患问题#报警电话:183****7036,医疗纠纷,医疗纠纷,0.9
YHW202505220302,"#长效关注#我与医生有医疗事故，现在产生纠纷，报警人电话：183****7036
重复报警:报警时间:2025-05-22 09:42:08, 报警电话:183****7036, 联系电话:183****7036, 报警内容:我与医生有医疗事故，现在产生纠纷，报警人电话：183****7036
3302*****00113 #非警务#纠纷事项#医患问题#报警电话:183****7036",医疗纠纷,医疗纠纷,0.9
YHW202505220303,#长效关注#我的邻居拿广播辱骂我，报警人在现场，报警人电话135****4587 #非警务#纠纷事项#邻里问题#报警电话:135****4587,邻里纠纷,邻里纠纷,0.9
YHW202505220304,我与对方因为电话卡的原因，现在产生纠纷，报警人电话：195****9545 #非警务#纠纷事项#其他纠纷事项#报警电话:195****9545,其他纠纷,其他纠纷,0.9
YHW202505230001,因医疗事故，我与医生纠纷，报警人电话：183****7036 #非警务#纠纷事项#医患问题#报警电话:183****7036,医疗纠纷,医疗纠纷,0.9
YHW202505230002,这里有客人在抽烟，其他客人很介意，双方吵起来了。报警人：187****0284 #非警务#纠纷事项#消费问题#报警电话:187****0284,公共秩序纠纷,消费纠纷,0.9
YHW202505230101,我把卡借给前公司同事用，现在我把卡要回来后，发现里面欠了三百多，想要对方对方赔偿不肯138****5670 #非警务#纠纷事项#经济（债务）问题#报警电话:138****5670,债务纠纷,债务纠纷,0.9
YHW202505230202,#邻里纠纷#紫金巷有居民在室外养狗，影响周围居民生活，经过网格员多次沟通无果，请街道相关部门协助处理。,狗患纠纷,狗患纠纷,0.9
YHW202505230301,2025年5月22日17时许，报警人李元霞（3207*****0827，135****4587）称有男子在太阳公寓小区放音响，民警现场了解，该男子系冷静街43弄37号512缪成钢（3302*****1817，189****0205）放音响骂猫，民警已劝告该男子停止播放音响，该男子离开。双方因流浪猫问题多次引发纠纷，请街道、居委会等相关部门后续跟进，了解情况，协同处置，避免事态严重化。,公共秩序纠纷,邻里纠纷,0.9
YHW202505230302,解放南路43号402室魏文刚（3411*****2176）、陈学桃（3411*****2201）与朋友在打麻将娱乐，已进行批评教育，当事人听从教育、不再打牌，不影响周边居民。已反馈报警人余剑（4130*****3313，173****6969）。请社区关注并掌握。,家庭婚姻纠纷,公共秩序纠纷,0.9
YHW202505230501,专职网格员看到有居民在网格群内反应，偃月小区垃圾房改造施工将柏油路破开回填水泥，担心影响道路质量,经济纠纷,工程施工纠纷,0.9
YHW202505240201,我房子出租，租客不付房租费，对方人不在，我在出租屋，要求处理133****7345 #非警务#纠纷事项#租赁问题#报警电话:133****7345,经济纠纷,债务纠纷,0.9
YHW202505240202,这里停车费很高，和工作人员有纠纷178****9730 #非警务#纠纷事项#物业管理问题#报警电话:178****9730,消费纠纷,消费纠纷,0.9
YHW202505240203,吃火锅吃到臭的东西，需要处理132****0776 #非警务#纠纷事项#消费问题#报警电话:132****0776,消费纠纷,消费纠纷,0.9
YHW202505250001,我们打车，后吐在车上了，现清理完了，司机说车上还有味道，还要我们赔偿。报警人电话：195****4535 #非警务#纠纷事项#司乘（代驾）问题#报警电话:195****4535,消费纠纷,消费纠纷,0.9
YHW202505250002,#长效关注#057****95387三楼住户在阳台骂我，具体原因报警人称不清楚，有纠纷需要处理 #非警务#纠纷事项#邻里问题#报警电话:057****95387,邻里纠纷,邻里纠纷,0.9
YHW202505250003,#长效关注#057****95387三楼住户在阳台骂我，具体原因报警人称不清楚，有纠纷需要处理（已电告海曙）（辅助下单：来电咨询出警，告知已通知） #非警务#纠纷事项#邻里问题#报警电话:057****95387,邻里纠纷,邻里纠纷,0.9
YHW202505250004,顾客在消费过程中有无误会，现协商不下158****0902 #非警务#纠纷事项#消费问题#报警电话:158****0902,消费纠纷,消费纠纷,0.9
YHW202505250005,我们租用了对方的场地，现在电梯被人弄坏了，酒店方让我们赔偿有纠纷。180****9754 #非警务#纠纷事项#经济（债务）问题#报警电话:180****9754,消费纠纷,经济纠纷,0.9
YHW202505260001,钱艺坤（6501*****3318，185****1524）和安娜娜（4127*****4508，155****8212）在海曙区镇明路5弄2号403室因琐事发生纠纷。安娜娜称钱艺坤先踢了她一脚，后其拿菜刀自我防卫，并没有想砍钱艺坤。钱艺坤称安娜娜拿着菜刀不让他走，他抢菜刀的过程中踢了安娜娜一脚，过程中钱艺坤造成钱艺坤右腿有0.5公分的划痕，不确定是否菜刀划到。钱艺坤表示不需要去医院看医生。双方互相道歉，互不追究对方法律责任，此事作一次性调解，此后无涉。烦请社区关注并后续跟进双方情感纠纷，避免出现过激行为。,治安隐患纠纷,情感纠纷,0.9
YHW202505260003,2025-05-26 01:16:07我所接110报警称：有人非法入侵住宅，后无回应，回拨多次拒接。民警到达现场，报警人系常格格（3411*****6422，155****1513）称其与男友许飞飞（3416*****5114，183****6625）因感情问题发生争吵，两人从KTV一同回家，到家后常格格不愿让许飞飞进门，故报警。民警告知许飞飞感情问题双方可协商解决，许飞飞表示认可，常格格称会自行与许飞飞协商，无需民警处理。请社区、居委会等相关部门后续跟进，了解情况，协同处置，避免矛盾进一步升级。,物业管理纠纷,情感纠纷,0.9
YHW202505260401,我在这里摆摊，因为摆摊的问题和对方摊主有纠纷，现双方在一起，166****4223 #非警务#纠纷事项#物业管理问题#报警电话:166****4223,公共秩序纠纷,街面秩序,0.9
YHW202505260601,物业报警，割树的工作人员在割树时，树木掉下来，砸坏了刚安装的防护栏，现因赔偿问题产生纠纷。134****6625 #非警务#纠纷事项#经济（债务）问题#报警电话:134****6625,环保纠纷,损害赔偿纠纷,0.9
YHW202505260602,网约车司机报：乘客开门把门拉坏了，有纠纷191****4509 #非警务#纠纷事项#司乘（代驾）问题#报警电话:191****4509,消费纠纷,消费纠纷,0.9
YHW202505270301,我们在这里培训，有人说我们声音很吵，对方故意扰乱我们正常办公。133****9248（四平台未签收，已电告分局） #非警务#纠纷事项#其他纠纷事项#报警电话:133****9248,公共秩序纠纷,噪声污染,0.9
YHW202505270302,有客户说我们没有给他发钱起纠纷。报警人电话：178****6113 #非警务#纠纷事项#金融问题#报警电话:178****6113,劳动人事（就业）纠纷,金融纠纷,0.9
YHW202505270303,"有客户说我们没有给他发钱起纠纷。报警人电话：178****6113。12：05分来电称对方已离开，现去别的建设银行闹了，具体情况不清楚，
重复报警:报警时间:2025-05-27 11:59:24, 报警电话:178****6113, 联系电话:178****6113, 报警内容:有客户说我们没有给他发钱起纠纷。报警人电话：178****6113
重复报警:报警时间:2025-05-27 12:05:56, 报警电话:178****6113, 联系电话:178****6113, 报警内容:催促 #非警务#纠纷事项#金融问题#报警电话:178****6113",其他纠纷,金融纠纷,0.9
YHW202505270304,有个客户说我们银行把她钱弄没了，现在在这里待着不肯走。156****9218 #非警务#纠纷事项#其他纠纷事项#报警电话:156****9218,其他纠纷,消费纠纷,0.9
YHW202505280001,这里有顾客不付钱，产生纠纷，报警人电话：131****1828 #非警务#纠纷事项#消费问题#报警电话:131****1828,消费纠纷,消费纠纷,0.9
YHW202505280002,买的劲酒里面是水，与店家有纠纷，电话：188****3146 #非警务#纠纷事项#消费问题#报警电话:188****3146,消费纠纷,消费纠纷,0.9
YHW202505280003,辅助：买的劲酒里面是水，与店家有纠纷，电话：188****3146 #非警务#纠纷事项#消费问题#报警电话:188****3146,消费纠纷,消费纠纷,0.9
YHW202505280004,我租了房子，房东不租了，不退钱给我，人联系不上了，需要处理185****5595 #非警务#纠纷事项#租赁问题#报警电话:185****5595,经济纠纷,消费纠纷,0.9
YHW202505280005,我来这里相亲，来现场以后发现现实的信息和当初在网上沟通的信息不一样，觉得他们虚假宣传，起纠纷181****9160 #非警务#纠纷事项#消费问题#报警电话:181****9160,消费纠纷,消费纠纷,0.9
YHW202505280006,有人需要上门维修，我到现场后对方又称不休了，现对方不在家，对方妈妈和儿子在现场192****2301 #非警务#纠纷事项#消费问题#报警电话:192****2301,其他纠纷,消费纠纷,0.9
YHW202505280007,隔壁床的老人抽烟还骂我，产生纠纷，报警人189****5683 #非警务#纠纷事项#其他纠纷事项#报警电话:189****5683,邻里纠纷,口角琐事纠纷,0.9
YHW202505280301,2025-05-27 09:34:02我所接非警务警情：我们在这里培训，有人说我们声音很吵，对方故意扰乱我们正常办公。民警到达现场，经了解，报警人宣佳慧（133****9248）系2504克丽缇娜美容的负责人，楼伟系24楼中外运的工作人员。楼伟反映克丽缇娜一个月几次组织加盟店培训活动，有唱有跳，对楼下办公造成影响。经大楼物业在场协商，克丽缇娜调整培训方式，尽量减少影响，及时向大楼物业报备，楼伟反映问题向物业提出，不必直接找克丽缇娜。请街道、物业等相关部门关注并掌握。,物业管理纠纷,噪声污染,0.9
YHW202505280302,2025-05-28 06:10:07我所接110报警称这里有人唱歌的声音很重，噪音扰民，需要处理。民警到达现场，系董素卿（3302*****1545，138****8880）在镇明路278弄17号门口唱歌，民警已对唱歌人员进行劝导。请社区相关部门后续关注并掌握。,邻里纠纷,噪声污染,0.9
YHW202505280303,2025-05-27 09:18接市局指令：2025年5月27日9时10分许，现住海曙区启文路山峰公寓居民陈明（男、身份证：3406*****7535、籍贯：安徽）等1人到市政府2号门下跪大喊大叫，反映第一医院医疗事故纠纷一事，现民警将其引导至信访局由信访局接访，后我所民警董文洋立即赶赴信访局将陈明（陈明，户籍地安徽省濉溪县百善镇龙北村陈庄23号，暂住登记在海曙区段塘街道启文路9号A幢105。）带回我所，第一医院相关负责人也到场调解，但就赔偿问题双方目前未协商一致，我所民警董文洋后将陈明送回启文路山风公寓住处。2025年5月26日15时许，陈明也到市政府门口跪地喊冤，后被带到市政府信访室。民警到达现场后对了陈明开展劝导与教育，陈明不愿离开，后民警与120一起将陈明送回暂住地。请街道综治跟进关注。,经济纠纷,医疗纠纷,0.9
YHW202505290101,"2025-05-28 12:55:16我所接110报警称钟表店旁边的店，室内装修噪音扰民。民警到达现场，系报警人镇明路274号店面装修，装修工人程亮（身份证号码3421*****8210,137****3848）正在拌水泥，民警告知程亮中午12—14点不要发出装修噪音，程亮在告知书上签名。请街道通知社区关注并掌握。",邻里纠纷,噪声污染,0.9
YHW202505290201,租客报：昨天我来这里租房，交了押金和房租，现在我不想租房了，房东不退我钱，引起纠纷177****6908 #非警务#纠纷事项#租赁问题#报警电话:177****6908,经济纠纷,消费纠纷,0.9
YHW202505290202,租客把我的房子弄坏了引起纠纷。159****5453 #非警务#纠纷事项#租赁问题#报警电话:159****5453,经济纠纷,损害赔偿纠纷,0.9
YHW202505300201,我在这里买药，药店钱多收了，现在双方有纠纷159****8882 #非警务#纠纷事项#消费问题#报警电话:159****8882,消费纠纷,消费纠纷,0.9
YHW202505300202,报警人来电称在宁波医院，具体情况未说清，电话挂机，多次回拨：受了工伤，现人在医院里面，老板也在，需要调解处理。157****5776 #非警务#纠纷事项#劳资问题#报警电话:157****5776,劳动人事（就业）纠纷,劳动人事（就业）纠纷,0.9
YHW202505310201,我是做装修的，项目经理不给我工资。报警人在现场等。报警人电话：186****1323 #非警务#纠纷事项#劳资问题#报警电话:186****1323,劳动人事（就业）纠纷,劳动人事（就业）纠纷,0.9
YHW202505310202,我的手机是小米的手机卡，手机卡停机了，工作人员说处理不了，产生纠纷，电话171****3686 #非警务#纠纷事项#消费问题#报警电话:171****3686,消费纠纷,消费纠纷,0.9
YHW202505310203,我在这里只停了半个小时，停车费要收我二十元有纠纷。电话：178****0578 #非警务#纠纷事项#物业管理问题#报警电话:178****0578,物业管理纠纷,消费纠纷,0.9
YHW202505310204,我在工地里干活的时候受了工伤，我现在在第一医院就诊，老板（137****0397）不给钱也不负责。134****7247 #非警务#纠纷事项#劳资问题#报警电话:134****7247,劳动人事（就业）纠纷,劳动人事（就业）纠纷,0.9
YHW202505310205,我们把车停在这里，对方要我们移车，但对方称我们耽误他们上课了还要我们给他们赔偿。报警人电话：134****7438 #非警务#纠纷事项#其他纠纷事项#报警电话:134****7438,经济纠纷,经济纠纷,0.9
YHW202505310206,我儿子到他们店里买圣代，没人理我们，服务员还骂我们。报警人电话：138****7945 #非警务#纠纷事项#消费问题#报警电话:138****7945,消费纠纷,消费纠纷,0.9
YJIW202505010401,加油升数有出入有纠纷153****8985 #非警务#纠纷事项#消费问题#报警电话:153****8985,消费纠纷,消费纠纷,0.9
YJIW202505010402,辅助：加油升数有出入有纠纷153****8985 #非警务#纠纷事项#消费问题#报警电话:153****8985,消费纠纷,消费纠纷,0.9
YJIW202505010403,#长效关注#邻居把垃圾丢在我家门口，还不承认有纠纷180****8893 #非警务#纠纷事项#邻里问题#报警电话:180****8893,邻里纠纷,邻里纠纷,0.9
YJIW202505020001,老板报警：客人的朋友付了钱，但是客人没付钱，现在对方要我退钱。157****4754 #非警务#纠纷事项#消费问题#报警电话:157****4754,消费纠纷,消费纠纷,0.9
YJIW202505020002,对方损坏我的手机，现因赔偿问题引起纠纷。报警人：177****7332 #非警务#纠纷事项#经济（债务）问题#报警电话:177****7332,债务纠纷,经济纠纷,0.9
YJIW202505020003,#长效关注#我车子停在这里，对方让我移车，我跟其解释我老公还没下班，等会再移车，对方就骂我，还要动手打我159****5312 #非警务#纠纷事项#邻里问题#报警电话:159****5312,邻里纠纷,邻里纠纷,0.9
YJIW202505030401,老板不给我加工费，有纠纷。130****4560 #非警务#纠纷事项#劳资问题#报警电话:130****4560,劳动人事（就业）纠纷,劳动人事（就业）纠纷,0.9
YJIW202505030402,我去培训学校学习做饭团，在学校烫伤了，需要赔偿，有纠纷。159****6386 #非警务#纠纷事项#经济（债务）问题#报警电话:159****6386,债务纠纷,消费纠纷,0.9
YJIW202505030403,村里人把垃圾倒到我朋友的土地有纠纷。139****4318 #非警务#纠纷事项#邻里问题#报警电话:139****4318,邻里纠纷,邻里纠纷,0.9
YJIW202505030404,对方叫我过来干活，我到了后，对方又不要我做了，需要工资193****5032 #非警务#纠纷事项#劳资问题#报警电话:193****5032,劳动人事（就业）纠纷,劳动人事（就业）纠纷,0.9
YJIW202505030405,对方叫我过来干活，我到了后，对方又不要我做了，需要工资193****5032 #非警务#纠纷事项#劳资问题#报警电话:193****5032,劳动人事（就业）纠纷,劳动人事（就业）纠纷,0.9
YJIW202505040201,#长效关注#139****8581：我要从这里过，这户人家不让我过，引起吵架。（没有门牌号） #非警务#纠纷事项#邻里问题#报警电话:139****8581,邻里纠纷,邻里纠纷,0.9
YJIW202505040202,昨晚有人带我来洗脚， 点了酒和其他东西后没付钱，人走了。现在我在店里，与工作人员因付款问题产生纠纷。180****3926 #非警务#纠纷事项#消费问题#报警电话:180****3926,消费纠纷,消费纠纷,0.9
YJIW202505040203,我是快递员，顾客快递长时间未取，我联系其不说话，后打电话骂我，现我在对方家门口153****8550 #非警务#纠纷事项#物流（快递）问题#报警电话:153****8550,消费纠纷,口角琐事纠纷,0.9
YJIW202505040204,报警人是摊主，有两个人自称是吃了摊位的东西后身体不舒服，一直在闹，有纠纷，186****4220 #非警务#纠纷事项#消费问题#报警电话:186****4220,消费纠纷,消费纠纷,0.9
YJIW202505040205,辅助：报警人是摊主，有两个人自称是吃了摊位的东西后身体不舒服，一直在闹，有纠纷，186****4220（14:16来电催促） #非警务#纠纷事项#消费问题#报警电话:186****4220,消费纠纷,消费纠纷,0.9
YJIW202505060401,朋友的邻居把垃圾倒到我朋友的土地里，我朋友把自己的土地用护栏围起来，结果被邻居把护栏都拔了。联系电话（139****4318）,其他,邻里纠纷,0.9
YJIW202505060402,因为孩子晚上哭闹男朋友（有孩子没有结婚证）昨天晚上用玩具打我。,其他,家庭婚姻纠纷,0.9
YJIW202505060403,这里绿植被一个业主砍了种菜，一位狗主人因狗没有地方玩耍和对方起争执吵架了，这里没有物业。联系电话（187****3830）,其他,邻里纠纷,0.9
YJIW202505060501,我是充煤气的，我给对方充了煤气，对方不肯付钱，引起纠纷，报警人电话：188****3903 #非警务#纠纷事项#经济（债务）问题#报警电话:188****3903,经济纠纷,债务纠纷,0.9
YJIW202505060502,同事把我的身份证和法人章锁进密码箱里，产生纠纷。136****0374 #非警务#纠纷事项#其他纠纷事项#报警电话:136****0374,其他纠纷,其他纠纷,0.9
YJIW202505070010,#除险保安#，建岙未来乡村创建项目施工中，施工方将有电的电线移位至下唐137号的遮阳棚上，业主觉得存在安全隐患，多次交涉要求拆除，请相关部门及时处理。,工程施工纠纷,消防隐患纠纷,0.9
YJIW202505070401,我拉货过来货主不给我运费钱，电话183****1283 #非警务#纠纷事项#物流（快递）问题#报警电话:183****1283,消费纠纷,债务纠纷,0.9
YJIW202505090801,我是货车司机，厂里的人拖欠我运费不给，引起纠纷155****6518 #非警务#纠纷事项#物流（快递）问题#报警电话:155****6518,消费纠纷,劳动人事（就业）纠纷,0.9
YJIW202505100301,老板不给我工资，现在与负责人产生纠纷，报警人电话：159****7776 #非警务#纠纷事项#劳资问题#报警电话:159****7776,劳动人事（就业）纠纷,劳动人事（就业）纠纷,0.9
YJIW202505110201,150****5191来电就说吵架了，具体情况不清楚。 #非警务#纠纷事项#其他纠纷事项#报警电话:150****5191,口角琐事纠纷,口角琐事纠纷,0.9
YJIW202505130401,152****4170报：有人骂我，具体不肯说，双方有纠纷 #非警务#纠纷事项#其他纠纷事项#报警电话:152****4170,情感纠纷,口角琐事纠纷,0.9
YJIW202505130402,152****4170报：有人骂我，具体不肯说，双方有纠纷（来电催促）（辅助下单） #非警务#纠纷事项#其他纠纷事项#报警电话:152****4170,情感纠纷,口角琐事纠纷,0.9
YJIW202505140401,国家电网工作人员说，有人非法施工，存在安全隐患，跟对方说了不听 联系人：袁斌，电话：134****1144,其他,治安隐患纠纷,0.9
YJIW202505140501,因我们施工挖坏村民的花坛，现因赔偿问题不让我们施工，有纠纷，报警人电话：186****8346 #非警务#纠纷事项#经济（债务）问题#报警电话:186****8346,环保纠纷,工程施工纠纷,0.9
YJIW202505140502,我是联通第三方业务员，我帮一个老奶奶办理业务，老奶奶说我拍了她的身份证要做别的用处，双方有纠纷 #非警务#纠纷事项#消费问题#报警电话:176****0787,劳动人事（就业）纠纷,消费纠纷,0.9
YJIW202505140503,#长效关注#因为摆摊问题与隔壁有纠纷，需要处理，报警人电话：139****8581 #非警务#纠纷事项#邻里问题#报警电话:139****8581,邻里纠纷,街面秩序,0.9
YJIW202505150401,老公和我说了两句，后面就动手打我，还说要把我杀了 联系电话（183****2339）,其他,家庭婚姻纠纷,0.9
YJIW202505150402,因为琐事我老公动手打我，昨晚还说要杀死我，现在他准备出门，（联系电话：133****6229）,其他,家庭婚姻纠纷,0.9
YJIW202505150501,我昨天发起了顺风车，有个中介（136****9924）在高德打车平台上问我坐不坐大巴车，说好25小时能到目的地，现在司机告诉我要50多小时才能到，我付了800元，要求退款，现在对方不给我退钱，对方还把我拉黑了联系不上。当时是在宁波鄞江梅园新村上的车。报警人电话：181****7892 #非警务#纠纷事项#消费问题#报警电话:181****7892,消费纠纷,消费纠纷,0.9
YJIW202505150502,我昨天发起了顺风车，有个中介（136****9924）在高德打车平台上问我坐不坐大巴车，说好25小时能到目的地，现在司机告诉我要50多小时才能到，我付了800元，要求退款，现在对方不给我退钱，对方还把我拉黑了联系不上。当时是在宁波鄞江梅园新村上的车。报警人电话：181****7892。四平台警单未签收，已电告海曙分局87110告四平台。现来电称还未有人来处理 #非警务#纠纷事项#司乘（代驾）问题#报警电话:181****7892,消费纠纷,消费纠纷,0.9
YJIW202505160401,因土地审批与违法用地问题有人闹事136****8952 #非警务#纠纷事项#土地问题#报警电话:136****8952,土地森林草场水利等纠纷,土地森林草场水利等纠纷,0.9
YJIW202505170401,#长效关注#一个邻居喝了酒走到我的家里，弄坏了我的门136****9460 #非警务#纠纷事项#邻里问题#报警电话:136****9460,邻里纠纷,邻里纠纷,0.9
YJIW202505170402,报警人称没有欠对方钱，对方称给我欠钱，吵架有纠纷190****3617 #非警务#纠纷事项#经济（债务）问题#报警电话:190****3617,债务纠纷,债务纠纷,0.9
YJIW202505170403,"#长效关注#辅助：一个邻居喝了酒走到我的家里，弄坏了我的门136****9460。（158****7761来电称对方冲进家里，还摔坏了邻居的门，要求尽快处理）
重复报警:报警时间:2025-05-17 20:18:00, 报警电话:136****9460, 联系电话:136****9460, 报警内容:来电催促
重复报警:报警时间:2025-05-17 20:01:57, 报警电话:136****9460, 联系电话:136****9460, 报警内容:一个邻居喝了酒走到我的家里，弄坏了我的门136****9460。158****7761来电称对方冲进家里，还摔坏了邻居的门，要求尽快处理
重复报警:报警时间:2025-05-17 20:08:51, 报警电话:158****7761, 联系电话:158****7761, #非警务#纠纷事项#邻里问题#报警电话:136****9460",邻里纠纷,损害赔偿纠纷,0.9
YJIW202505190201,#长效关注#之前家里人吵架报过警，现在又吵架了159****5789 #非警务#纠纷事项#家庭婚姻感情问题#报警电话:159****5789,家庭婚姻纠纷,家庭婚姻纠纷,0.9
YJIW202505200401,我房屋后面香椿树被造公路的施工方挖掉了，对方问也不问我们，起纠纷188****5017 #非警务#纠纷事项#土地问题#报警电话:188****5017,工程施工纠纷,工程施工纠纷,0.9
YJIW202505210401,我房屋后面香樟树被造公路的施工方挖掉了，对方问也不问我们。（联系电话：188****5017）,其他,土地森林草场水利等纠纷,0.9
YJIW202505220108,#损害赔偿纠纷#郑建军，童乐定等人因梅建公路提升工程施工原因致使摔倒导致手部受伤产生纠纷，要求施工方给予赔偿，请相关部门给予解决,经济纠纷,损害赔偿纠纷,0.9
YJIW202505220303,#损害赔偿纠纷#钟亚华因梅建公路提升工程施工原因，致使电瓶车摔倒受伤，要求施工方给予赔偿产生纠纷，请相关部门给予解决,经济纠纷,损害赔偿纠纷,0.9
YJIW202505220304,#损害赔偿纠纷#童乐定因梅建公路提升工程施工原因致使摔倒导致手部受伤，要求施工方给予赔偿，请相关部门给予解决,经济纠纷,损害赔偿纠纷,0.9
YJIW202505220401,我这里因为买东西引起纠纷。139****4883 #非警务#纠纷事项#消费问题#报警电话:139****4883,消费纠纷,消费纠纷,0.9
YJIW202505220402,我从杭州打车过来，高速费我已经付了，现在滴滴司机还要求我支付跨城费，我不认同，双方发生纠纷，报警人电话188****0906 #非警务#纠纷事项#司乘（代驾）问题#报警电话:188****0906,消费纠纷,消费纠纷,0.9
YJIW202505220403,#长效关注#有一群人称和村内的人说过要上我家的山，我不让他们上，双方有纠纷，报警人电话180****8303 #非警务#纠纷事项#其他纠纷事项#报警电话:180****8303,邻里纠纷,土地森林草场水利等纠纷,0.9
YJIW202505220404,#长效关注#我打钱给报警人老公，现报警人上门来找我吵架。报警人：138****0998 #非警务#纠纷事项#劳资问题#报警电话:138****0998,其他纠纷,债务纠纷,0.9
YJIW202505230501,#长效关注#我和邻居有纠纷，具体情况报警人说不清楚。132****8779 #非警务#纠纷事项#邻里问题#报警电话:132****8779,邻里纠纷,邻里纠纷,0.9
YJIW202505230502,#长效关注#我和邻居有纠纷，具体情况报警人说不清楚。132****8779（催促） #非警务#纠纷事项#邻里问题#报警电话:132****8779,邻里纠纷,邻里纠纷,0.9
YJIW202505250001,153****1089报：对方儿子欠了我儿子的钱，现在双方在一起引起纠纷，需要调解 #非警务#纠纷事项#经济（债务）问题#报警电话:153****1089,债务纠纷,债务纠纷,0.9
YJIW202505260401,来电称老公家暴我，没有工具，人没事。（联系电话：130****8606） -- 家庭婚姻纠纷,消费纠纷,家庭婚姻纠纷,0.9
YJIW202505260501,#长效关注#因为造围墙问题，我和邻居有纠纷。130****0991 #非警务#纠纷事项#邻里问题#报警电话:130****0991,邻里纠纷,邻里纠纷,0.9
YJIW202505260502,#长效关注#我家墙被隔壁邻居推倒了，具体原因称不知道130****7275 #非警务#纠纷事项#邻里问题#报警电话:130****7275,邻里纠纷,邻里纠纷,0.9
YJIW202505290301,我是物业，我在拔了几颗绿化带上的鱼腥草。业主就说我偷他们家东西了，双方有纠纷134****7775 #非警务#纠纷事项#物业管理问题#报警电话:134****7775,邻里纠纷,物业管理纠纷,0.9
YJIW202505290302,#长效关注#155****5175，跟老公有家庭纠纷吵架了，需要调解 #非警务#纠纷事项#家庭婚姻感情问题#报警电话:155****5175,家庭婚姻纠纷,家庭婚姻纠纷,0.9
YJIW202505300401,186****3158报：商家拿普通鸡蛋当土鸡蛋卖，现与商家引起纠纷，需要调解 #非警务#纠纷事项#消费问题#报警电话:186****3158,消费纠纷,消费纠纷,0.9
YJIW202505310001,#长效关注#我喝过酒，哥哥不让我回家，需要处理    180****0023 #非警务#纠纷事项#家庭婚姻感情问题#报警电话:180****0023,家庭婚姻纠纷,家庭婚姻纠纷,0.9
YJIW202505310002,我提前一个月定的包厢，现在店家说已经定给别人了，产生纠纷，报警人150****7978 #非警务#纠纷事项#消费问题#报警电话:150****7978,消费纠纷,消费纠纷,0.9
YJIW202505310003,小区旁边垃圾堆满了，没人来处理，导致夏天蚊虫蛇很多，影响居民生活。158****3001 #非警务#纠纷事项#物业管理问题#报警电话:158****3001,环保纠纷,环保纠纷,0.9
YJIW202505310004,因为移车问题，对方车主人在现场，不愿移车。130****9480 #非警务#纠纷事项#其他纠纷事项#报警电话:130****9480,经济纠纷,街面秩序,0.9
YJIW202505310005,因为移车问题，对方车主人在现场，不愿移车。130****9480 #非警务#纠纷事项#其他纠纷事项#报警电话:130****9480,经济纠纷,街面秩序,0.9
ZHSW202505010001,#长效关注#我外孙一直打游戏，不肯听，引起纠纷，136****3451 #非警务#纠纷事项#家庭婚姻感情问题#报警电话:136****3451,家庭婚姻纠纷,家庭婚姻纠纷,0.9
ZHSW202505020101,有人故意用车子堵路，产生纠纷，报警人电话：180****3326 #非警务#纠纷事项#其他纠纷事项#报警电话:180****3326,其他纠纷,街面秩序,0.9
ZHSW202505030001,外地人造房子，把我家门口的路挖掉了，现我回不去，他们还要打人。151****1788 #非警务#纠纷事项#其他纠纷事项#报警电话:151****1788,邻里纠纷,工程施工纠纷,0.9
ZHSW202505040401,有人用了我的桌子不付钱引起纠纷。131****1079 #非警务#纠纷事项#消费问题#报警电话:131****1079,消费纠纷,消费纠纷,0.9
ZHSW202505050001,对方来买东西少付了钱，需要处理  131****2435 #非警务#纠纷事项#消费问题#报警电话:131****2435,消费纠纷,消费纠纷,0.9
ZHSW202505070005,#矛调类其他#蜜岩村村民徐永伟家住在宁波清澄农林产业发展有限公司旁边，徐永伟反应自己上晚班，白天要休息。但是隔壁公司每天竹子加工噪音很大，影响其睡眠。要求帮忙协调处理。,邻里纠纷,噪声污染,0.9
ZHSW202505080205,#邻里纠纷#王某与王某系兄弟关系因家庭爭吵打斗村调解不成。,家庭婚姻纠纷,家庭婚姻纠纷,0.9
ZHSW202505080401,我轮胎漏气了，在平台上叫了救援，谈好价钱，我交了160元钱，对方又反悔说钱不够，要加钱才过来。电话：189****5496 #非警务#纠纷事项#消费问题#报警电话:189****5496,经济纠纷,消费纠纷,0.9
ZHSW202505130401,#长效关注#因山上的毛竹被砍错了，另一人称是书记让我砍毛竹，砍错了赔偿给村民，现因赔偿问题引起纠纷，报警人138****5652 #非警务#纠纷事项#经济（债务）问题#报警电话:138****5652,债务纠纷,损害赔偿纠纷,0.9
ZHSW202505140002,#邻里纠纷#网格员在区域内巡查时候未发现异常。,其他纠纷,其他,0.9
ZHSW202505140201,#婚姻家庭纠纷#网格员在区域内巡查时候未发现异常。,家庭婚姻纠纷,家庭婚姻纠纷,0.9
ZHSW202505140307,村民周文雅反应在上班途中发生交通事故，要求所在单位进行赔偿。所在公司认为是这次事故的主要责任人不属于工商赔偿范围，不予赔付，双方发生矛盾，要求调解。,经济纠纷,劳动人事（就业）纠纷,0.9
ZHSW202505170001,因老爷爷怀疑我的狗把他的鸡咬死了，双方发生纠纷 177****1611 #非警务#纠纷事项#其他纠纷事项#报警电话:177****1611,经济纠纷,狗患纠纷,0.9
ZHSW202505180101,装修完我把钱给装修公司了，对方没有把装修款给材料方，现材料方来我家说要把东西拆走引起纠纷，报警人188****4697 #非警务#纠纷事项#劳资问题#报警电话:188****4697,劳动人事（就业）纠纷,消费纠纷,0.9
ZHSW202505200201,#长效关注#工作人员报警：有一个老人点错了套餐，现在对方在这里吵。176****0627 #非警务#纠纷事项#消费问题#报警电话:176****0627,消费纠纷,消费纠纷,0.9
ZHSW202505200202,#长效关注#辅助：工作人员报警：有一个老人点错了套餐，现在对方在这里吵。176****0627 #非警务#纠纷事项#消费问题#报警电话:176****0627,消费纠纷,消费纠纷,0.9
ZHSW202505200203,我是滴滴司机，我把醉酒乘客送到后，因为收费发生了纠纷，后称乘客动手打其，159****0955 #非警务#纠纷事项#司乘（代驾）问题#报警电话:159****0955,消费纠纷,消费纠纷,0.9
ZHSW202505200204,我打了滴滴车，因价钱有纠纷，司机称我打他。151****7516 #非警务#纠纷事项#司乘（代驾）问题#报警电话:151****7516,消费纠纷,消费纠纷,0.9
ZHSW202505200205,我打了滴滴车，因价钱有纠纷，司机称我打他。151****7516（来电催促，称对方叫黑社会要来打我） #非警务#纠纷事项#司乘（代驾）问题#报警电话:151****7516,消费纠纷,消费纠纷,0.9
ZHSW202505210401,老年人报警，这里放出来的水是黑色，没有人管，具体地址请与报警人联系，电话159****5370 #非警务#纠纷事项#其他纠纷事项#报警电话:159****5370,其他纠纷,环保纠纷,0.9
ZHSW202505220401,报警人来电称自己的鸡被人踩死了，对方不肯赔付，双方引起纠纷，需要处理，报警人电话：139****0442 #非警务#纠纷事项#经济（债务）问题#报警电话:139****0442,经济纠纷,经济纠纷,0.9
ZHSW202505220402,这里有纠纷要处理，具体情况不肯说，就要人过去，报警人：187****2373 #非警务#纠纷事项#其他纠纷事项#报警电话:187****2373,其他纠纷,其他纠纷,0.9
ZHSW202505230401,"老年人报警称我的房子漏水，找对方修房子，没多久又漏水，询问具体门牌号一直不回答。报警人电话：153****0781。
报警人匹配信息：浙江省宁波市海曙区章水镇燕麻村燕子窠2组35号。 #非警务#纠纷事项#消费问题#报警电话:153****0781",物业管理纠纷,消费纠纷,0.9
ZHSW202505250201,有人将鹅养在我家后门，后门被弄得一塌糊涂，具体地址请与报警人联系，报警人电话：135****7231 #非警务#纠纷事项#其他纠纷事项#报警电话:135****7231,其他纠纷,邻里纠纷,0.9
ZHSW202505250202,有人将鹅养在我家后门，后门被弄得一塌糊涂，具体地址请与报警人联系，报警人电话：135****7231（再次来电询问刚才报的警。辅助下单） #非警务#纠纷事项#其他纠纷事项#报警电话:135****7231,其他纠纷,邻里纠纷,0.9
ZHSW202505270201,快递驿站把我的快递弄丢了，现对方不处理，并且态度很差，173****0791 #非警务#纠纷事项#物流（快递）问题#报警电话:173****0791,消费纠纷,消费纠纷,0.9
ZHSW202505280401,2025年5月27日9时23分许，接报警人钱信芬（3302*****8262）称在章水镇蜜岩村我的房子被人换锁了，需要报案，民警到达现场后，经了解系钱信芬（3302*****8262）与应素芬（3302*****8226）因家庭房产归属权问题产生矛盾，一方已走法律途径。后续如果有问题麻烦镇村两级密切关注。,房地产纠纷,家庭婚姻纠纷,0.9
ZHSW202505280402,2025年5月27日9时23分许，接报警人钱信芬（3302*****8262）称在章水镇蜜岩村我的房子被人换锁了，需要报案，民警到达现场后，经了解系钱信芬（3302*****8262）与应素芬（3302*****8226）因家庭房产归属权问题产生矛盾，一方已走法律途径。后续如果有问题麻烦镇村两级密切关注。,房地产纠纷,家庭婚姻纠纷,0.9
ZHSW202505300401,劳务公司让我过来工作，我们到了，中介离职了，没有人给我介绍工作，引起纠纷。199****2341 #非警务#纠纷事项#其他纠纷事项#报警电话:199****2341,其他纠纷,劳动人事（就业）纠纷,0.9
ZHSW202505300402,邻居在拆房子，导致我家房子要变成危房了，产生纠纷，报警人电话：151****6507 #非警务#纠纷事项#邻里问题#报警电话:151****6507,邻里纠纷,邻里纠纷,0.9
